id,node_code,region,latitude,longitude,gen_type,Pmin,capacity_mw,om_cost
1,AB,AB,55.264846,-112.120027,biomass,0.4,131,7.07
2,AB,AB,49.641708,-113.491982,wind_onshore,0,73,0
3,AB,AB,50.490504,-111.652481,NG_SC,0,7,6.88
4,AB,AB,50.165781,-113.615453,NG_SC,0,10,6.88
5,AB,AB,53.78278,-113.109585,NG_CG,0,106,2.73
6,AB,AB,54.127889,-115.665862,NG_SC,0,63,6.88
7,AB,AB,49.641708,-113.491982,wind_onshore,0,68,0
8,AB,AB,54.941979,-117.202936,NG_CG,0,36,2.73
9,AB,AB,54.941979,-117.202936,NG_CG,0,64,2.73
10,AB,AB,52.302068,-113.728788,NG_CG,0,6.05,2.73
11,AB,AB,50.710701,-111.091596,wind_onshore,0,18,0
12,AB,AB,50.710701,-111.091596,wind_onshore,0,16,0
13,AB,AB,50.710701,-111.091596,wind_onshore,0,18,0
14,AB,AB,50.710701,-111.091596,wind_onshore,0,11,0
15,AB,AB,52.430225,-111.755051,NG_SC,0,5,6.88
16,AB,AB,52.647792,-115.081306,hydro_daily,0,60,5
17,AB,AB,52.647792,-115.081306,hydro_daily,0,60,5
18,AB,AB,52.651507,-115.078971,NG_CG,0,6,2.73
19,AB,AB,50.9713,-113.8858,solar_PV,0,27,0
20,AB,AB,49.569205,-113.82165,hydro_run,0,2.7,1
21,AB,AB,51.026456,-114.037616,biomass,0.4,10,7.07
22,AB,AB,52.468326,-112.132548,NG_CC,0,155,2.73
23,AB,AB,52.468326,-112.132548,NG_CC,0,395,2.73
24,AB,AB,52.91151,-115.373052,hydro_daily,0,162,5
25,AB,AB,52.91151,-115.373052,hydro_daily,0,200,5
26,AB,AB,52.468326,-112.132548,coal,0,148,6.58
27,AB,AB,52.468326,-112.132548,coal,0,407,6.58
28,AB,AB,49.650996,-111.291014,solar_PV,0,11,0
29,AB,AB,50.556597,-112.017257,solar_PV,0,13,0
30,AB,AB,50.556597,-112.017257,solar_PV,0,14,0
31,AB,AB,51.010413,-114.166987,hydro_run,0,11.2,1
32,AB,AB,50.556597,-112.017257,solar_PV,0,15,0
33,AB,AB,51.010413,-114.166987,hydro_daily,0,17,5
34,AB,AB,50.136419,-112.883915,wind_onshore,0,300,0
35,AB,AB,52.302068,-113.728788,wind_onshore,0,66,0
36,AB,AB,52.405529,-110.579964,wind_onshore,0,13.6,0
37,AB,AB,52.405529,-110.579964,wind_onshore,0,15.3,0
38,AB,AB,49.650996,-111.291014,solar_PV,0,20,0
39,AB,AB,51.178852,-113.938255,NG_CC,0,330,2.73
40,AB,AB,53.516682,-116.604432,NG_CC,0,450,2.73
41,AB,AB,53.516682,-116.604432,NG_CC,0,450,2.73
42,AB,AB,50.17756,-110.480231,biomass,0.4,42,7.07
43,AB,AB,49.827779,-112.735101,hydro_run,0,15,1
44,AB,AB,50.180374,-110.481204,solar_PV,0,15,0
45,AB,AB,55.560303,-110.914388,NG_CG,0,100,2.73
46,AB,AB,50.165781,-113.615453,solar_PV,0,58,0
47,AB,AB,50.165781,-113.615453,solar_PV,0,75,0
48,AB,AB,50.259286,-112.76472,solar_PV,0,41,0
49,AB,AB,50.259286,-112.76472,solar_PV,0,34,0
50,AB,AB,50.17756,-110.480231,NG_CC,0,299,2.73
51,AB,AB,57.340441,-111.757946,NG_CG,0,203,2.73
52,AB,AB,49.827779,-112.735101,NG_CG,0,5,2.73
53,AB,AB,49.827779,-112.735101,solar_PV,0,22,0
54,AB,AB,49.650996,-111.291014,solar_PV,0,41,0
55,AB,AB,49.650996,-111.291014,solar_PV,0,41,0
56,AB,AB,49.516081,-114.027645,wind_onshore,0,20,0
57,AB,AB,53.019004,-113.485876,NG_CG,0,10,2.73
58,AB,AB,49.557522,-113.961163,wind_onshore,0,76.2,0
59,AB,AB,49.557522,-113.961163,wind_onshore,0,29.4,0
60,AB,AB,51.43106,-113.837955,NG_SC,0,48,6.88
61,AB,AB,51.43106,-113.837955,NG_SC,0,48,6.88
62,AB,AB,51.43106,-113.837955,NG_SC,0,48,6.88
63,AB,AB,49.515911,-114.026624,wind_onshore,0,39,0
64,AB,AB,50.495098,-116.117825,hydro_daily,0,17,5
65,AB,AB,50.495098,-116.117825,hydro_daily,0,18,5
66,AB,AB,49.841247,-110.521769,wind_onshore,0,196,0
67,AB,AB,49.841247,-110.521769,wind_onshore,0,46,0
68,AB,AB,56.277074,-116.975322,biomass,0.4,52,7.07
69,AB,AB,50.9713,-113.8858,solar_PV,0,35,0
70,AB,AB,52.236765,-113.86917,hydro_run,0,5.6,1
71,AB,AB,52.236765,-113.86917,hydro_run,0,5.6,1
72,AB,AB,52.236765,-113.86917,hydro_run,0,5.6,1
73,AB,AB,50.17756,-110.480231,solar_PV,0,216,0
74,AB,AB,53.740713,-113.208299,NG_CG,0,326,2.73
75,AB,AB,49.515549,-113.923193,NG_SC,0,6,6.88
76,AB,AB,54.127889,-115.665862,biomass,0.4,25,7.07
77,AB,AB,50.961652,-113.719549,NG_CC,0,120,2.73
78,AB,AB,55.407268,-110.742939,NG_CG,0,98,2.73
79,AB,AB,50.9713,-113.8858,NG_CC,0,868,2.73
80,AB,AB,50.678091,-110.026756,solar_PV,0,39,0
81,AB,AB,53.587993,-113.365002,NG_SC,0,48,6.88
82,AB,AB,53.587993,-113.365002,NG_SC,0,101,6.88
83,AB,AB,53.587993,-113.365002,NG_SC,0,101,6.88
84,AB,AB,50.165781,-113.615453,solar_PV,0,94,0
85,AB,AB,50.678091,-110.026756,NG_CG,0,46,2.73
86,AB,AB,51.442463,-112.211905,solar_PV,0,75,0
87,AB,AB,57.390711,-111.587174,NG_CG,0,199,2.73
88,AB,AB,49.610195,-111.17482,wind_onshore,0,200,0
89,AB,AB,49.610195,-111.17482,wind_onshore,0,266,0
90,AB,AB,51.975318,-111.836553,wind_onshore,0,130,0
91,AB,AB,54.127889,-115.665862,NG_SC,0,15,6.88
92,AB,AB,54.6139,-115.567253,NG_SC,0,15,6.88
93,AB,AB,51.010413,-114.166987,hydro_daily,0,16,5
94,AB,AB,51.010413,-114.166987,hydro_daily,0,16,5
95,AB,AB,51.010413,-114.166987,hydro_daily,0,16,5
96,AB,AB,51.010413,-114.166987,hydro_daily,0,28,5
97,AB,AB,53.450461,-114.447566,coal,0,422,6.58
98,AB,AB,53.450461,-114.447566,coal,0,422,6.58
99,AB,AB,53.450461,-114.447566,coal,0,527,6.58
100,AB,AB,53.450461,-114.447566,NG_CC,0,466,2.73
101,AB,AB,53.450461,-114.447566,NG_SC,0,411,6.88
102,AB,AB,53.450461,-114.447566,NG_SC,0,411,6.88
103,AB,AB,54.941979,-117.202936,biomass,0.4,5,7.07
104,AB,AB,54.941979,-117.202936,biomass,0.4,18,7.07
105,AB,AB,52.607934,-111.239288,wind_onshore,0,152,0
106,AB,AB,49.641708,-113.491982,wind_onshore,0,71,0
107,AB,AB,52.279408,-112.049138,wind_onshore,0,150,0
108,AB,AB,51.442463,-112.211905,wind_onshore,0,145,0
109,AB,AB,50.55718,-110.118844,wind_onshore,0,100,0
110,AB,AB,51.677317,-114.270287,NG_CG,0,45,2.73
111,AB,AB,54.941979,-117.202936,NG_CC,0,300,2.73
112,AB,AB,53.780457,-113.125985,NG_CG,0,102,2.73
113,AB,AB,50.598059,-113.714479,NG_SC,0,10,6.88
114,AB,AB,50.598059,-113.714479,NG_SC,0,10,6.88
115,AB,AB,51.010413,-114.166987,hydro_run,0,5,1
116,AB,AB,51.010413,-114.166987,hydro_run,0,3,1
117,AB,AB,51.010413,-114.166987,hydro_run,0,3,1
118,AB,AB,51.010413,-114.166987,hydro_run,0,5,1
119,AB,AB,54.6139,-115.567253,NG_CC,0,7,2.73
120,AB,AB,50.136003,-112.72442,solar_PV,0,25,0
121,AB,AB,50.490504,-111.652481,solar_PV,0,23,0
122,AB,AB,49.72934,-112.836625,hydro_run,0,7,1
123,AB,AB,49.569205,-113.82165,wind_onshore,0,66,0
124,AB,AB,49.569205,-113.82165,wind_onshore,0,66,0
125,AB,AB,50.495098,-116.117825,hydro_run,0,5,1
126,AB,AB,52.048566,-113.849874,solar_PV,0,22,0
127,AB,AB,54.586261,-110.810573,NG_CG,0,180,2.73
128,AB,AB,54.586261,-110.810573,NG_CG,0,195,2.73
129,AB,AB,57.429335,-111.138592,NG_CG,0,84,2.73
130,AB,AB,53.539768,-113.371343,NG_CG,0,43,2.73
131,AB,AB,50.710701,-111.091596,solar_PV,0,23,0
132,AB,AB,52.302068,-113.728788,solar_PV,0,25,0
133,AB,AB,52.302068,-113.728788,solar_PV,0,22,0
134,AB,AB,50.822772,-111.066735,wind_onshore,0,122.4,0
135,AB,AB,50.822772,-111.066735,wind_onshore,0,71.4,0
136,AB,AB,50.822772,-111.066735,wind_onshore,0,109.2,0
137,AB,AB,52.302068,-113.728788,NG_CG,0,474,2.73
138,AB,AB,54.127889,-115.665862,NG_CG,0,40,2.73
139,AB,AB,53.450461,-114.447566,NG_CC,0,395,2.73
140,AB,AB,53.450461,-114.447566,NG_CC,0,466,2.73
141,AB,AB,53.450461,-114.447566,coal,0,434,6.58
142,AB,AB,53.450461,-114.447566,coal,0,434,6.58
143,AB,AB,53.450461,-114.447566,coal,0,498,6.58
144,AB,AB,49.569205,-113.82165,wind_onshore,0,63,0
145,AB,AB,53.462193,-113.562297,solar_PV,0,7,0
146,AB,AB,53.462193,-113.562297,solar_PV,0,7,0
147,AB,AB,51.010413,-114.166987,hydro_run,0,4.5,1
148,AB,AB,51.010413,-114.166987,hydro_run,0,4.5,1
149,AB,AB,51.010413,-114.166987,hydro_run,0,10,1
150,AB,AB,51.405301,-110.561189,wind_onshore,0,152,0
151,AB,AB,49.641708,-113.491982,wind_onshore,0,3,0
152,AB,AB,51.442463,-112.211905,solar_PV,0,14,0
153,AB,AB,49.827779,-112.735101,NG_SC,0,8,6.88
154,AB,AB,49.650996,-111.291014,NG_SC,0,7,6.88
155,AB,AB,49.827779,-112.735101,NG_SC,0,6,6.88
156,AB,AB,49.641708,-113.491982,NG_SC,0,4,6.88
157,AB,AB,55.663743,-110.718669,NG_CG,0,202,2.73
158,AB,AB,51.442463,-112.211905,solar_PV,0,25,0
159,AB,AB,57.252788,-111.5059,NG_CG,0,202,2.73
160,AB,AB,57.041154,-111.90433,NG_CG,0,207,2.73
161,AB,AB,49.72934,-112.836625,solar_PV,0,24,0
162,AB,AB,55.763714,-120.446507,NG_CG,0,5,2.73
163,AB,AB,50.490504,-111.652481,NG_SC,0,20,6.88
164,AB,AB,52.048566,-113.849874,wind_onshore,0,82,0
165,AB,AB,50.961652,-113.719549,solar_PV,0,26,0
166,AB,AB,55.184336,-120.854741,NG_SC,0,3,6.88
167,AB,AB,55.184336,-120.854741,NG_SC,0,9,6.88
168,AB,AB,55.184336,-120.854741,NG_SC,0,9,6.88
169,AB,AB,55.763714,-120.446507,NG_SC,0,105,6.88
170,AB,AB,54.127889,-115.665862,biomass,0.4,16,7.07
171,AB,AB,51.179623,-113.937546,NG_CC,0,120,2.73
172,AB,AB,56.304591,-110.950917,NG_CG,0,220,2.73
173,AB,AB,49.557522,-113.961163,hydro_daily,0,16,5
174,AB,AB,49.557522,-113.961163,hydro_daily,0,16,5
175,AB,AB,49.569205,-113.82165,wind_onshore,0,3.6,0
176,AB,AB,49.569205,-113.82165,wind_onshore,0,46,0
177,AB,AB,52.173999,-112.049392,wind_onshore,0,198,0
178,AB,AB,50.495098,-116.117825,hydro_run,0,12,1
179,AB,AB,54.586261,-110.810573,NG_CG,0,16,2.73
180,AB,AB,55.763714,-120.446507,NG_SC,0,48,6.88
181,AB,AB,52.91151,-115.373052,NG_SC,0,13,6.88
182,AB,AB,54.586261,-110.810573,NG_CG,0,100,2.73
183,AB,AB,56.180774,-120.909356,NG_SC,0,50,6.88
184,AB,AB,49.557522,-113.961163,wind_onshore,0,105,0
185,AB,AB,56.180774,-120.909356,NG_CG,0,47,2.73
186,AB,AB,50.495098,-116.117825,hydro_daily,0,17,5
187,AB,AB,50.495098,-116.117825,hydro_daily,0,30,5
188,AB,AB,49.690975,-111.124167,wind_onshore,0,130,0
189,AB,AB,49.72934,-112.836625,hydro_run,0,20,1
190,AB,AB,56.985236,-111.547986,NG_CG,0,510,2.73
191,AB,AB,57.008701,-111.488731,NG_CG,0,50,2.73
192,AB,AB,49.72934,-112.836625,wind_onshore,0,30,0
193,AB,AB,49.827779,-112.735101,wind_onshore,0,30,0
194,AB,AB,51.442463,-112.211905,wind_onshore,0,88,0
195,AB,AB,57.008701,-111.488731,NG_CG,0,376,2.73
196,AB,AB,57.240951,-110.856838,NG_CG,0,497,2.73
197,AB,AB,53.507725,-114.553231,NG_CC,0,401,2.73
198,AB,AB,53.507725,-114.553231,coal,0,406,6.58
199,AB,AB,53.507725,-114.553231,coal,0,401,6.58
200,AB,AB,55.763714,-120.446507,NG_CG,0,10,2.73
201,AB,AB,50.598059,-113.714479,solar_PV,0,81,0
202,AB,AB,53.539768,-113.371343,NG_SC,0,20,6.88
203,AB,AB,49.641708,-113.491982,solar_PV,0,30,0
204,AB,AB,51.442782,-111.793685,NG_CC,0,400,2.73
205,AB,AB,51.442782,-111.793685,NG_CC,0,400,2.73
206,AB,AB,51.442782,-111.793685,coal,0,408,6.58
207,AB,AB,51.442782,-111.793685,coal,0,408,6.58
208,AB,AB,52.259814,-114.290165,NG_CG,0,19,2.73
209,AB,AB,51.736889,-110.643615,wind_onshore,0,297,0
210,AB,AB,53.740713,-113.208299,NG_SC,0,10,6.88
211,AB,AB,49.516489,-113.926088,wind_onshore,0,6.5,0
212,AB,AB,55.267832,-114.578894,biomass,0.4,9,7.07
213,AB,AB,51.43106,-113.837955,solar_PV,0,75,0
214,AB,AB,49.641708,-113.491982,hydro_run,0,2,1
215,AB,AB,50.495098,-116.117825,hydro_daily,0,46,5
216,AB,AB,50.495098,-116.117825,hydro_daily,0,46,5
217,AB,AB,55.267832,-114.578894,biomass,0.4,20,7.07
218,AB,AB,50.961652,-113.719549,solar_PV,0,18,0
219,AB,AB,50.961652,-113.719549,solar_PV,0,23,0
220,AB,AB,50.165781,-113.615453,solar_PV,0,17,0
221,AB,AB,50.490504,-111.652481,solar_PV,0,23,0
222,AB,AB,49.72934,-112.836625,wind_onshore,0,113,0
223,AB,AB,49.650996,-111.291014,wind_onshore,0,81,0
224,AB,AB,49.72934,-112.836625,hydro_run,0,14,1
225,AB,AB,50.955789,-113.718899,NG_CG,0,95,2.73
226,AB,AB,53.838587,-113.112196,NG_CG,0,92,2.73
227,AB,AB,50.490504,-111.652481,solar_PV,0,21,0
228,AB,AB,53.516682,-116.604432,NG_CG,0,13,2.73
229,AB,AB,51.431387,-113.837206,solar_PV,0,25,0
230,AB,AB,50.495098,-116.117825,hydro_run,0,3,1
231,AB,AB,50.259286,-112.76472,solar_PV,0,465,0
232,AB,AB,53.530046,-113.499495,NG_CG,0,39,2.73
233,AB,AB,51.010413,-114.166987,NG_CG,0,12,2.73
234,AB,AB,50.260017,-112.765177,solar_PV,0,22,0
235,AB,AB,54.941979,-117.202936,NG_SC,0,50,6.88
236,AB,AB,54.941979,-117.202936,NG_SC,0,50,6.88
237,AB,AB,50.136003,-112.72442,solar_PV,0,22,0
238,AB,AB,56.277074,-116.975322,NG_SC,0,20,6.88
239,AB,AB,50.259286,-112.76472,solar_PV,0,50,0
240,AB,AB,49.650996,-111.291014,solar_PV,0,19,0
241,AB,AB,55.763714,-120.446507,NG_CG,0,19,2.73
242,AB,AB,54.941979,-117.202936,biomass,0.4,48,7.07
243,AB,AB,51.442463,-112.211905,wind_onshore,0,120,0
244,AB,AB,49.650996,-111.291014,wind_onshore,0,201.6,0
245,AB,AB,49.650996,-111.291014,wind_onshore,0,97,0
246,AB,AB,52.651507,-115.078971,NG_SC,0,9,6.88
247,AB,AB,49.690975,-111.124167,wind_onshore,0,122.3,0
248,AB,AB,49.641708,-113.491982,wind_onshore,0,206.4,0
249,AB,AB,54.155822,-114.473306,biomass,0.4,18,7.07
250,AB,AB,49.515549,-113.923193,hydro_run,0,2.7,1
251,AB,AB,49.515549,-113.923193,wind_onshore,0,3.9,0
252,AB,AB,53.516682,-116.604432,biomass,0.4,50,7.07
253,AB,AB,51.442782,-111.793685,solar_PV,0,6,0
254,BC,BC,49.500543,-115.580487,hydro_daily,0,8,5
255,BC,BC,49.500543,-115.580487,hydro_daily,0,8,5
256,BC,BC,49.500543,-115.580487,hydro_daily,0,8,5
257,BC,BC,49.343024,-117.768849,hydro_daily,0,92.5,5
258,BC,BC,49.343024,-117.768849,hydro_daily,0,92.5,5
259,BC,BC,50.985679,-118.204474,hydro_run,0,10,1
260,BC,BC,49.069045,-122.297098,hydro_daily,0,9,5
261,BC,BC,49.392836,-124.671575,hydro_daily,0,28,5
262,BC,BC,49.913835,-123.324819,hydro_run,0,49.9,1
263,BC,BC,50.105418,-121.567372,hydro_run,0,9,1
264,BC,BC,50.635524,-123.405928,hydro_run,0,25.3,1
265,BC,BC,50.090404,-123.034464,hydro_run,0,7.6,1
266,BC,BC,49.913835,-123.324819,hydro_run,0,10,1
267,BC,BC,49.913835,-123.324819,hydro_run,0,10,1
268,BC,BC,55.763714,-120.446507,wind_onshore,0,102,0
269,BC,BC,52.075872,-118.570515,hydro_run,0,20,1
270,BC,BC,49.453258,-117.517897,hydro_run,0,16.2,1
271,BC,BC,49.523649,-123.489978,hydro_run,0,14.7,1
272,BC,BC,50.72985,-122.240038,hydro_daily,0,52,5
273,BC,BC,50.72985,-122.240038,hydro_daily,0,52,5
274,BC,BC,50.72985,-122.240038,hydro_daily,0,52,5
275,BC,BC,50.72985,-122.240038,hydro_daily,0,52,5
276,BC,BC,50.72985,-122.240038,hydro_daily,0,75,5
277,BC,BC,50.72985,-122.240038,hydro_daily,0,75,5
278,BC,BC,50.72985,-122.240038,hydro_daily,0,75,5
279,BC,BC,50.72985,-122.240038,hydro_daily,0,75,5
280,BC,BC,49.789185,-126.064258,hydro_run,0,4,1
281,BC,BC,49.323118,-117.619793,hydro_daily,0,37.5,5
282,BC,BC,49.323118,-117.619793,hydro_daily,0,37.5,5
283,BC,BC,49.323118,-117.619793,hydro_daily,0,37.5,5
284,BC,BC,49.323118,-117.619793,hydro_daily,0,37.5,5
285,BC,BC,49.759134,-122.205199,hydro_run,0,27.5,1
286,BC,BC,54.256795,-130.231685,hydro_daily,0,7.2,5
287,BC,BC,49.323118,-117.619793,hydro_daily,0,120,5
288,BC,BC,49.759134,-122.205199,hydro_run,0,40.6,1
289,BC,BC,53.007161,-122.496573,biomass,0.4,30.65,7.07
290,BC,BC,53.007161,-122.496573,biomass,0.4,30.65,7.07
291,BC,BC,49.392836,-124.671575,hydro_run,0,6.3,1
292,BC,BC,49.122453,-123.950849,biogas,0.4,1.26,9.72
293,BC,BC,48.82734,-123.716421,biomass,0.4,38,7.07
294,BC,BC,55.070415,-122.788399,biomass,0.4,36,7.07
295,BC,BC,50.754923,-120.80052,biogas,0.4,4.8,9.72
296,BC,BC,49.343024,-117.768849,biomass,0.4,100,7.07
297,BC,BC,49.933702,-123.290985,hydro_daily,0,90,5
298,BC,BC,49.933702,-123.290985,hydro_daily,0,90,5
299,BC,BC,49.392836,-124.671575,hydro_run,0,5.5,1
300,BC,BC,49.523649,-123.489978,hydro_daily,0,45,5
301,BC,BC,49.453258,-117.517897,hydro_daily,0,17,5
302,BC,BC,49.453258,-117.517897,hydro_daily,0,17,5
303,BC,BC,49.453258,-117.517897,hydro_daily,0,17,5
304,BC,BC,50.985679,-118.204474,hydro_run,0,3,1
305,BC,BC,49.500543,-115.580487,biomass,0.4,51,7.07
306,BC,BC,49.735535,-114.858257,biomass,0.4,10.5,7.07
307,BC,BC,53.020438,-122.429605,hydro_run,0,6,1
308,BC,BC,49.249427,-123.197669,biomass,0.4,2,7.07
309,BC,BC,49.789185,-126.064258,wind_onshore,0,99.2,0
310,BC,BC,49.790166,-123.160951,hydro_run,0,15,1
311,BC,BC,55.723487,-121.565045,biomass,0.4,12,7.07
312,BC,BC,49.789185,-126.064258,hydro_run,0,2.83,1
313,BC,BC,49.759134,-122.205199,hydro_run,0,28.76,1
314,BC,BC,55.781694,-122.226925,wind_onshore,0,144,0
315,BC,BC,54.45228,-128.632826,hydro_run,0,20,1
316,BC,BC,49.392836,-124.671575,hydro_run,0,6,1
317,BC,BC,49.906798,-119.347162,hydro_daily,0,1.1,5
318,BC,BC,49.500543,-115.580487,hydro_daily,0,5.6,5
319,BC,BC,49.500543,-115.580487,hydro_daily,0,5.6,5
320,BC,BC,50.675081,-123.960276,hydro_run,0,147.3,1
321,BC,BC,53.020438,-122.429605,hydro_run,0,1.6,1
322,BC,BC,54.000696,-124.072755,biomass,0.4,40,7.07
323,BC,BC,56.711854,-130.685908,hydro_run,0,21.7,1
324,BC,BC,56.711854,-130.685908,hydro_run,0,21.7,1
325,BC,BC,56.711854,-130.685908,hydro_run,0,21.7,1
326,BC,BC,56.711854,-130.685908,hydro_run,0,21.7,1
327,BC,BC,56.711854,-130.685908,hydro_run,0,21.7,1
328,BC,BC,56.711854,-130.685908,hydro_run,0,21.7,1
329,BC,BC,56.711854,-130.685908,hydro_run,0,21.7,1
330,BC,BC,56.711854,-130.685908,hydro_run,0,21.7,1
331,BC,BC,56.711854,-130.685908,hydro_run,0,21.7,1
332,BC,BC,54.256795,-130.231685,hydro_daily,0,3.5,5
333,BC,BC,54.256795,-130.231685,hydro_daily,0,3.5,5
334,BC,BC,56.994182,-126.75829,NG_CC,0,52.2,2.73
335,BC,BC,56.994182,-126.75829,NG_CC,0,28,2.73
336,BC,BC,49.759134,-122.205199,hydro_run,0,25.28,1
337,BC,BC,49.523649,-123.489978,hydro_run,0,10.4,1
338,BC,BC,49.198157,-123.115357,biogas,0.4,1.03,9.72
339,BC,BC,54.074358,-125.015718,biomass,0.4,6,7.07
340,BC,BC,54.074358,-125.015718,biomass,0.4,6,7.07
341,BC,BC,49.790166,-123.160951,hydro_run,0,7.9,1
342,BC,BC,51.281768,-116.994352,biomass,0.4,7.5,7.07
343,BC,BC,56.013887,-122.197188,hydro_monthly,0,305,2
344,BC,BC,56.013887,-122.197188,hydro_monthly,0,305,2
345,BC,BC,56.013887,-122.197188,hydro_monthly,0,305,2
346,BC,BC,56.013887,-122.197188,hydro_monthly,0,305,2
347,BC,BC,56.013887,-122.197188,hydro_monthly,0,305,2
348,BC,BC,56.013887,-122.197188,hydro_monthly,0,305,2
349,BC,BC,56.013887,-122.197188,hydro_monthly,0,305,2
350,BC,BC,56.013887,-122.197188,hydro_monthly,0,305,2
351,BC,BC,56.013887,-122.197188,hydro_monthly,0,305,2
352,BC,BC,56.013887,-122.197188,hydro_monthly,0,305,2
353,BC,BC,49.392836,-124.671575,hydro_run,0,6,1
354,BC,BC,52.075872,-118.570515,hydro_run,0,2.4,1
355,BC,BC,49.122453,-123.950849,biomass,0.4,55,7.07
356,BC,BC,49.236392,-121.680559,hydro_run,0,11,1
357,BC,BC,49.523649,-123.489978,biomass,0.4,112,7.07
358,BC,BC,48.566978,-123.412041,biogas,0.4,1.8,9.72
359,BC,BC,49.092139,-123.041678,biogas,0.4,8.8,9.72
360,BC,BC,52.075872,-118.570515,hydro_run,0,5.7,1
361,BC,BC,49.789185,-126.064258,NG_CC,0,275,2.73
362,BC,BC,53.85023,-122.608969,biomass,0.4,31.7,7.07
363,BC,BC,49.789185,-126.064258,hydro_daily,0,46,5
364,BC,BC,49.789185,-126.064258,hydro_daily,0,46,5
365,BC,BC,49.789185,-126.064258,hydro_daily,0,46,5
366,BC,BC,50.604008,-124.024891,hydro_run,0,62,1
367,BC,BC,50.635524,-123.405928,hydro_run,0,21.3,1
368,BC,BC,48.490565,-123.458141,hydro_daily,0,170,5
369,BC,BC,50.105418,-121.567372,hydro_run,0,50,1
370,BC,BC,49.453258,-117.517897,hydro_daily,0,146.25,5
371,BC,BC,49.453258,-117.517897,hydro_daily,0,146.25,5
372,BC,BC,49.453258,-117.517897,hydro_daily,0,146.25,5
373,BC,BC,49.453258,-117.517897,hydro_daily,0,146.25,5
374,BC,BC,50.680084,-120.282704,biomass,0.4,76,7.07
375,BC,BC,49.789185,-126.064258,hydro_run,0,45,1
376,BC,BC,53.563171,-127.942556,hydro_monthly,0,112,2
377,BC,BC,53.563171,-127.942556,hydro_monthly,0,112,2
378,BC,BC,53.563171,-127.942556,hydro_monthly,0,112,2
379,BC,BC,53.563171,-127.942556,hydro_monthly,0,112,2
380,BC,BC,53.563171,-127.942556,hydro_monthly,0,112,2
381,BC,BC,53.563171,-127.942556,hydro_monthly,0,112,2
382,BC,BC,53.563171,-127.942556,hydro_monthly,0,112,2
383,BC,BC,53.563171,-127.942556,hydro_monthly,0,112,2
384,BC,BC,50.72562,-122.25233,hydro_daily,0,25,5
385,BC,BC,49.309694,-122.806744,hydro_daily,0,55,5
386,BC,BC,49.453258,-117.517897,hydro_daily,0,16,5
387,BC,BC,49.453258,-117.517897,hydro_daily,0,16,5
388,BC,BC,49.453258,-117.517897,hydro_daily,0,14,5
389,BC,BC,49.913835,-123.324819,hydro_run,0,11,1
390,BC,BC,49.789185,-126.064258,hydro_daily,0,23.5,5
391,BC,BC,49.789185,-126.064258,hydro_daily,0,23.5,5
392,BC,BC,49.7871,-124.17721,hydro_run,0,37,1
393,BC,BC,56.7293,-130.597656,hydro_daily,0,15.5,5
394,BC,BC,56.7293,-130.597656,hydro_daily,0,15.5,5
395,BC,BC,49.236392,-121.680559,hydro_run,0,3.2,1
396,BC,BC,49.790166,-123.160951,hydro_run,0,58,1
397,BC,BC,52.075872,-118.570515,hydro_monthly,0,492,2
398,BC,BC,52.075872,-118.570515,hydro_monthly,0,492,2
399,BC,BC,52.075872,-118.570515,hydro_monthly,0,493.5,2
400,BC,BC,52.075872,-118.570515,hydro_monthly,0,493.5,2
401,BC,BC,52.075872,-118.570515,hydro_monthly,0,500,2
402,BC,BC,52.075872,-118.570515,hydro_monthly,0,500,2
403,BC,BC,49.789185,-126.064258,hydro_run,0,3.8,1
404,BC,BC,56.180774,-120.909356,NG_CG,0,60,2.73
405,BC,BC,56.180774,-120.909356,NG_CG,0,60,2.73
406,BC,BC,49.523649,-123.489978,hydro_run,0,9.8,1
407,BC,BC,50.279475,-122.859303,hydro_run,0,29.5,1
408,BC,BC,56.711854,-130.685908,hydro_run,0,66,1
409,BC,BC,50.180236,-120.389839,biomass,0.4,40,7.07
410,BC,BC,53.020438,-122.429605,hydro_run,0,1.2,1
411,BC,BC,55.28438,-121.458035,wind_onshore,0,184.6,0
412,BC,BC,55.285633,-121.298571,wind_onshore,0,15,0
413,BC,BC,49.392836,-124.671575,hydro_run,0,4.6,1
414,BC,BC,50.623136,-124.187332,hydro_run,0,77.9,1
415,BC,BC,54.000696,-124.072755,biomass,0.4,1.8,7.07
416,BC,BC,49.668833,-123.960396,hydro_run,0,33,1
417,BC,BC,52.305565,-122.21554,biomass,0.4,66,7.07
418,BC,BC,53.85023,-122.608969,biomass,0.4,94.5,7.07
419,BC,BC,49.759134,-122.205199,hydro_run,0,17.5,1
420,BC,BC,52.305565,-122.21554,biomass,0.4,6,7.07
421,BC,BC,49.392836,-124.671575,biomass,0.4,17,7.07
422,BC,BC,53.85023,-122.608969,biomass,0.4,4.4,7.07
423,BC,BC,55.983879,-121.996453,hydro_monthly,0,175,2
424,BC,BC,55.983879,-121.996453,hydro_monthly,0,175,2
425,BC,BC,55.983879,-121.996453,hydro_monthly,0,175,2
426,BC,BC,55.983879,-121.996453,hydro_monthly,0,175,2
427,BC,BC,53.85023,-122.608969,biomass,0.4,59.9,7.07
428,BC,BC,50.985679,-118.204474,hydro_run,0,45,1
429,BC,BC,49.7871,-124.17721,biomass,0.4,10,7.07
430,BC,BC,49.7871,-124.17721,biomass,0.4,38,7.07
431,BC,BC,50.180236,-120.389839,wind_onshore,0,15,0
432,BC,BC,53.85023,-122.608969,hydro_run,0,3.6,1
433,BC,BC,49.421647,-124.643303,hydro_daily,0,24,5
434,BC,BC,49.7871,-124.17721,hydro_run,0,46,1
435,BC,BC,55.184336,-120.854741,wind_onshore,0,142.2,0
436,BC,BC,51.049455,-118.197088,hydro_monthly,0,500,2
437,BC,BC,51.049455,-118.197088,hydro_monthly,0,500,2
438,BC,BC,51.049455,-118.197088,hydro_monthly,0,500,2
439,BC,BC,51.049455,-118.197088,hydro_monthly,0,500,2
440,BC,BC,51.049455,-118.197088,hydro_monthly,0,500,2
441,BC,BC,49.789185,-126.064258,hydro_daily,0,4,5
442,BC,BC,49.789185,-126.064258,hydro_daily,0,4,5
443,BC,BC,54.256795,-130.231685,NG_SC,0,23,6.88
444,BC,BC,54.256795,-130.231685,NG_SC,0,23,6.88
445,BC,BC,49.068673,-122.391564,hydro_daily,0,38.33,5
446,BC,BC,49.068673,-122.391564,hydro_daily,0,38.33,5
447,BC,BC,49.068673,-122.391564,hydro_daily,0,38.33,5
448,BC,BC,50.272785,-122.866516,hydro_run,0,50,1
449,BC,BC,50.985679,-118.204474,biomass,0.4,1.5,7.07
450,BC,BC,49.789185,-126.064258,hydro_daily,0,32.5,5
451,BC,BC,49.789185,-126.064258,hydro_daily,0,32.5,5
452,BC,BC,50.985679,-118.204474,hydro_run,0,8.5,1
453,BC,BC,49.523649,-123.489978,hydro_run,0,16.6,1
454,BC,BC,50.495098,-116.117825,hydro_run,0,5,1
455,BC,BC,49.217765,-122.96293,biomass,0.4,14,7.07
456,BC,BC,49.217765,-122.96293,biomass,0.4,24.8,7.07
457,BC,BC,49.030161,-117.504098,hydro_daily,0,201.25,5
458,BC,BC,49.030161,-117.504098,hydro_daily,0,201.25,5
459,BC,BC,49.030161,-117.504098,hydro_daily,0,201.25,5
460,BC,BC,49.030161,-117.504098,hydro_daily,0,201.25,5
461,BC,BC,49.068673,-122.391564,hydro_daily,0,45.5,5
462,BC,BC,49.068673,-122.391564,hydro_daily,0,45.5,5
463,BC,BC,49.480074,-119.552286,wind_onshore,0,15,0
464,BC,BC,50.561355,-118.993459,hydro_daily,0,5.8,5
465,BC,BC,49.759134,-122.205199,hydro_run,0,22.04,1
466,BC,BC,49.790166,-123.160951,hydro_run,0,25,1
467,BC,BC,49.176415,-121.775529,hydro_run,0,5.5,1
468,BC,BC,49.453258,-117.517897,hydro_daily,0,19,5
469,BC,BC,49.453258,-117.517897,hydro_daily,0,19,5
470,BC,BC,49.453258,-117.517897,hydro_daily,0,19,5
471,BC,BC,49.500543,-115.580487,solar_PV,0,1.1,0
472,BC,BC,50.72985,-122.240038,hydro_daily,0,48,5
473,BC,BC,50.279475,-122.859303,hydro_run,0,13.1,1
474,BC,BC,49.392836,-124.671575,hydro_run,0,4.9,1
475,BC,BC,56.180774,-120.909356,hydro_monthly,0,188.67,2
476,BC,BC,56.180774,-120.909356,hydro_monthly,0,188.67,2
477,BC,BC,56.180774,-120.909356,hydro_monthly,0,188.67,2
478,BC,BC,56.180774,-120.909356,hydro_monthly,0,188.67,2
479,BC,BC,56.180774,-120.909356,hydro_monthly,0,188.67,2
480,BC,BC,56.180774,-120.909356,hydro_monthly,0,188.67,2
481,BC,BC,55.502078,-121.617935,wind_onshore,0,15,0
482,BC,BC,50.754923,-120.80052,biomass,0.4,6,7.07
483,BC,BC,50.251765,-119.22887,biomass,0.4,20.4,7.07
484,BC,BC,49.812052,-119.446811,biomass,0.4,14.9,7.07
485,BC,BC,49.759134,-122.205199,hydro_run,0,19.36,1
486,BC,BC,49.759134,-122.205199,hydro_run,0,13.75,1
487,BC,BC,49.759134,-122.205199,hydro_run,0,21.2,1
488,BC,BC,49.668833,-123.960396,hydro_daily,0,9.3,5
489,BC,BC,49.453258,-117.517897,hydro_daily,0,5.5,5
490,BC,BC,49.453258,-117.517897,hydro_daily,0,5.5,5
491,BC,BC,49.453258,-117.517897,hydro_daily,0,5.5,5
492,BC,BC,49.453258,-117.517897,hydro_daily,0,5.5,5
493,BC,BC,49.453258,-117.517897,hydro_daily,0,22,5
494,BC,BC,49.453258,-117.517897,hydro_daily,0,19,5
495,BC,BC,49.913835,-123.324819,hydro_run,0,11,1
496,BC,BC,50.655463,-123.446059,hydro_run,0,81.4,1
497,BC,BC,49.790166,-123.160951,hydro_run,0,25,1
498,BC,BC,49.759134,-122.205199,hydro_run,0,33,1
499,BC,BC,49.759134,-122.205199,hydro_run,0,27,1
500,BC,BC,56.711854,-130.685908,hydro_run,0,17.8,1
501,BC,BC,49.092139,-123.041678,biogas,0.4,5.5,9.72
502,BC,BC,49.236392,-121.680559,hydro_daily,0,65,5
503,BC,BC,49.004675,-117.615993,hydro_daily,0,120,5
504,BC,BC,49.004675,-117.615993,hydro_daily,0,120,5
505,BC,BC,49.004675,-117.615993,hydro_daily,0,120,5
506,BC,BC,49.004675,-117.615993,hydro_daily,0,120,5
507,BC,BC,49.004675,-117.615993,hydro_daily,0,167.5,5
508,BC,BC,49.004675,-117.615993,hydro_daily,0,167.5,5
509,BC,BC,49.392836,-124.671575,hydro_run,0,4,1
510,BC,BC,50.72985,-122.240038,hydro_run,0,16,1
511,BC,BC,49.790166,-123.160951,biomass,0.4,1.6,7.07
512,BC,BC,50.13283,-122.954513,hydro_run,0,5.4,1
513,BC,BC,49.453258,-117.517897,hydro_daily,0,54,5
514,BC,BC,50.985679,-118.204474,hydro_daily,0,4,5
515,BC,BC,50.985679,-118.204474,hydro_daily,0,4,5
516,BC,BC,55.502078,-121.617935,wind_onshore,0,15,0
517,BC,BC,49.789185,-126.064258,hydro_daily,0,7.3,5
518,BC,BC,49.789185,-126.064258,hydro_daily,0,7.3,5
519,BC,BC,49.789185,-126.064258,hydro_daily,0,7.3,5
520,MB,MB,49.84512,-99.89605,NG_SC,0,140,6.88
521,MB,MB,49.84512,-99.89605,NG_SC,0,140,6.88
522,MB,MB,50.461609,-96.009471,hydro_daily,0,21.5,5
523,MB,MB,50.461609,-96.009471,hydro_daily,0,21.5,5
524,MB,MB,50.461609,-96.009471,hydro_daily,0,21.5,5
525,MB,MB,50.461609,-96.009471,hydro_daily,0,21.5,5
526,MB,MB,50.461609,-96.009471,hydro_daily,0,21.5,5
527,MB,MB,50.461609,-96.009471,hydro_daily,0,21.5,5
528,MB,MB,53.160035,-99.286258,hydro_daily,0,120,5
529,MB,MB,53.160035,-99.286258,hydro_daily,0,120,5
530,MB,MB,53.160035,-99.286258,hydro_daily,0,120,5
531,MB,MB,53.160035,-99.286258,hydro_daily,0,120,5
532,MB,MB,54.543176,-98.028248,hydro_monthly,0,19,2
533,MB,MB,54.543176,-98.028248,hydro_monthly,0,19,2
534,MB,MB,54.543176,-98.028248,hydro_monthly,0,19,2
535,MB,MB,54.543176,-98.028248,hydro_monthly,0,19,2
536,MB,MB,54.543176,-98.028248,hydro_monthly,0,19,2
537,MB,MB,54.543176,-98.028248,hydro_monthly,0,19,2
538,MB,MB,56.040453,-96.537881,hydro_monthly,0,41,2
539,MB,MB,56.040453,-96.537881,hydro_monthly,0,41,2
540,MB,MB,56.040453,-96.537881,hydro_monthly,0,41,2
541,MB,MB,56.040453,-96.537881,hydro_monthly,0,41,2
542,MB,MB,56.040453,-96.537881,hydro_monthly,0,41,2
543,MB,MB,56.040453,-96.537881,hydro_monthly,0,41,2
544,MB,MB,56.040453,-96.537881,hydro_monthly,0,41,2
545,MB,MB,56.363294,-94.616381,hydro_monthly,0,99,2
546,MB,MB,56.363294,-94.616381,hydro_monthly,0,99,2
547,MB,MB,56.363294,-94.616381,hydro_monthly,0,99,2
548,MB,MB,56.363294,-94.616381,hydro_monthly,0,99,2
549,MB,MB,56.363294,-94.616381,hydro_monthly,0,99,2
550,MB,MB,56.363294,-94.616381,hydro_monthly,0,99,2
551,MB,MB,56.363294,-94.616381,hydro_monthly,0,99,2
552,MB,MB,56.363294,-94.616381,hydro_monthly,0,102,2
553,MB,MB,56.363294,-94.616381,hydro_monthly,0,102,2
554,MB,MB,56.363294,-94.616381,hydro_monthly,0,102,2
555,MB,MB,56.363294,-94.616381,hydro_monthly,0,102,2
556,MB,MB,56.363294,-94.616381,hydro_monthly,0,102,2
557,MB,MB,56.363294,-94.616381,hydro_monthly,0,102,2
558,MB,MB,56.363294,-94.616381,hydro_monthly,0,102,2
559,MB,MB,56.363294,-94.616381,hydro_monthly,0,102,2
560,MB,MB,56.363294,-94.616381,hydro_monthly,0,102,2
561,MB,MB,56.363294,-94.616381,hydro_monthly,0,102,2
562,MB,MB,56.363294,-94.616381,hydro_monthly,0,102,2
563,MB,MB,56.363294,-94.616381,hydro_monthly,0,102,2
564,MB,MB,56.507452,-94.109719,hydro_monthly,0,135,2
565,MB,MB,56.507452,-94.109719,hydro_monthly,0,135,2
566,MB,MB,56.507452,-94.109719,hydro_monthly,0,135,2
567,MB,MB,56.507452,-94.109719,hydro_monthly,0,135,2
568,MB,MB,56.507452,-94.109719,hydro_monthly,0,135,2
569,MB,MB,56.507452,-94.109719,hydro_monthly,0,135,2
570,MB,MB,56.507452,-94.109719,hydro_monthly,0,135,2
571,MB,MB,56.507452,-94.109719,hydro_monthly,0,135,2
572,MB,MB,56.507452,-94.109719,hydro_monthly,0,135,2
573,MB,MB,56.507452,-94.109719,hydro_monthly,0,135,2
574,MB,MB,54.886843,-99.997315,hydro_run,0,5,1
575,MB,MB,54.886843,-99.997315,hydro_run,0,5,1
576,MB,MB,56.397847,-94.368687,hydro_monthly,0,98,2
577,MB,MB,56.397847,-94.368687,hydro_monthly,0,98,2
578,MB,MB,56.397847,-94.368687,hydro_monthly,0,98,2
579,MB,MB,56.397847,-94.368687,hydro_monthly,0,98,2
580,MB,MB,56.397847,-94.368687,hydro_monthly,0,98,2
581,MB,MB,56.397847,-94.368687,hydro_monthly,0,98,2
582,MB,MB,56.397847,-94.368687,hydro_monthly,0,98,2
583,MB,MB,56.397847,-94.368687,hydro_monthly,0,98,2
584,MB,MB,56.397847,-94.368687,hydro_monthly,0,98,2
585,MB,MB,56.397847,-94.368687,hydro_monthly,0,98,2
586,MB,MB,50.39806,-95.997724,hydro_daily,0,7,5
587,MB,MB,50.39806,-95.997724,hydro_daily,0,7,5
588,MB,MB,50.39806,-95.997724,hydro_daily,0,7,5
589,MB,MB,50.39806,-95.997724,hydro_daily,0,7,5
590,MB,MB,50.39806,-95.997724,hydro_daily,0,7,5
591,MB,MB,50.39806,-95.997724,hydro_daily,0,7,5
592,MB,MB,50.39806,-95.997724,hydro_daily,0,7,5
593,MB,MB,50.39806,-95.997724,hydro_daily,0,7,5
594,MB,MB,50.39806,-95.997724,hydro_daily,0,120,5
595,MB,MB,50.567135,-96.178345,hydro_daily,0,14,5
596,MB,MB,50.567135,-96.178345,hydro_daily,0,14,5
597,MB,MB,50.567135,-96.178345,hydro_daily,0,14,5
598,MB,MB,50.567135,-96.178345,hydro_daily,0,14,5
599,MB,MB,50.567135,-96.178345,hydro_daily,0,14,5
600,MB,MB,50.567135,-96.178345,hydro_daily,0,14,5
601,MB,MB,50.134731,-96.852008,NG_SC,0,66,6.88
602,MB,MB,50.134731,-96.852008,NG_SC,0,66,6.88
603,MB,MB,49.944573,-95.514854,hydro_daily,0,8.5,5
604,MB,MB,49.944573,-95.514854,hydro_daily,0,8.5,5
605,MB,MB,49.944573,-95.514854,hydro_daily,0,8.5,5
606,MB,MB,49.944573,-95.514854,hydro_daily,0,8.5,5
607,MB,MB,49.944573,-95.514854,hydro_daily,0,8.5,5
608,MB,MB,49.944573,-95.514854,hydro_daily,0,8.5,5
609,MB,MB,49.944573,-95.514854,hydro_daily,0,8.5,5
610,MB,MB,49.944573,-95.514854,hydro_daily,0,8.5,5
611,MB,MB,49.134515,-97.42055,wind_onshore,0,138,0
612,MB,MB,49.346766,-98.634141,wind_onshore,0,120.45,0
613,MB,MB,50.120391,-96.0177,hydro_daily,0,27.5,5
614,MB,MB,50.120391,-96.0177,hydro_daily,0,27.5,5
615,MB,MB,50.120391,-96.0177,hydro_daily,0,27.5,5
616,MB,MB,50.120391,-96.0177,hydro_daily,0,27.5,5
617,MB,MB,50.120391,-96.0177,hydro_daily,0,27.5,5
618,MB,MB,50.120391,-96.0177,hydro_daily,0,27.5,5
619,MB,MB,55.538319,-98.493781,hydro_daily,0,70,5
620,MB,MB,55.538319,-98.493781,hydro_daily,0,70,5
621,MB,MB,55.538319,-98.493781,hydro_daily,0,70,5
622,NB,NB,48.016863,-66.927399,biomass,0.4,21,7.07
623,NB,NB,45.154027,-66.201932,NG_CC,0,290,2.73
624,NB,NB,45.154027,-66.201932,wind_onshore,0,42,0
625,NB,NB,47.164929,-67.729348,hydro_daily,0,36,5
626,NB,NB,47.164929,-67.729348,hydro_daily,0,36,5
627,NB,NB,47.164929,-67.729348,hydro_daily,0,41,5
628,NB,NB,47.890294,-65.872704,coal,0,466,6.58
629,NB,NB,46.086042,-64.02708,wind_onshore,0,2.35,0
630,NB,NB,45.663982,-65.651189,biomass,0.4,1.8,7.07
631,NB,NB,45.154027,-66.201932,oil_ST,0,324,8.32
632,NB,NB,45.154027,-66.201932,oil_ST,0,324,8.32
633,NB,NB,45.154027,-66.201932,oil_ST,0,324,8.32
634,NB,NB,47.884243,-65.928481,wind_onshore,0,99,0
635,NB,NB,45.068689,-66.454337,NG_SC,0,28,6.88
636,NB,NB,45.154027,-66.201932,NG_CG,0,49,2.73
637,NB,NB,45.154027,-66.201932,NG_CG,0,49,2.73
638,NB,NB,47.164929,-67.729348,hydro_daily,0,16,5
639,NB,NB,47.164929,-67.729348,hydro_daily,0,16,5
640,NB,NB,47.164929,-67.729348,hydro_daily,0,16,5
641,NB,NB,47.164929,-67.729348,hydro_daily,0,16,5
642,NB,NB,47.164929,-67.729348,hydro_run,0,1.5,1
643,NB,NB,46.020954,-64.996337,wind_onshore,0,96,0
644,NB,NB,46.020954,-64.996337,wind_onshore,0,54,0
645,NB,NB,46.020954,-64.996337,wind_onshore,0,17.3,0
646,NB,NB,48.039602,-65.292165,wind_onshore,0,45,0
647,NB,NB,47.411706,-68.24524,hydro_run,0,5.5,1
648,NB,NB,47.071041,-65.454081,diesel_CT,0,99,8.32
649,NB,NB,47.071041,-65.454081,diesel_CT,0,99,8.32
650,NB,NB,47.071041,-65.454081,diesel_CT,0,99,8.32
651,NB,NB,47.071041,-65.454081,diesel_CT,0,99,8.32
652,NB,NB,46.057188,-66.84935,hydro_daily,0,109,5
653,NB,NB,46.057188,-66.84935,hydro_daily,0,109,5
654,NB,NB,46.057188,-66.84935,hydro_daily,0,109,5
655,NB,NB,46.057188,-66.84935,hydro_daily,0,115,5
656,NB,NB,46.057188,-66.84935,hydro_daily,0,112,5
657,NB,NB,46.057188,-66.84935,hydro_daily,0,112,5
658,NB,NB,46.057188,-66.84935,biomass,0.4,26,7.07
659,NB,NB,47.592024,-65.612787,hydro_run,0,11,1
660,NB,NB,46.682718,-64.383171,wind_onshore,0,3.8,0
661,NB,NB,45.068689,-66.454337,diesel_CT,0,5,8.32
662,NB,NB,45.068689,-66.454337,nuclear,0.9,660,3.47
663,NB,NB,47.411706,-68.24524,hydro_run,0,3.1,1
664,NB,NB,45.068689,-66.454337,hydro_run,0,15,1
665,NB,NB,47.592024,-65.612787,diesel_CT,0,99,8.32
666,NB,NB,47.164929,-67.729348,hydro_run,0,9,1
667,NB,NB,45.154027,-66.201932,biomass,0.4,33,7.07
668,NB,NB,47.164929,-67.729348,hydro_daily,0,35,5
669,NB,NB,47.164929,-67.729348,hydro_daily,0,10,5
670,NB,NB,47.164929,-67.729348,hydro_daily,0,10,5
671,NB,NB,47.411706,-68.24524,biomass,0.4,39,7.07
672,NB,NB,46.020954,-64.996337,wind_onshore,0,20,0
673,NB,NB,46.020954,-64.996337,wind_onshore,0,18,0
674,NL,NL,47.990353,-55.800875,hydro_monthly,0,76.5,2
675,NL,NL,47.990353,-55.800875,hydro_monthly,0,76.5,2
676,NL,NL,47.990353,-55.800875,hydro_monthly,0,76.5,2
677,NL,NL,47.990353,-55.800875,hydro_monthly,0,76.5,2
678,NL,NL,47.990353,-55.800875,hydro_monthly,0,76.5,2
679,NL,NL,47.990353,-55.800875,hydro_monthly,0,76.5,2
680,NL,NL,47.991172,-55.800343,hydro_monthly,0,154.4,2
681,NL,NL,48.940293,-55.65223,hydro_daily,0,3,5
682,NL,NL,48.940293,-55.65223,hydro_daily,0,3,5
683,NL,NL,48.940293,-55.65223,hydro_daily,0,3,5
684,NL,NL,48.940293,-55.65223,hydro_daily,0,3,5
685,NL,NL,48.940293,-55.65223,hydro_daily,0,3,5
686,NL,NL,48.940293,-55.65223,hydro_daily,0,3,5
687,NL,NL,48.940293,-55.65223,hydro_daily,0,2,5
688,NL,NL,48.940293,-55.65223,hydro_daily,0,1,5
689,NL,NL,48.940293,-55.65223,hydro_daily,0,1,5
690,NL,NL,48.813982,-56.792303,hydro_daily,0,2,5
691,NL,NL,47.38581,-53.127667,hydro_daily,0,6.26,5
692,NL,NL,50.025827,-56.76496,hydro_daily,0,68.5,5
693,NL,NL,50.025827,-56.76496,hydro_daily,0,68.5,5
694,NL,NL,53.527684,-63.953236,hydro_monthly,0,493.45,2
695,NL,NL,53.527684,-63.953236,hydro_monthly,0,493.45,2
696,NL,NL,53.527684,-63.953236,hydro_monthly,0,493.45,2
697,NL,NL,53.527684,-63.953236,hydro_monthly,0,493.45,2
698,NL,NL,53.527684,-63.953236,hydro_monthly,0,493.45,2
699,NL,NL,53.527684,-63.953236,hydro_monthly,0,493.45,2
700,NL,NL,53.527684,-63.953236,hydro_monthly,0,493.45,2
701,NL,NL,53.527684,-63.953236,hydro_monthly,0,493.45,2
702,NL,NL,53.527684,-63.953236,hydro_monthly,0,493.45,2
703,NL,NL,53.527684,-63.953236,hydro_monthly,0,493.45,2
704,NL,NL,53.527684,-63.953236,hydro_monthly,0,493.45,2
705,NL,NL,49.177773,-57.404745,biomass,0.4,15.3,7.07
706,NL,NL,49.177773,-57.404745,hydro_daily,0,11.5,5
707,NL,NL,49.177773,-57.404745,hydro_daily,0,11.5,5
708,NL,NL,49.177773,-57.404745,hydro_daily,0,11.5,5
709,NL,NL,49.177773,-57.404745,hydro_daily,0,11.5,5
710,NL,NL,49.177773,-57.404745,hydro_daily,0,11.5,5
711,NL,NL,49.177773,-57.404745,hydro_daily,0,11.5,5
712,NL,NL,49.177773,-57.404745,hydro_daily,0,11.5,5
713,NL,NL,49.177773,-57.404745,hydro_daily,0,22.5,5
714,NL,NL,49.177773,-57.404745,hydro_daily,0,22.5,5
715,NL,NL,47.38581,-53.127667,wind_onshore,0,27,0
716,NL,NL,48.196556,-56.81525,hydro_monthly,0,40,2
717,NL,NL,48.921781,-55.670872,hydro_daily,0,29,5
718,NL,NL,48.921781,-55.670872,hydro_daily,0,4,5
719,NL,NL,48.921781,-55.670872,hydro_daily,0,4,5
720,NL,NL,48.921781,-55.670872,hydro_daily,0,4,5
721,NL,NL,48.921781,-55.670872,hydro_daily,0,4,5
722,NL,NL,48.921781,-55.670872,hydro_daily,0,30,5
723,NL,NL,47.990353,-55.800875,gasoline_CT,0,20,8.32
724,NL,NL,50.025827,-56.76496,diesel_CT,0,5,8.32
725,NL,NL,47.38581,-53.127667,hydro_daily,0,8.3,5
726,NL,NL,47.851141,-53.951217,hydro_daily,0,2.37,5
727,NL,NL,47.38581,-53.127667,diesel_CT,0,12,8.32
728,NL,NL,49.177773,-57.404745,hydro_daily,0,75,5
729,NL,NL,47.38581,-53.127667,oil_ST,0,170,8.32
730,NL,NL,47.38581,-53.127667,oil_ST,0,170,8.32
731,NL,NL,47.38581,-53.127667,oil_ST,0,150,8.32
732,NL,NL,47.38581,-53.127667,gasoline_CT,0,123.5,8.32
733,NL,NL,53.239979,-60.759104,gasoline_CT,0,25,8.32
734,NL,NL,47.588222,-52.782323,gasoline_CT,0,50,8.32
735,NL,NL,48.53079,-58.255678,hydro_daily,0,6.15,5
736,NL,NL,47.851141,-53.951217,hydro_daily,0,3.38,5
737,NL,NL,47.417933,-52.979453,hydro_daily,0,11.97,5
738,NL,NL,47.417933,-52.979453,hydro_daily,0,1.14,5
739,NL,NL,53.239979,-60.759104,hydro_monthly,0,206,2
740,NL,NL,53.239979,-60.759104,hydro_monthly,0,206,2
741,NL,NL,53.239979,-60.759104,hydro_monthly,0,206,2
742,NL,NL,53.239979,-60.759104,hydro_monthly,0,206,2
743,NL,NL,47.588222,-52.782323,hydro_daily,0,3.7,5
744,NL,NL,48.514661,-58.450533,diesel_CT,0,2.5,8.32
745,NL,NL,47.417933,-52.979453,hydro_daily,0,4.3,5
746,NL,NL,47.573427,-52.755821,hydro_daily,0,5.31,5
747,NL,NL,47.800759,-53.992253,hydro_daily,0,8,5
748,NL,NL,48.514661,-58.450533,hydro_daily,0,5.96,5
749,NL,NL,48.940293,-55.65223,hydro_daily,0,11.1,5
750,NL,NL,47.417933,-52.979453,hydro_daily,0,3.25,5
751,NL,NL,50.025827,-56.76496,hydro_run,0,4,1
752,NL,NL,48.921781,-55.670872,hydro_daily,0,5.53,5
753,NL,NL,47.417933,-52.979453,hydro_daily,0,3.5,5
754,NL,NL,48.813982,-56.792303,hydro_daily,0,18,5
755,NL,NL,51.403951,-56.789961,diesel_CT,0,9.7,8.32
756,NL,NL,47.990353,-55.800875,wind_onshore,0,27,0
757,NL,NL,48.53557,-58.517718,gasoline_CT,0,50,8.32
758,NL,NL,47.417933,-52.979453,hydro_daily,0,6.5,5
759,NL,NL,47.588222,-52.782323,hydro_daily,0,2.55,5
760,NL,NL,48.18349,-56.172486,hydro_monthly,0,84,2
761,NL,NL,47.408935,-53.811884,diesel_CT,0,15,8.32
762,NL,NL,49.177773,-57.404745,hydro_daily,0,9,5
763,NL,NL,47.851141,-53.951217,gasoline_CT,0,8,8.32
764,NS,NS,46.086042,-64.02708,wind_onshore,0,6,0
765,NS,NS,46.002114,-64.510648,wind_onshore,0,30,0
766,NS,NS,45.154027,-66.201932,hydro_run,0,19,1
767,NS,NS,45.454255,-62.667621,wind_onshore,0,4.6,0
768,NS,NS,45.454255,-62.667621,wind_onshore,0,1.6,0
769,NS,NS,44.853161,-63.763606,hydro_daily,0,3.75,5
770,NS,NS,44.853161,-63.763606,hydro_daily,0,3,5
771,NS,NS,46.317229,-60.337725,wind_onshore,0,1.7,0
772,NS,NS,44.394688,-64.556453,biomass,0.4,30,7.07
773,NS,NS,45.154027,-66.201932,hydro_daily,0,6.2,5
774,NS,NS,45.154027,-66.201932,hydro_daily,0,4.1,5
775,NS,NS,44.394688,-64.556453,hydro_daily,0,3.1,5
776,NS,NS,44.853161,-63.763606,wind_onshore,0,150,0
777,NS,NS,44.394688,-64.556453,wind_onshore,0,2,0
778,NS,NS,44.853161,-63.763606,hydro_daily,0,3.5,5
779,NS,NS,44.853161,-63.763606,hydro_daily,0,5.5,5
780,NS,NS,44.853161,-63.763606,hydro_daily,0,2.9,5
781,NS,NS,44.853161,-63.763606,hydro_daily,0,3.5,5
782,NS,NS,44.853161,-63.763606,hydro_daily,0,3.7,5
783,NS,NS,44.853161,-63.763606,hydro_daily,0,3.4,5
784,NS,NS,46.317229,-60.337725,wind_onshore,0,4,0
785,NS,NS,44.643953,-63.683543,oil_CT,0,30,8.32
786,NS,NS,44.643953,-63.683543,oil_CT,0,30,8.32
787,NS,NS,44.643953,-63.683543,oil_CT,0,30,8.32
788,NS,NS,44.643953,-63.683543,oil_CT,0,30,8.32
789,NS,NS,45.068689,-66.454337,wind_onshore,0,2,0
790,NS,NS,45.992246,-60.278714,wind_onshore,0,2.3,0
791,NS,NS,44.643953,-63.683543,wind_onshore,0,10,0
792,NS,NS,45.657925,-61.403407,wind_onshore,0,2,0
793,NS,NS,45.657925,-61.403407,hydro_daily,0,3.8,5
794,NS,NS,45.154027,-66.201932,wind_onshore,0,30,0
795,NS,NS,45.465566,-63.107569,wind_onshore,0,51,0
796,NS,NS,46.235656,-60.041093,wind_onshore,0,2.3,0
797,NS,NS,44.853161,-63.763606,wind_onshore,0,23.5,0
798,NS,NS,44.853161,-63.763606,wind_onshore,0,66,0
799,NS,NS,45.657925,-61.403407,wind_onshore,0,4.6,0
800,NS,NS,45.465566,-63.107569,wind_onshore,0,1.4,0
801,NS,NS,44.643953,-63.683543,wind_onshore,0,2.3,0
802,NS,NS,45.454255,-62.667621,wind_onshore,0,62.1,0
803,NS,NS,46.235656,-60.041093,wind_onshore,0,1.6,0
804,NS,NS,46.235656,-60.041093,wind_onshore,0,7.05,0
805,NS,NS,45.465566,-63.107569,wind_onshore,0,3.2,0
806,NS,NS,45.154027,-66.201932,wind_onshore,0,2,0
807,NS,NS,44.853161,-63.763606,wind_onshore,0,6,0
808,NS,NS,45.402218,-63.307922,wind_onshore,0,100,0
809,NS,NS,46.317229,-60.337725,wind_onshore,0,4.7,0
810,NS,NS,45.402218,-63.307922,wind_onshore,0,3.6,0
811,NS,NS,45.454255,-62.667621,wind_onshore,0,2,0
812,NS,NS,45.657925,-61.403407,wind_onshore,0,2,0
813,NS,NS,44.643953,-63.683543,wind_onshore,0,4.6,0
814,NS,NS,45.465566,-63.107569,wind_onshore,0,4.99,0
815,NS,NS,44.853161,-63.763606,wind_onshore,0,2,0
816,NS,NS,46.235656,-60.041093,coal,0,150,6.58
817,NS,NS,46.235656,-60.041093,coal,0,150,6.58
818,NS,NS,46.235656,-60.041093,coal,0,150,6.58
819,NS,NS,46.235656,-60.041093,coal,0,153,6.58
820,NS,NS,45.454255,-62.667621,wind_onshore,0,4.99,0
821,NS,NS,46.235656,-60.041093,wind_onshore,0,18.4,0
822,NS,NS,45.154027,-66.201932,hydro_daily,0,11.2,5
823,NS,NS,44.394688,-64.556453,wind_onshore,0,2,0
824,NS,NS,44.394688,-64.556453,wind_onshore,0,4.7,0
825,NS,NS,45.657925,-61.403407,wind_onshore,0,2.35,0
826,NS,NS,44.394688,-64.556453,hydro_daily,0,2.7,5
827,NS,NS,44.394688,-64.556453,hydro_daily,0,2.7,5
828,NS,NS,44.394688,-64.556453,hydro_daily,0,3.7,5
829,NS,NS,44.394688,-64.556453,hydro_daily,0,3.7,5
830,NS,NS,44.394688,-64.556453,hydro_daily,0,4.5,5
831,NS,NS,44.394688,-64.556453,hydro_daily,0,4.5,5
832,NS,NS,44.394688,-64.556453,hydro_daily,0,2.25,5
833,NS,NS,44.394688,-64.556453,hydro_daily,0,2.25,5
834,NS,NS,44.394688,-64.556453,hydro_daily,0,4.5,5
835,NS,NS,44.394688,-64.556453,hydro_daily,0,4.5,5
836,NS,NS,44.394688,-64.556453,hydro_daily,0,3.6,5
837,NS,NS,44.394688,-64.556453,hydro_daily,0,3.6,5
838,NS,NS,44.853161,-63.763606,wind_onshore,0,6,0
839,NS,NS,45.657925,-61.403407,wind_onshore,0,6,0
840,NS,NS,44.853161,-63.763606,wind_onshore,0,8,0
841,NS,NS,45.454255,-62.667621,wind_onshore,0,6.4,0
842,NS,NS,44.853161,-63.763606,wind_onshore,0,4,0
843,NS,NS,44.394688,-64.556453,hydro_daily,0,8.3,5
844,NS,NS,45.465566,-63.107569,wind_onshore,0,50.6,0
845,NS,NS,46.235656,-60.041093,wind_onshore,0,2.35,0
846,NS,NS,46.321318,-60.331465,coal,0,165,6.58
847,NS,NS,46.317229,-60.337725,wind_onshore,0,1.9,0
848,NS,NS,45.454255,-62.667621,wind_onshore,0,1.6,0
849,NS,NS,45.657925,-61.403407,biomass,0.4,63.8,7.07
850,NS,NS,44.643953,-63.683543,wind_onshore,0,3.2,0
851,NS,NS,44.394688,-64.556453,hydro_daily,0,4.7,5
852,NS,NS,45.657925,-61.403407,coal,0,150,6.58
853,NS,NS,45.657925,-61.403407,wind_onshore,0,24,0
854,NS,NS,44.394688,-64.556453,wind_onshore,0,30.6,0
855,NS,NS,45.657925,-61.403407,wind_onshore,0,13.8,0
856,NS,NS,45.068689,-66.454337,hydro_daily,0,5,5
857,NS,NS,45.068689,-66.454337,hydro_daily,0,9.5,5
858,NS,NS,45.068689,-66.454337,hydro_daily,0,9.5,5
859,NS,NS,45.657925,-61.403407,wind_onshore,0,2,0
860,NS,NS,44.394688,-64.556453,wind_onshore,0,102,0
861,NS,NS,44.394688,-64.556453,wind_onshore,0,3.2,0
862,NS,NS,45.454255,-62.667621,hydro_daily,0,2.3,5
863,NS,NS,45.454255,-62.667621,hydro_daily,0,2.8,5
864,NS,NS,45.454255,-62.667621,hydro_daily,0,2.3,5
865,NS,NS,45.454255,-62.667621,hydro_daily,0,1.15,5
866,NS,NS,45.454255,-62.667621,hydro_daily,0,1.15,5
867,NS,NS,45.454255,-62.667621,hydro_daily,0,1.1,5
868,NS,NS,45.465566,-63.107569,wind_onshore,0,1.6,0
869,NS,NS,46.086042,-64.02708,wind_onshore,0,2.1,0
870,NS,NS,44.643953,-63.683543,hydro_daily,0,1.3,5
871,NS,NS,44.643953,-63.683543,hydro_daily,0,1.3,5
872,NS,NS,44.643953,-63.683543,hydro_daily,0,1.8,5
873,NS,NS,44.643953,-63.683543,hydro_daily,0,1.8,5
874,NS,NS,44.643953,-63.683543,hydro_daily,0,2.3,5
875,NS,NS,44.643953,-63.683543,hydro_daily,0,2.3,5
876,NS,NS,46.317229,-60.337725,wind_onshore,0,2,0
877,NS,NS,44.643953,-63.683543,oil_CT,0,100,8.32
878,NS,NS,44.643953,-63.683543,oil_CT,0,100,8.32
879,NS,NS,44.643953,-63.683543,oil_CT,0,150,8.32
880,NS,NS,44.643953,-63.683543,NG_SC,0,47,6.88
881,NS,NS,44.643953,-63.683543,NG_SC,0,47,6.88
882,NS,NS,44.643953,-63.683543,NG_CC,0,49,2.73
883,NS,NS,44.643953,-63.683543,wind_onshore,0,7.05,0
884,NS,NS,45.402218,-63.307922,wind_onshore,0,4,0
885,NS,NS,45.402218,-63.307922,wind_onshore,0,6,0
886,NS,NS,45.454255,-62.667621,coal,0,150,6.58
887,NS,NS,45.454255,-62.667621,coal,0,160,6.58
888,NS,NS,44.394688,-64.556453,hydro_daily,0,2.4,5
889,NS,NS,44.394688,-64.556453,oil_CT,0,24,8.32
890,NS,NS,45.402218,-63.307922,biomass,0.4,1.2,7.07
891,NS,NS,46.235656,-60.041093,oil_CT,0,30,8.32
892,NS,NS,46.235656,-60.041093,oil_CT,0,30,8.32
893,NS,NS,44.394688,-64.556453,wind_onshore,0,1.68,0
894,NS,NS,44.394688,-64.556453,wind_onshore,0,4,0
895,NS,NS,46.321318,-60.331465,hydro_daily,0,106,5
896,NS,NS,46.321318,-60.331465,hydro_daily,0,106,5
897,NS,NS,46.321318,-60.331465,hydro_daily,0,3.5,5
898,NS,NS,44.853161,-63.763606,wind_onshore,0,2,0
899,NS,NS,45.454255,-62.667621,wind_onshore,0,1.5,0
900,ON,ON,49.880276,-81.571085,hydro_daily,0,355,5
901,ON,ON,44.279765,-78.288158,hydro_run,0,2,1
902,ON,ON,43.122863,-81.580876,wind_onshore,0,60,0
903,ON,ON,45.205969,-76.172881,hydro_run,0,1.35,1
904,ON,ON,48.740665,-86.3554,hydro_daily,0,52,5
905,ON,ON,48.753818,-88.630338,hydro_run,0,65,1
906,ON,ON,43.959126,-80.295168,wind_onshore,0,199.5,0
907,ON,ON,44.36359,-76.625035,wind_onshore,0,74.11,0
908,ON,ON,47.267795,-84.432903,hydro_run,0,47,1
909,ON,ON,49.420298,-82.445245,biomass,0.4,24,7.07
910,ON,ON,44.248913,-81.430568,wind_onshore,0,180,0
911,ON,ON,45.418989,-76.346418,hydro_daily,0,82,5
912,ON,ON,48.838492,-91.569996,biomass,0.4,205,7.07
913,ON,ON,46.909558,-83.213755,hydro_daily,0,162,5
914,ON,ON,49.399329,-82.431747,hydro_run,0,5.5,1
915,ON,ON,44.314845,-81.570598,nuclear,0.9,823,3.47
916,ON,ON,44.314845,-81.570598,nuclear,0.9,823,3.47
917,ON,ON,44.314845,-81.570598,nuclear,0.9,816,3.47
918,ON,ON,44.314845,-81.570598,nuclear,0.9,806,3.47
919,ON,ON,44.317412,-81.599676,nuclear,0.9,822,3.47
920,ON,ON,44.317412,-81.599676,nuclear,0.9,817,3.47
921,ON,ON,44.317412,-81.599676,nuclear,0.9,825,3.47
922,ON,ON,44.317412,-81.599676,nuclear,0.9,817,3.47
923,ON,ON,43.84828,-79.311869,NG_CG,0,2.6,2.73
924,ON,ON,44.737496,-79.723143,hydro_run,0,8,1
925,ON,ON,44.737496,-79.723143,hydro_run,0,10,1
926,ON,ON,43.142781,-79.042509,hydro_run,0,59,1
927,ON,ON,43.142781,-79.042509,hydro_run,0,59,1
928,ON,ON,43.142781,-79.042509,hydro_run,0,56,1
929,ON,ON,43.142781,-79.042509,hydro_run,0,56,1
930,ON,ON,43.142781,-79.042509,hydro_run,0,56,1
931,ON,ON,43.142781,-79.042509,hydro_run,0,56,1
932,ON,ON,43.142781,-79.042509,hydro_run,0,56,1
933,ON,ON,43.142781,-79.042509,hydro_run,0,56,1
934,ON,ON,43.142781,-79.042509,hydro_run,0,56,1
935,ON,ON,43.142781,-79.042509,hydro_run,0,56,1
936,ON,ON,43.142374,-79.04816,hydro_run,0,94,1
937,ON,ON,43.142374,-79.04816,hydro_run,0,94,1
938,ON,ON,43.142374,-79.04816,hydro_run,0,94,1
939,ON,ON,43.142374,-79.04816,hydro_run,0,94,1
940,ON,ON,43.142374,-79.04816,hydro_run,0,94,1
941,ON,ON,43.142374,-79.04816,hydro_run,0,94,1
942,ON,ON,43.142374,-79.04816,hydro_run,0,94,1
943,ON,ON,43.142374,-79.04816,hydro_run,0,94,1
944,ON,ON,43.142374,-79.04816,hydro_run,0,94,1
945,ON,ON,43.142374,-79.04816,hydro_run,0,94,1
946,ON,ON,43.142374,-79.04816,hydro_run,0,94,1
947,ON,ON,43.142374,-79.04816,hydro_run,0,94,1
948,ON,ON,43.142374,-79.04816,hydro_run,0,94,1
949,ON,ON,43.142374,-79.04816,hydro_run,0,94,1
950,ON,ON,43.142374,-79.04816,hydro_run,0,94,1
951,ON,ON,43.142374,-79.04816,hydro_run,0,94,1
952,ON,ON,47.267795,-84.432903,wind_onshore,0,19.44,0
953,ON,ON,47.267795,-84.432903,wind_onshore,0,38.88,0
954,ON,ON,42.249589,-82.652563,wind_onshore,0,99.82,0
955,ON,ON,43.54023,-81.373068,wind_onshore,0,60,0
956,ON,ON,46.334203,-79.383533,hydro_run,0,1,1
957,ON,ON,43.121047,-81.58108,wind_onshore,0,73.5,0
958,ON,ON,43.85973,-79.257682,NG_CG,0,3.25,2.73
959,ON,ON,44.620177,-75.700438,solar_PV,0,10,0
960,ON,ON,44.620177,-75.700438,solar_PV,0,9,0
961,ON,ON,44.879182,-76.001168,solar_PV,0,7,0
962,ON,ON,42.280363,-83.094063,NG_CC,0,170,2.73
963,ON,ON,42.280363,-83.094063,NG_CC,0,170,2.73
964,ON,ON,42.280363,-83.094063,NG_CC,0,230,2.73
965,ON,ON,45.192674,-76.903116,hydro_run,0,179,1
966,ON,ON,46.200015,-82.718005,hydro_run,0,4.2,1
967,ON,ON,48.753818,-88.630338,hydro_run,0,108,1
968,ON,ON,45.192674,-76.903116,hydro_run,0,11,1
969,ON,ON,42.926494,-82.055507,wind_onshore,0,100,0
970,ON,ON,46.554934,-84.327393,hydro_run,0,52.2,1
971,ON,ON,45.371525,-75.647231,hydro_run,0,8.4,1
972,ON,ON,45.371525,-75.647231,hydro_run,0,9.3,1
973,ON,ON,45.371525,-75.647231,hydro_run,0,29.35,1
974,ON,ON,45.473092,-76.234535,hydro_daily,0,200,5
975,ON,ON,47.517822,-79.702597,hydro_run,0,3,1
976,ON,ON,45.58229,-76.677924,hydro_daily,0,158,5
977,ON,ON,44.307198,-81.46388,wind_onshore,0,8.3,0
978,ON,ON,48.748576,-91.599004,hydro_run,0,9.45,1
979,ON,ON,43.705697,-80.339,wind_onshore,0,23,0
980,ON,ON,42.219356,-82.561995,wind_onshore,0,165.6,0
981,ON,ON,44.620177,-75.700438,NG_SC,0,156.34,6.88
982,ON,ON,49.944573,-95.514854,hydro_run,0,91,1
983,ON,ON,49.399329,-82.431747,hydro_run,0,20,1
984,ON,ON,46.449035,-79.865071,hydro_run,0,8,1
985,ON,ON,46.535877,-80.91839,hydro_run,0,6,1
986,ON,ON,49.399329,-82.431747,hydro_run,0,5.5,1
987,ON,ON,43.073775,-79.213706,hydro_daily,0,144,5
988,ON,ON,43.073775,-79.213706,hydro_run,0,23,1
989,ON,ON,46.181067,-77.695526,hydro_daily,0,475,5
990,ON,ON,42.324755,-82.213745,wind_onshore,0,78,0
991,ON,ON,43.877346,-78.725604,nuclear,0.9,881,3.47
992,ON,ON,43.877346,-78.725604,nuclear,0.9,881,3.47
993,ON,ON,43.877346,-78.725604,nuclear,0.9,881,3.47
994,ON,ON,43.877346,-78.725604,nuclear,0.9,881,3.47
995,ON,ON,47.885053,-84.544597,hydro_daily,0,45,5
996,ON,ON,42.931263,-82.39405,NG_CG,0,46,2.73
997,ON,ON,44.210746,-76.724997,NG_CG,0,140,2.73
998,ON,ON,43.924355,-78.855587,MSW,0.4,13.9,7.07
999,ON,ON,49.828127,-93.633433,hydro_run,0,17.3,1
1000,ON,ON,44.168239,-81.032453,wind_onshore,0,23,0
1001,ON,ON,46.334203,-79.383533,hydro_run,0,2,1
1002,ON,ON,43.553716,-80.283228,biogas,0.4,1.7,9.72
1003,ON,ON,49.816533,-92.850058,hydro_run,0,1.8,1
1004,ON,ON,43.695545,-79.680335,MSW,0.4,10.3,7.07
1005,ON,ON,42.387733,-82.093143,wind_onshore,0,99,0
1006,ON,ON,42.544866,-82.287998,wind_onshore,0,99,0
1007,ON,ON,46.504918,-81.042951,hydro_run,0,18,1
1008,ON,ON,44.561699,-80.922076,hydro_run,0,6,1
1009,ON,ON,42.286654,-82.916808,NG_CG,0,42,2.73
1010,ON,ON,42.286654,-82.916808,NG_CG,0,42,2.73
1011,ON,ON,44.190855,-77.378473,hydro_run,0,3,1
1012,ON,ON,48.619169,-93.4015,hydro_run,0,13.13,1
1013,ON,ON,45.371525,-75.647231,hydro_run,0,12,1
1014,ON,ON,48.740665,-86.3554,hydro_run,0,8.9,1
1015,ON,ON,48.740665,-86.3554,hydro_run,0,10,1
1016,ON,ON,43.515475,-81.366315,wind_onshore,0,100,0
1017,ON,ON,42.954078,-80.025914,solar_PV,0,100,0
1018,ON,ON,42.954078,-80.025914,wind_onshore,0,148.6,0
1019,ON,ON,45.205969,-76.172881,hydro_run,0,1.6,1
1020,ON,ON,46.61252,-84.47949,wind_onshore,0,25,0
1021,ON,ON,43.051392,-79.972405,biogas,0.4,3.2,9.72
1022,ON,ON,44.190855,-77.378473,hydro_run,0,8,1
1023,ON,ON,42.073988,-82.646639,wind_onshore,0,50.6,0
1024,ON,ON,42.769724,-82.453246,NG_SC,0,170,6.88
1025,ON,ON,42.769724,-82.453246,NG_SC,0,170,6.88
1026,ON,ON,42.769724,-82.453246,NG_SC,0,170,6.88
1027,ON,ON,42.769724,-82.453246,NG_SC,0,495,6.88
1028,ON,ON,48.760331,-88.7667,wind_onshore,0,98.9,0
1029,ON,ON,42.769724,-82.453246,NG_CC,0,187,2.73
1030,ON,ON,42.769724,-82.453246,NG_CC,0,127,2.73
1031,ON,ON,43.763792,-79.696414,NG_CC,0,193,2.73
1032,ON,ON,43.763792,-79.696414,NG_CC,0,193,2.73
1033,ON,ON,43.763792,-79.696414,NG_CC,0,193,2.73
1034,ON,ON,43.763792,-79.696414,NG_CC,0,348,2.73
1035,ON,ON,43.122863,-81.580876,wind_onshore,0,102,0
1036,ON,ON,47.267795,-84.432903,hydro_run,0,23,1
1037,ON,ON,43.683431,-79.577931,NG_CG,0,37,2.73
1038,ON,ON,43.683431,-79.577931,NG_CG,0,37,2.73
1039,ON,ON,43.683431,-79.577931,NG_CG,0,16,2.73
1040,ON,ON,43.970374,-80.334139,wind_onshore,0,40,0
1041,ON,ON,47.517822,-79.702597,hydro_run,0,9,1
1042,ON,ON,43.25558,-79.791214,biogas,0.4,1.6,9.72
1043,ON,ON,45.192674,-76.903116,hydro_run,0,3,1
1044,ON,ON,44.46295,-77.840977,hydro_run,0,4,1
1045,ON,ON,47.885053,-84.544597,hydro_daily,0,23,5
1046,ON,ON,43.564215,-79.845936,NG_SC,0,211,6.88
1047,ON,ON,43.564215,-79.845936,NG_SC,0,211,6.88
1048,ON,ON,43.564215,-79.845936,NG_SC,0,290,6.88
1049,ON,ON,44.46295,-77.840977,hydro_run,0,15.7,1
1050,ON,ON,45.042842,-79.296033,hydro_run,0,1,1
1051,ON,ON,47.267795,-84.432903,hydro_run,0,17.4,1
1052,ON,ON,50.111476,-82.208303,hydro_daily,0,156,5
1053,ON,ON,50.111476,-82.208303,hydro_daily,0,78,5
1054,ON,ON,42.769724,-82.453246,NG_SC,0,195,6.88
1055,ON,ON,47.885053,-84.544597,hydro_run,0,12.5,1
1056,ON,ON,45.371525,-75.647231,hydro_run,0,27,1
1057,ON,ON,45.302296,-79.944545,wind_onshore,0,120,0
1058,ON,ON,45.302296,-79.944545,wind_onshore,0,180,0
1059,ON,ON,43.915777,-79.001946,biomass,0.4,17.81,7.07
1060,ON,ON,48.753641,-80.679933,NG_CC,0,131,2.73
1061,ON,ON,48.753378,-80.679196,hydro_daily,0,29,5
1062,ON,ON,49.851819,-81.598877,hydro_daily,0,38,5
1063,ON,ON,43.121047,-81.58108,wind_onshore,0,150,0
1064,ON,ON,44.663924,-76.2926,hydro_run,0,2.4,1
1065,ON,ON,43.896369,-81.622371,wind_onshore,0,270,0
1066,ON,ON,48.476285,-89.15245,hydro_run,0,27,1
1067,ON,ON,47.517822,-79.702597,NG_CC,0,81,2.73
1068,ON,ON,47.517822,-79.702597,NG_SC,0,29.87,6.88
1069,ON,ON,43.896957,-81.62458,wind_onshore,0,39.6,0
1070,ON,ON,44.241586,-76.565978,hydro_run,0,1.9,1
1071,ON,ON,49.776184,-94.363968,hydro_run,0,14,1
1072,ON,ON,42.402308,-82.162003,wind_onshore,0,20,0
1073,ON,ON,50.145184,-82.208459,hydro_daily,0,166,5
1074,ON,ON,50.145134,-82.209588,hydro_daily,0,79,5
1075,ON,ON,44.320677,-76.636996,solar_PV,0,100,0
1076,ON,ON,49.828127,-93.633433,hydro_run,0,12,1
1077,ON,ON,42.939174,-81.286086,NG_CG,0,12,2.73
1078,ON,ON,42.939174,-81.286086,NG_CG,0,17.9,2.73
1079,ON,ON,44.149709,-76.848045,NG_SC,0,500,6.88
1080,ON,ON,44.149709,-76.848045,NG_SC,0,500,6.88
1081,ON,ON,44.149709,-76.848045,NG_SC,0,500,6.88
1082,ON,ON,44.149709,-76.848045,NG_SC,0,500,6.88
1083,ON,ON,44.279765,-78.288158,hydro_run,0,2,1
1084,ON,ON,50.006202,-82.167268,hydro_daily,0,144,5
1085,ON,ON,50.006202,-82.167268,hydro_daily,0,75,5
1086,ON,ON,43.121047,-81.58108,wind_onshore,0,40,0
1087,ON,ON,47.517822,-79.702597,solar_PV,0,10,0
1088,ON,ON,47.517822,-79.702597,solar_PV,0,10,0
1089,ON,ON,47.517822,-79.702597,solar_PV,0,10,0
1090,ON,ON,48.753641,-80.679933,hydro_run,0,20,1
1091,ON,ON,46.554934,-84.327393,NG_CG,0,63,2.73
1092,ON,ON,44.231092,-77.003225,solar_PV,0,8.5,0
1093,ON,ON,47.138374,-79.457341,hydro_daily,0,274,5
1094,ON,ON,48.541986,-81.1126,hydro_run,0,14,1
1095,ON,ON,44.408382,-76.915433,solar_PV,0,54,0
1096,ON,ON,46.200015,-82.718005,wind_onshore,0,60,0
1097,ON,ON,47.885053,-84.544597,hydro_run,0,12.8,1
1098,ON,ON,46.535877,-80.91839,hydro_run,0,3,1
1099,ON,ON,49.816533,-92.850058,hydro_run,0,1.1,1
1100,ON,ON,47.266973,-84.431286,hydro_daily,0,62,5
1101,ON,ON,49.828127,-93.633433,hydro_run,0,88,1
1102,ON,ON,44.879182,-76.001168,hydro_run,0,2,1
1103,ON,ON,46.625388,-80.916019,hydro_run,0,1.35,1
1104,ON,ON,47.885053,-84.544597,hydro_daily,0,15.5,5
1105,ON,ON,47.517822,-79.702597,hydro_run,0,3,1
1106,ON,ON,45.205969,-76.172881,solar_PV,0,10,0
1107,ON,ON,47.138374,-79.457341,hydro_run,0,10,1
1108,ON,ON,45.193398,-76.904907,hydro_daily,0,173,5
1109,ON,ON,44.620177,-75.700438,NG_CG,0,45.7,2.73
1110,ON,ON,44.46295,-77.840977,hydro_run,0,5,1
1111,ON,ON,49.420298,-82.445245,hydro_run,0,18,1
1112,ON,ON,44.145642,-76.849766,NG_CC,0,240,2.73
1113,ON,ON,44.145642,-76.849766,NG_CC,0,240,2.73
1114,ON,ON,44.145642,-76.849766,NG_CC,0,420,2.73
1115,ON,ON,48.753818,-88.630338,NG_SC,0,23,6.88
1116,ON,ON,48.753818,-88.630338,hydro_run,0,10,1
1117,ON,ON,42.483676,-82.209582,wind_onshore,0,99.12,0
1118,ON,ON,48.753641,-80.679933,solar_PV,0,10,0
1119,ON,ON,48.753641,-80.679933,solar_PV,0,10,0
1120,ON,ON,48.753641,-80.679933,solar_PV,0,10,0
1121,ON,ON,48.753641,-80.679933,solar_PV,0,10,0
1122,ON,ON,46.334203,-79.383533,hydro_run,0,2,1
1123,ON,ON,49.776184,-94.363968,hydro_run,0,12.8,1
1124,ON,ON,42.800467,-80.055993,solar_PV,0,44,0
1125,ON,ON,45.204701,-75.158723,wind_onshore,0,99.76,0
1126,ON,ON,45.372038,-75.646172,NG_CG,0,73.7,2.73
1127,ON,ON,46.449035,-79.865071,hydro_run,0,10,1
1128,ON,ON,50.182887,-81.638087,hydro_daily,0,189,5
1129,ON,ON,46.377135,-78.729767,hydro_daily,0,265,5
1130,ON,ON,49.399329,-82.431747,hydro_run,0,5.5,1
1131,ON,ON,42.249589,-82.652563,wind_onshore,0,48.6,0
1132,ON,ON,42.797131,-81.1522,wind_onshore,0,99,0
1133,ON,ON,43.811875,-79.068507,nuclear,0.9,515,3.47
1134,ON,ON,43.811875,-79.068507,nuclear,0.9,515,3.47
1135,ON,ON,43.811302,-79.063035,nuclear,0.9,518,3.47
1136,ON,ON,43.811302,-79.063035,nuclear,0.9,518,3.47
1137,ON,ON,43.811302,-79.063035,nuclear,0.9,518,3.47
1138,ON,ON,43.811302,-79.063035,nuclear,0.9,518,3.47
1139,ON,ON,42.268139,-82.327646,wind_onshore,0,101.2,0
1140,ON,ON,42.268139,-82.327646,wind_onshore,0,99.4,0
1141,ON,ON,48.753818,-88.630338,hydro_daily,0,151,5
1142,ON,ON,46.642971,-84.35483,wind_onshore,0,189,0
1143,ON,ON,49.880276,-81.571085,hydro_run,0,28,1
1144,ON,ON,43.703292,-79.355687,NG_CC,0,160,2.73
1145,ON,ON,43.703292,-79.355687,NG_CC,0,160,2.73
1146,ON,ON,43.703292,-79.355687,NG_CC,0,230,2.73
1147,ON,ON,47.138374,-79.457341,hydro_run,0,6.6,1
1148,ON,ON,48.476285,-89.15245,biomass,0.4,40,7.07
1149,ON,ON,45.496135,-75.702082,hydro_run,0,2,1
1150,ON,ON,43.100816,-79.180269,NG_CG,0,241.6,2.73
1151,ON,ON,45.204609,-79.343793,hydro_run,0,8,1
1152,ON,ON,42.098441,-82.603239,wind_onshore,0,60,0
1153,ON,ON,44.46295,-77.840977,hydro_run,0,20,1
1154,ON,ON,44.273139,-81.479828,wind_onshore,0,76,0
1155,ON,ON,46.428244,-83.379646,hydro_daily,0,41,5
1156,ON,ON,46.431569,-83.385344,hydro_daily,0,46,5
1157,ON,ON,45.038837,-74.801845,hydro_run,0,1086,1
1158,ON,ON,47.885053,-84.544597,hydro_run,0,22.4,1
1159,ON,ON,44.190855,-77.378473,hydro_run,0,4,1
1160,ON,ON,44.46295,-77.840977,hydro_run,0,6,1
1161,ON,ON,45.042842,-79.296033,hydro_run,0,6,1
1162,ON,ON,48.465893,-81.268818,hydro_run,0,5.5,1
1163,ON,ON,48.476285,-89.15245,hydro_run,0,49,1
1164,ON,ON,47.885053,-84.544597,hydro_run,0,15.5,1
1165,ON,ON,44.416022,-80.110664,wind_onshore,0,91.39,0
1166,ON,ON,50.061119,-82.162363,hydro_daily,0,264,5
1167,ON,ON,42.390039,-82.095659,wind_onshore,0,270,0
1168,ON,ON,44.190855,-77.378473,hydro_run,0,2,1
1169,ON,ON,42.847535,-80.061074,wind_onshore,0,104.4,0
1170,ON,ON,42.949937,-82.368414,solar_PV,0,20,0
1171,ON,ON,42.949937,-82.368414,solar_PV,0,60,0
1172,ON,ON,44.102279,-80.756509,solar_PV,0,50,0
1173,ON,ON,42.497632,-81.887459,wind_onshore,0,98.9,0
1174,ON,ON,46.200015,-82.718005,hydro_run,0,7.2,1
1175,ON,ON,49.407375,-82.425672,hydro_run,0,9.62,1
1176,ON,ON,43.889852,-81.221537,wind_onshore,0,18,0
1177,ON,ON,43.889852,-81.221537,wind_onshore,0,15,0
1178,ON,ON,42.898784,-82.398346,NG_CC,0,577,2.73
1179,ON,ON,48.748576,-91.599004,hydro_run,0,8.37,1
1180,ON,ON,46.535877,-80.91839,hydro_run,0,5,1
1181,ON,ON,45.418989,-76.346418,hydro_daily,0,186,5
1182,ON,ON,42.847535,-80.061074,wind_onshore,0,125,0
1183,ON,ON,42.797131,-81.1522,solar_PV,0,10,0
1184,ON,ON,48.753378,-80.679196,hydro_daily,0,27.46,5
1185,ON,ON,48.740665,-86.3554,hydro_run,0,5,1
1186,ON,ON,42.402308,-82.162003,wind_onshore,0,90,0
1187,ON,ON,42.245309,-82.462345,solar_PV,0,5,0
1188,ON,ON,48.753641,-80.679933,NG_SC,0,36.5,6.88
1189,ON,ON,42.934042,-82.436865,NG_CG,0,510,2.73
1190,ON,ON,45.321328,-75.808698,biogas,0.4,6,9.72
1191,ON,ON,45.042842,-79.296033,hydro_run,0,2,1
1192,ON,ON,44.307198,-81.46388,wind_onshore,0,181.5,0
1193,ON,ON,48.740665,-86.3554,hydro_run,0,23,1
1194,ON,ON,48.748576,-91.599004,hydro_run,0,10,1
1195,ON,ON,42.286654,-82.916808,solar_PV,0,50,0
1196,ON,ON,48.740665,-86.3554,hydro_run,0,13.5,1
1197,ON,ON,43.86005,-78.903537,NG_CG,0,56,2.73
1198,ON,ON,49.742455,-95.244076,hydro_run,0,73,1
1199,ON,ON,44.241586,-76.565978,wind_onshore,0,197.8,0
1200,ON,ON,43.069752,-79.530934,wind_onshore,0,230,0
1201,ON,ON,46.431569,-83.385344,hydro_daily,0,239,5
1202,ON,ON,43.843524,-79.347428,NG_CG,0,5,2.73
1203,ON,ON,45.038837,-74.801845,solar_PV,0,10,0
1204,ON,ON,49.816533,-92.850058,hydro_run,0,1.25,1
1205,ON,ON,42.286654,-82.916808,NG_CG,0,72.28,2.73
1206,ON,ON,42.280653,-83.091713,NG_SC,0,122.78,6.88
1207,ON,ON,48.465893,-81.268818,hydro_run,0,15,1
1208,ON,ON,44.0755,-79.530688,NG_SC,0,393,6.88
1209,ON,ON,49.399329,-82.431747,hydro_run,0,16,1
1210,ON,ON,49.399329,-82.431747,hydro_run,0,5.5,1
1211,PE,PE,46.716263,-64.16535,wind_onshore,0,3,0
1212,PE,PE,46.249334,-63.688078,diesel_CT,0,15,8.32
1213,PE,PE,46.249334,-63.688078,diesel_CT,0,25,8.32
1214,PE,PE,46.277288,-63.1611,oil_ST,0,19,8.32
1215,PE,PE,46.277288,-63.1611,oil_ST,0,19,8.32
1216,PE,PE,46.277288,-63.1611,diesel_CT,0,49,8.32
1217,PE,PE,46.452549,-62.068192,wind_onshore,0,30,0
1218,PE,PE,46.454856,-62.314326,wind_onshore,0,30,0
1219,PE,PE,46.394599,-62.418547,wind_onshore,0,30,0
1220,PE,PE,46.716263,-64.16535,wind_onshore,0,10.6,0
1221,PE,PE,46.421732,-63.770395,solar_PV,0,21,0
1222,PE,PE,46.421732,-63.770395,solar_PV,0,10,0
1223,PE,PE,46.421732,-63.770395,diesel_CT,0,2.2,8.32
1224,PE,PE,46.421732,-63.770395,diesel_CT,0,2,8.32
1225,PE,PE,46.421732,-63.770395,diesel_CT,0,2,8.32
1226,PE,PE,46.421732,-63.770395,diesel_CT,0,2.2,8.32
1227,PE,PE,46.421732,-63.770395,diesel_CT,0,1.3,8.32
1228,PE,PE,46.421732,-63.770395,diesel_CT,0,1,8.32
1229,PE,PE,46.421732,-63.770395,diesel_CT,0,4.2,8.32
1230,PE,PE,46.421732,-63.770395,wind_onshore,0,12,0
1231,PE,PE,46.716263,-64.16535,wind_onshore,0,9,0
1232,PE,PE,46.682718,-64.383171,wind_onshore,0,99,0
1233,PE,PE,46.716263,-64.16535,wind_onshore,0,10,0
1234,QC,QC,45.41265,-72.001909,hydro_run,0,2.1,1
1235,QC,QC,48.375798,-71.286499,hydro_daily,0,7,5
1236,QC,QC,49.180979,-65.461829,wind_onshore,0,100.5,0
1237,QC,QC,50.194081,-66.59145,wind_onshore,0,200,0
1238,QC,QC,45.58773,-74.060394,hydro_run,0,3.4,1
1239,QC,QC,45.58773,-74.060394,hydro_run,0,1,1
1240,QC,QC,48.667122,-67.966114,wind_onshore,0,109.5,0
1241,QC,QC,46.392484,-72.35237,NG_CC,0,411,2.73
1242,QC,QC,45.31324,-73.917012,hydro_run,0,1900,1
1243,QC,QC,48.375798,-71.286499,hydro_run,0,18,1
1244,QC,QC,45.496135,-75.702082,biomass,0.4,16.5,7.07
1245,QC,QC,45.011385,-71.73654,hydro_run,0,1.6,1
1246,QC,QC,47.138072,-79.456947,hydro_run,0,3.3,1
1247,QC,QC,47.555923,-72.836714,hydro_daily,0,270,5
1248,QC,QC,45.560216,-73.646567,biogas,0.4,4.8,9.72
1249,QC,QC,46.723337,-71.792285,hydro_run,0,5,1
1250,QC,QC,48.521028,-71.613596,hydro_run,0,1,1
1251,QC,QC,47.138374,-79.457341,biomass,0.4,7,7.07
1252,QC,QC,48.521028,-71.613596,wind_onshore,0,23.5,0
1253,QC,QC,45.58229,-76.677924,hydro_run,0,61,1
1254,QC,QC,49.295233,-69.551063,hydro_monthly,0,1178,2
1255,QC,QC,49.171281,-69.225851,hydro_daily,0,845,5
1256,QC,QC,54.44902,-70.512774,hydro_monthly,0,469,2
1257,QC,QC,45.599702,-75.445713,hydro_run,0,20,1
1258,QC,QC,48.375798,-71.286499,hydro_daily,0,222,5
1259,QC,QC,48.375798,-71.286499,hydro_run,0,14.4,1
1260,QC,QC,47.891495,-73.717945,hydro_run,0,62,1
1261,QC,QC,45.58773,-74.060394,hydro_run,0,753,1
1262,QC,QC,48.591575,-71.626113,hydro_daily,0,245,5
1263,QC,QC,48.591575,-71.626113,hydro_run,0,1.2,1
1264,QC,QC,45.612925,-74.707261,hydro_run,0,10,1
1265,QC,QC,45.011385,-71.73654,hydro_run,0,1.6,1
1266,QC,QC,48.375798,-71.286499,hydro_daily,0,8,5
1267,QC,QC,46.85905,-71.3144,wind_onshore,0,23.5,0
1268,QC,QC,45.544123,-76.198305,hydro_run,0,92,1
1269,QC,QC,48.591575,-71.626113,hydro_daily,0,224,5
1270,QC,QC,49.840667,-71.16327,hydro_daily,0,833,5
1271,QC,QC,50.194081,-66.59145,hydro_run,0,25,1
1272,QC,QC,48.375798,-71.286499,hydro_run,0,5.9,1
1273,QC,QC,46.659235,-72.11433,hydro_run,0,9.7,1
1274,QC,QC,45.823493,-72.477436,hydro_run,0,29,1
1275,QC,QC,45.496135,-75.702082,hydro_run,0,152,1
1276,QC,QC,46.449132,-72.739219,hydro_run,0,7.7,1
1277,QC,QC,49.783532,-74.651008,biomass,0.4,31,7.07
1278,QC,QC,46.699855,-71.29486,hydro_run,0,23,1
1279,QC,QC,48.173699,-66.11844,wind_onshore,0,109.5,0
1280,QC,QC,46.392484,-72.35237,NG_CG,0,4.6,2.73
1281,QC,QC,45.622927,-73.522051,NG_CG,0,7.5,2.73
1282,QC,QC,48.346519,-69.46301,hydro_run,0,5.5,1
1283,QC,QC,45.428008,-73.617121,hydro_run,0,11.7,1
1284,QC,QC,48.346519,-69.46301,hydro_run,0,13.2,1
1285,QC,QC,45.599702,-75.445713,hydro_run,0,40.6,1
1286,QC,QC,48.66556,-72.713818,biomass,0.4,28.8,7.07
1287,QC,QC,46.07551,-71.342458,wind_onshore,0,135.7,0
1288,QC,QC,46.723337,-71.792285,hydro_run,0,4.2,1
1289,QC,QC,46.85905,-71.3144,wind_onshore,0,400,0
1290,QC,QC,46.85905,-71.3144,wind_onshore,0,400,0
1291,QC,QC,46.85905,-71.3144,wind_onshore,0,400,0
1292,QC,QC,45.565813,-71.951535,biomass,0.4,30,7.07
1293,QC,QC,45.565813,-71.951535,biomass,0.4,18,7.07
1294,QC,QC,45.823493,-72.477436,hydro_run,0,16,1
1295,QC,QC,45.565813,-71.951535,hydro_run,0,2.2,1
1296,QC,QC,48.375798,-71.286499,hydro_run,0,38,1
1297,QC,QC,52.183013,-76.055626,hydro_monthly,0,480,2
1298,QC,QC,52.183013,-76.055626,hydro_monthly,0,768,2
1299,QC,QC,46.134455,-71.397979,wind_onshore,0,100,0
1300,QC,QC,48.66556,-72.713818,biomass,0.4,43,7.07
1301,QC,QC,49.321295,-68.347497,hydro_run,0,9.9,1
1302,QC,QC,46.963474,-70.526642,wind_onshore,0,180,0
1303,QC,QC,46.224455,-70.795311,wind_onshore,0,24,0
1304,QC,QC,48.346519,-69.46301,hydro_run,0,12,1
1305,QC,QC,45.654819,-75.03097,biomass,0.4,24.3,7.07
1306,QC,QC,45.41265,-72.001909,hydro_run,0,2.2,1
1307,QC,QC,45.41265,-72.001909,hydro_run,0,1.7,1
1308,QC,QC,46.723337,-71.792285,hydro_run,0,4.5,1
1309,QC,QC,46.572831,-72.714653,hydro_run,0,67,1
1310,QC,QC,49.180979,-65.461829,wind_onshore,0,211.5,0
1311,QC,QC,45.507983,-70.723207,wind_onshore,0,120,0
1312,QC,QC,47.79318,-69.458039,hydro_run,0,2.25,1
1313,QC,QC,45.807827,-75.937614,hydro_run,0,109,1
1314,QC,QC,47.057459,-70.922937,hydro_run,0,23.2,1
1315,QC,QC,52.774375,-67.332934,hydro_monthly,0,51,2
1316,QC,QC,45.532195,-73.197685,hydro_run,0,2.55,1
1317,QC,QC,45.49832,-72.713078,biogas,0.4,2.1,9.72
1318,QC,QC,48.667122,-67.966114,wind_onshore,0,133.3,0
1319,QC,QC,48.591575,-71.626113,hydro_daily,0,63,5
1320,QC,QC,46.707337,-71.1923,hydro_run,0,5.5,1
1321,QC,QC,48.375798,-71.286499,hydro_run,0,4.5,1
1322,QC,QC,48.375798,-71.286499,hydro_daily,0,4.5,5
1323,QC,QC,45.58229,-76.677924,hydro_run,0,17,1
1324,QC,QC,45.41265,-72.001909,biomass,0.4,26.5,7.07
1325,QC,QC,45.725663,-73.540189,biomass,0.4,4,7.07
1326,QC,QC,46.449132,-72.739219,hydro_run,0,131,1
1327,QC,QC,47.79318,-69.458039,wind_onshore,0,300,0
1328,QC,QC,45.565813,-71.951535,hydro_run,0,10,1
1329,QC,QC,48.039602,-65.292165,hydro_run,0,1,1
1330,QC,QC,45.287485,-74.012755,hydro_run,0,113,1
1331,QC,QC,45.58773,-74.060394,biogas,0.4,9.9,9.72
1332,QC,QC,54.167523,-72.608968,hydro_monthly,0,878,2
1333,QC,QC,54.588356,-71.278117,hydro_daily,0,319,5
1334,QC,QC,46.449132,-72.739219,hydro_run,0,7.9,1
1335,QC,QC,53.731868,-78.572359,hydro_monthly,0,1436,2
1336,QC,QC,53.782776,-77.532002,hydro_monthly,0,5616,2
1337,QC,QC,53.727381,-75.99008,hydro_monthly,0,2417,2
1338,QC,QC,53.886381,-73.465543,hydro_monthly,0,2779,2
1339,QC,QC,53.781361,-77.549057,hydro_monthly,0,2106,2
1340,QC,QC,46.224455,-70.795311,wind_onshore,0,24.6,0
1341,QC,QC,48.576698,-71.630846,hydro_daily,0,448,5
1342,QC,QC,47.79318,-69.458039,wind_onshore,0,24.6,0
1343,QC,QC,49.054093,-66.75598,wind_onshore,0,57,0
1344,QC,QC,48.801312,-67.579562,wind_onshore,0,43,0
1345,QC,QC,48.138114,-67.438796,wind_onshore,0,138.6,0
1346,QC,QC,48.138114,-67.438796,wind_onshore,0,21.2,0
1347,QC,QC,48.407908,-68.543069,wind_onshore,0,21.2,0
1348,QC,QC,48.407908,-68.543069,wind_onshore,0,74.8,0
1349,QC,QC,48.547136,-78.090505,hydro_run,0,1.1,1
1350,QC,QC,47.442942,-72.798146,hydro_run,0,294,1
1351,QC,QC,50.656795,-68.833818,hydro_monthly,0,1064,2
1352,QC,QC,49.189113,-68.387386,hydro_daily,0,184,5
1353,QC,QC,49.321295,-68.347497,hydro_daily,0,1229,5
1354,QC,QC,49.738504,-68.600972,hydro_daily,0,1326,5
1355,QC,QC,50.639811,-68.726748,hydro_monthly,0,1596,2
1356,QC,QC,49.189113,-68.387386,hydro_daily,0,235,5
1357,QC,QC,46.723337,-71.792285,hydro_run,0,8.5,1
1358,QC,QC,46.81554,-70.847096,wind_onshore,0,150,0
1359,QC,QC,47.79318,-69.458039,wind_onshore,0,270,0
1360,QC,QC,45.807827,-75.937614,hydro_monthly,0,55,2
1361,QC,QC,50.390086,-63.261489,hydro_run,0,42,1
1362,QC,QC,48.66556,-72.713818,hydro_run,0,18.9,1
1363,QC,QC,48.375798,-71.286499,hydro_daily,0,55,5
1364,QC,QC,45.807827,-75.937614,hydro_run,0,2.4,1
1365,QC,QC,45.41265,-72.001909,hydro_run,0,1.8,1
1366,QC,QC,46.963474,-70.526642,hydro_run,0,2.1,1
1367,QC,QC,47.891495,-73.717945,hydro_run,0,22,1
1368,QC,QC,46.884178,-71.209926,hydro_run,0,4.2,1
1369,QC,QC,53.731868,-78.572359,hydro_run,0,1.1,1
1370,QC,QC,45.49832,-72.713078,wind_onshore,0,101.2,0
1371,QC,QC,49.180979,-65.461829,wind_onshore,0,74,0
1372,QC,QC,49.180979,-65.461829,wind_onshore,0,58.5,0
1373,QC,QC,48.66556,-72.713818,hydro_run,0,10,1
1374,QC,QC,46.224455,-70.795311,wind_onshore,0,147.2,0
1375,QC,QC,45.543494,-75.421276,hydro_run,0,119.4,1
1376,QC,QC,48.568001,-68.180179,hydro_run,0,6,1
1377,QC,QC,48.568001,-68.180179,hydro_run,0,4,1
1378,QC,QC,49.180979,-65.461829,wind_onshore,0,54,0
1379,QC,QC,49.181777,-65.649927,wind_onshore,0,100.5,0
1380,QC,QC,49.180979,-65.461829,wind_onshore,0,54,0
1381,QC,QC,47.79318,-69.458039,wind_onshore,0,224.4,0
1382,QC,QC,48.201967,-65.720387,wind_onshore,0,67.8,0
1383,QC,QC,49.144476,-68.389871,hydro_daily,0,523,5
1384,QC,QC,49.557292,-68.721667,hydro_daily,0,1026,5
1385,QC,QC,49.703688,-68.903887,hydro_monthly,0,785,2
1386,QC,QC,48.375798,-71.286499,hydro_run,0,9.1,1
1387,QC,QC,45.807827,-75.937614,hydro_daily,0,226,5
1388,QC,QC,48.346519,-69.46301,hydro_run,0,4.1,1
1389,QC,QC,48.346519,-69.46301,hydro_run,0,7.6,1
1390,QC,QC,48.346519,-69.46301,hydro_run,0,9.9,1
1391,QC,QC,48.346519,-69.46301,hydro_run,0,8.7,1
1392,QC,QC,47.79318,-69.458039,wind_onshore,0,349.8,0
1393,QC,QC,49.840667,-71.16327,hydro_run,0,385,1
1394,QC,QC,47.517822,-79.702597,hydro_daily,0,131,5
1395,QC,QC,46.016066,-73.08655,wind_onshore,0,24.6,0
1396,QC,QC,50.197114,-66.636316,hydro_run,0,1.7,1
1397,QC,QC,45.41265,-72.001909,hydro_run,0,1.6,1
1398,QC,QC,49.004548,-76.950388,biomass,0.4,55.3,7.07
1399,QC,QC,45.807827,-75.937614,hydro_run,0,9,1
1400,QC,QC,47.79318,-69.458039,hydro_run,0,2.65,1
1401,QC,QC,46.85905,-71.3144,wind_onshore,0,350,0
1402,QC,QC,45.584357,-73.626653,hydro_run,0,54,1
1403,QC,QC,47.517822,-79.702597,hydro_daily,0,109,5
1404,QC,QC,45.41265,-72.001909,hydro_run,0,2.9,1
1405,QC,QC,46.572831,-72.714653,hydro_run,0,230,1
1406,QC,QC,48.407908,-68.543069,hydro_run,0,3.7,1
1407,QC,QC,50.390086,-63.261489,hydro_daily,0,270,5
1408,QC,QC,50.61578,-63.176289,hydro_monthly,0,640,2
1409,QC,QC,51.113405,-63.402875,hydro_monthly,0,395,2
1410,QC,QC,51.349728,-63.49826,hydro_monthly,0,245,2
1411,QC,QC,48.016863,-66.927399,wind_onshore,0,149.3,0
1412,QC,QC,48.016863,-66.927399,wind_onshore,0,102.2,0
1413,QC,QC,48.547136,-78.090505,hydro_run,0,67,1
1414,QC,QC,48.547136,-78.090505,hydro_monthly,0,67,2
1415,QC,QC,47.796284,-72.973162,hydro_monthly,0,204,2
1416,QC,QC,47.787815,-73.37374,hydro_run,0,76,1
1417,QC,QC,45.496135,-75.702082,hydro_run,0,104,1
1418,QC,QC,47.517822,-79.702597,hydro_daily,0,176,5
1419,QC,QC,48.346519,-69.46301,hydro_run,0,1,1
1420,QC,QC,48.346519,-69.46301,hydro_run,0,7.2,1
1421,QC,QC,48.346519,-69.46301,hydro_run,0,4.9,1
1422,QC,QC,46.01604,-73.41372,hydro_run,0,2.4,1
1423,QC,QC,46.659235,-72.11433,hydro_run,0,8.2,1
1424,QC,QC,47.325569,-70.856415,wind_onshore,0,131.2,0
1425,QC,QC,47.325569,-70.856415,wind_onshore,0,140.6,0
1426,QC,QC,47.325569,-70.856415,wind_onshore,0,67.9,0
1427,QC,QC,46.079876,-72.254997,hydro_run,0,3.5,1
1428,QC,QC,47.057459,-70.922937,hydro_run,0,22,1
1429,QC,QC,45.010218,-73.343103,wind_onshore,0,24,0
1430,QC,QC,48.407908,-68.543069,wind_onshore,0,23.5,0
1431,QC,QC,48.407908,-68.543069,wind_onshore,0,122.3,0
1432,QC,QC,48.66556,-72.713818,biomass,0.4,23,7.07
1433,QC,QC,46.56223,-72.735125,hydro_daily,0,200,5
1434,QC,QC,46.56223,-72.735125,hydro_daily,0,194,5
1435,QC,QC,45.487957,-73.544175,hydro_run,0,5.8,1
1436,QC,QC,50.197114,-66.636316,hydro_run,0,28.9,1
1437,QC,QC,50.212366,-66.658522,hydro_daily,0,22,5
1438,QC,QC,50.714911,-66.781721,hydro_monthly,0,882,2
1439,QC,QC,46.548442,-72.412328,hydro_run,0,15,1
1440,QC,QC,45.823493,-72.477436,biogas,0.4,7.6,9.72
1441,QC,QC,46.963474,-70.526642,wind_onshore,0,24,0
1442,QC,QC,48.375798,-71.286499,hydro_daily,0,1152,5
1443,QC,QC,46.81554,-70.847096,hydro_run,0,4.05,1
1444,QC,QC,45.507983,-70.723207,wind_onshore,0,80,0
1445,QC,QC,52.667913,-76.630478,hydro_daily,0,150,5
1446,QC,QC,46.04274,-73.138399,biomass,0.4,9.9,7.07
1447,QC,QC,48.547136,-78.090505,biomass,0.4,31,7.07
1448,QC,QC,48.353568,-64.701316,wind_onshore,0,4.1,0
1449,QC,QC,46.366867,-72.40506,NG_CG,0,547,2.73
1450,QC,QC,46.56223,-72.735125,hydro_run,0,4.9,1
1451,QC,QC,49.970609,-68.16195,hydro_monthly,0,526,2
1452,QC,QC,47.79318,-69.458039,wind_onshore,0,23.5,0
1453,QC,QC,47.79318,-69.458039,wind_onshore,0,51.7,0
1454,QC,QC,46.383674,-79.360432,biomass,0.4,9.4,7.07
1455,QC,QC,46.383674,-79.360432,biomass,0.4,50.8,7.07
1456,QC,QC,47.751591,-72.879396,hydro_daily,0,350,5
1457,QC,QC,48.138114,-67.438796,wind_onshore,0,101.1,0
1458,QC,QC,47.79318,-69.458039,wind_onshore,0,24.6,0
1459,QC,QC,48.521028,-71.613596,hydro_run,0,17.6,1
1460,QC,QC,45.287485,-74.012755,biomass,0.4,9.75,7.07
1461,QC,QC,45.565813,-71.951535,hydro_run,0,4.5,1
1462,QC,QC,45.565813,-71.951535,hydro_run,0,5.5,1
1463,QC,QC,47.79318,-69.458039,hydro_run,0,2.5,1
1464,QC,QC,45.58229,-76.677924,hydro_run,0,11.02,1
1465,QC,QC,45.565813,-71.951535,hydro_run,0,4.3,1
1466,SK,SK,52.0944,-106.705,NG_CC,0,370,2.73
1467,SK,SK,50.395902,-104.575222,solar_PV,0,10,0
1468,SK,SK,49.0961,-103.0305,coal_CCS,0,139,16.06
1469,SK,SK,49.0961,-103.0305,coal,0,139,6.58
1470,SK,SK,49.0961,-103.0305,coal,0,139,6.58
1471,SK,SK,49.0961,-103.0305,coal,0,284,6.58
1472,SK,SK,52.75824,-108.280284,NG_SC,0,176,6.88
1473,SK,SK,52.75824,-108.280284,NG_CC,0,95,2.73
1474,SK,SK,50.045462,-102.424187,wind_onshore,0,200,0
1475,SK,SK,50.342535,-107.401577,wind_onshore,0,175,0
1476,SK,SK,51.274769,-106.873648,hydro_daily,0,62,5
1477,SK,SK,51.274769,-106.873648,hydro_daily,0,62,5
1478,SK,SK,51.274769,-106.873648,hydro_daily,0,62,5
1479,SK,SK,57.429335,-111.138592,hydro_daily,0,10,5
1480,SK,SK,50.298269,-107.926208,NG_CC,0,350,2.73
1481,SK,SK,52.0944,-106.705,NG_CG,0,83,2.73
1482,SK,SK,52.0944,-106.705,NG_CG,0,83,2.73
1483,SK,SK,52.0944,-106.705,NG_CG,0,83,2.73
1484,SK,SK,50.298269,-107.926208,wind_onshore,0,150,0
1485,SK,SK,50.298269,-107.926208,wind_onshore,0,11,0
1486,SK,SK,53.68898,-103.347519,hydro_daily,0,36,5
1487,SK,SK,53.68898,-103.347519,hydro_daily,0,36,5
1488,SK,SK,53.68898,-103.347519,hydro_daily,0,36,5
1489,SK,SK,53.68898,-103.347519,hydro_daily,0,36,5
1490,SK,SK,53.68898,-103.347519,hydro_daily,0,36,5
1491,SK,SK,53.68898,-103.347519,hydro_daily,0,36,5
1492,SK,SK,53.68898,-103.347519,hydro_daily,0,36,5
1493,SK,SK,53.68898,-103.347519,hydro_daily,0,36,5
1494,SK,SK,51.984771,-110.60364,NG_SC,0,46,6.88
1495,SK,SK,51.984771,-110.60364,NG_SC,0,46,6.88
1496,SK,SK,51.984771,-110.60364,NG_SC,0,46,6.88
1497,SK,SK,50.478749,-104.547482,solar_PV,0,10,0
1498,SK,SK,50.37399,-105.490182,NG_CC,0,350,2.73
1499,SK,SK,49.611311,-105.961705,wind_onshore,0,200,0
1500,SK,SK,50.342535,-107.401577,solar_PV,0,10,0
1501,SK,SK,54.791077,-101.844792,hydro_daily,0,13,5
1502,SK,SK,54.791077,-101.844792,hydro_daily,0,13,5
1503,SK,SK,54.791077,-101.844792,hydro_daily,0,13,5
1504,SK,SK,54.791077,-101.844792,hydro_daily,0,18,5
1505,SK,SK,54.791077,-101.844792,hydro_daily,0,18,5
1506,SK,SK,54.791077,-101.844792,hydro_daily,0,18,5
1507,SK,SK,54.791077,-101.844792,hydro_daily,0,18,5
1508,SK,SK,49.0961,-103.0305,solar_PV,0,100,0
1509,SK,SK,51.405301,-110.561189,NG_CC,0,15,2.73
1510,SK,SK,52.702233,-108.172683,NG_SC,0,79,6.88
1511,SK,SK,54.08844,-108.437515,NG_SC,0,44,6.88
1512,SK,SK,54.08844,-108.437515,biomass,0.4,6.6,7.07
1513,SK,SK,53.247035,-109.974347,NG_CG,0,76,2.73
1514,SK,SK,53.247035,-109.974347,NG_CG,0,76,2.73
1515,SK,SK,53.247035,-109.974347,NG_CG,0,76,2.73
1516,SK,SK,50.342535,-107.401577,wind_onshore,0,23,0
1517,SK,SK,53.287725,-104.037682,hydro_daily,0,85,5
1518,SK,SK,53.287725,-104.037682,hydro_daily,0,85,5
1519,SK,SK,53.287725,-104.037682,hydro_daily,0,85,5
1520,SK,SK,49.0751,-102.8641,biogas,0.4,5,9.72
1521,SK,SK,50.395902,-104.575222,biogas,0.4,5,9.72
1522,SK,SK,51.984771,-110.60364,biogas,0.4,5,9.72
1523,SK,SK,51.274769,-106.873648,biogas,0.4,5,9.72
1524,SK,SK,52.0944,-106.705,NG_CC,0,47,2.73
1525,SK,SK,49.0579,-105.4851,coal,0,291,6.58
1526,SK,SK,49.0579,-105.4851,coal,0,291,6.58
1527,SK,SK,50.106533,-102.982766,solar_PV,0,10,0
1528,SK,SK,52.0944,-106.705,NG_CC,0,61,2.73
1529,SK,SK,52.0944,-106.705,NG_CC,0,62,2.73
1530,SK,SK,52.0944,-106.705,NG_CC,0,95,2.73
1531,SK,SK,52.0944,-106.705,NG_CC,0,28,2.73
1532,SK,SK,52.0944,-106.705,NG_CC,0,28,2.73
1533,SK,SK,52.0944,-106.705,NG_CC,0,28,2.73
1534,SK,SK,52.0944,-106.705,NG_CC,0,28,2.73
1535,SK,SK,52.0944,-106.705,NG_CC,0,28,2.73
1536,SK,SK,52.0944,-106.705,NG_CC,0,28,2.73
1537,SK,SK,52.0944,-106.705,NG_CC,0,21,2.73
1538,SK,SK,52.0944,-106.705,NG_CC,0,21,2.73
1539,SK,SK,52.0944,-106.705,NG_CC,0,35,2.73
1540,SK,SK,52.0944,-106.705,NG_CC,0,35,2.73
1541,SK,SK,52.0944,-106.705,NG_CC,0,35,2.73
1542,SK,SK,52.0944,-106.705,NG_CC,0,35,2.73
1543,SK,SK,52.0944,-106.705,NG_CC,0,35,2.73
1544,SK,SK,52.0944,-106.705,NG_CC,0,35,2.73
1545,SK,SK,52.0944,-106.705,NG_CC,0,100,2.73
1546,SK,SK,50.045462,-102.424187,wind_onshore,0,26,0
1547,SK,SK,51.274769,-106.873648,wind_onshore,0,10.5,0
1548,SK,SK,49.0751,-102.8641,coal,0,276,6.58
1549,SK,SK,50.298269,-107.926208,wind_onshore,0,11,0
1550,SK,SK,50.596096,-101.855381,NG_SC,0,89,6.88
1551,SK,SK,50.596096,-101.855381,NG_SC,0,89,6.88
1552,SK,SK,57.429335,-111.138592,hydro_run,0,5,1
1553,SK,SK,50.106533,-102.982766,wind_onshore,0,20,0
1554,SK,SK,57.429335,-111.138592,hydro_run,0,8,1
1555,SK,SK,52.702233,-108.172683,NG_SC,0,46,6.88
1556,SK,SK,52.702233,-108.172683,NG_SC,0,46,6.88
1557,SK,SK,52.702233,-108.172683,NG_SC,0,46,6.88
1558,SK,SK,52.702233,-108.172683,NG_SC,0,46,6.88
