Existing Gen (MW),Op Condition,Status,Candidate Gen (MW),Time,Load Shed Cost (M$),Demand (MW),Op Cost (M$),Congestion,Load Shed (MW),% LS,% UU,,,0,72.30483744,,,,,488.8888889,488.8888889
4101.041274,1,OPTIMAL,140.9587257,1,0,4242,5.056261307,No,0,0,28.83246661,488.8888889,,,,,,,,533.3333333,1022.222222
4322.09234,2,OPTIMAL,373.8016602,1,0,4695.894,8.372125949,No,0,0,76.4594305,488.8888889,,,,,,,,44.44444444,1066.666667
4254.873618,3,OPTIMAL,271.5100624,1,0,4526.38368,10.24394091,No,0,0,55.53614913,488.8888889,,,,,,,,266.6666667,1333.333333
4213.129085,4,OPTIMAL,235.371475,1,0,4448.50056,14.29609619,No,0,0,48.14416535,488.8888889,,,,,,,,44.44444444,1377.777778
4205.762403,5,OPTIMAL,228.9940773,1,0,4434.75648,0.360651567,No,0,0,46.83969762,488.8888889,,,,,,,,44.44444444,1422.222222
4203.306842,6,OPTIMAL,226.868278,1,0,4430.17512,29.17835415,No,0,0,46.40487505,488.8888889,,,,,,,,133.3333333,1555.555556
4272.062543,7,OPTIMAL,286.3906572,1,0,4558.4532,30.51431836,No,0,0,58.57990716,488.8888889,,,,,,,,133.3333333,1688.888889
4309.586856,8,OPTIMAL,349.6562636,1,0,4659.24312,31.66535927,No,0,0,71.52059938,488.8888889,,,,,,,,222.2222222,1911.111111
4328.345081,9,OPTIMAL,385.8743585,1,0,4714.21944,35.86019407,No,0,0,78.92884606,488.8888889,,,,,,,,88.88888889,2000
4200.851281,10,OPTIMAL,224.7424788,1,0,4425.59376,8.905090136,No,0,0,45.97005247,488.8888889,,,,,,,,,
4161.195885,11,OPTIMAL,191.0961148,1,0,4352.292,29.65274528,No,0,0,39.08784167,488.8888889,,,,,,,,,
4257.329178,12,OPTIMAL,273.6358617,1,0,4530.96504,7.299125934,No,0,0,55.97097171,488.8888889,,,,,,,,,
4318.965969,13,OPTIMAL,367.7653111,1,0,4686.73128,4.896912727,No,0,0,75.22472272,488.8888889,,,,,,,,,
4208.217963,14,OPTIMAL,231.1198765,1,0,4439.33784,7.853414748,No,0,0,47.2745202,488.8888889,,,,,,,,,
4295.518188,15,OPTIMAL,322.4926925,1,0,4618.01088,26.53121227,No,0,0,65.96441437,488.8888889,,,,,,,,,
4309.586856,16,OPTIMAL,349.6562636,1,0,4659.24312,15.06965893,No,0,0,71.52059938,488.8888889,,,,,,,,,
4218.040206,17,OPTIMAL,239.6230736,1,0,4457.66328,11.42745759,No,0,0,49.0138105,488.8888889,,,,,,,,,
4195.94016,18,OPTIMAL,220.4908802,1,0,4416.43104,29.79298911,No,0,0,45.10040732,488.8888889,,,,,,,,,
4328.102981,19,OPTIMAL,436.5114191,1,0,4764.6144,34.0620111,No,0,0,89.28642662,488.8888889,,,,,,,,,
4240.140253,20,OPTIMAL,258.7552669,1,0,4498.89552,1.099803561,No,0,0,52.92721368,488.8888889,,,,,,,,,
4242.595814,21,OPTIMAL,260.8810661,1,0,4503.47688,6.147688175,No,0,0,53.36203626,488.8888889,,,,,,,,,
4245.051375,22,OPTIMAL,263.0068654,1,0,4508.05824,4.68500194,No,0,0,53.79685883,488.8888889,,,,,,,,,
4193.484599,23,OPTIMAL,218.365081,1,0,4411.84968,11.29359115,No,0,0,44.66558475,488.8888889,,,,,,,,,
4213.129085,24,OPTIMAL,235.371475,1,0,4448.50056,35.37831398,No,0,0,48.14416535,488.8888889,,,,,,,,,
4262.2403,25,OPTIMAL,277.8874602,1,0,4540.12776,16.48395443,No,0,0,56.84061686,488.8888889,,,,,,,,,
4200.851281,26,OPTIMAL,224.7424788,1,0,4425.59376,28.06452649,No,0,0,45.97005247,488.8888889,,,,,,,,,
4191.029038,27,OPTIMAL,216.2392817,1,0,4407.26832,3.581017303,No,0,0,44.23076217,488.8888889,,,,,,,,,
4267.151421,28,OPTIMAL,282.1390587,1,0,4549.29048,6.218871123,No,0,0,57.71026201,488.8888889,,,,,,,,,
4329.484476,29,OPTIMAL,393.8976841,1,0,4723.38216,32.9367175,No,0,0,80.56998085,488.8888889,,,,,,,,,
4264.695861,30,OPTIMAL,280.0132595,1,0,4544.70912,9.549411065,No,0,0,57.27543943,488.8888889,,,,,,,,,
4168.692075,31,OPTIMAL,197.3440049,1,0,4366.03608,33.56816093,No,0,0,40.36581917,488.8888889,,,,,,,,,
4235.229132,32,OPTIMAL,254.5036684,1,0,4489.7328,7.223587014,No,0,0,52.05756853,488.8888889,,,,,,,,,
4195.94016,33,OPTIMAL,220.4908802,1,0,4416.43104,25.84452067,No,0,0,45.10040732,488.8888889,,,,,,,,,
4298.644558,34,OPTIMAL,328.5290416,1,0,4627.1736,0.378522247,No,0,0,67.19912215,488.8888889,,,,,,,,,
4205.762403,35,OPTIMAL,228.9940773,1,0,4434.75648,16.40964631,No,0,0,46.83969762,488.8888889,,,,,,,,,
4281.449519,36,OPTIMAL,295.3291213,1,0,4576.77864,21.02774914,No,0,0,60.40822935,488.8888889,,,,,,,,,
4227.862449,37,OPTIMAL,248.1262706,1,0,4475.98872,16.94814901,No,0,0,50.7531008,488.8888889,,,,,,,,,
4168.692075,38,OPTIMAL,197.3440049,1,0,4366.03608,4.162806237,No,0,0,40.36581917,488.8888889,,,,,,,,,
4242.595814,39,OPTIMAL,260.8810661,1,0,4503.47688,15.23158563,No,0,0,53.36203626,488.8888889,,,,,,,,,
4328.845118,40,OPTIMAL,440.3506417,1,0,4769.19576,18.22680448,No,0,0,90.07172216,488.8888889,,,,,,,,,
4245.051375,41,OPTIMAL,263.0068654,1,0,4508.05824,29.02863947,No,0,0,53.79685883,488.8888889,,,,,,,,,
4220.495767,42,OPTIMAL,241.7488728,1,0,4462.24464,29.78251515,No,0,0,49.44863308,488.8888889,,,,,,,,,
4329.908267,43,OPTIMAL,388.8925331,1,0,4718.8008,0.387059692,No,0,0,79.54619995,488.8888889,,,,,,,,,
4161.195885,44,OPTIMAL,191.0961148,1,0,4352.292,17.82694806,No,0,0,39.08784167,488.8888889,,,,,,,,,
4311.150042,45,OPTIMAL,352.6744382,1,0,4663.82448,2.29162335,No,0,0,72.13795327,488.8888889,,,,,,,,,
4274.518104,46,OPTIMAL,288.5164565,1,0,4563.03456,32.03936935,No,0,0,59.01472974,488.8888889,,,,,,,,,
4242.595814,47,OPTIMAL,260.8810661,1,0,4503.47688,20.27819532,No,0,0,53.36203626,488.8888889,,,,,,,,,
4328.102981,48,OPTIMAL,436.5114191,1,0,4764.6144,21.63133464,No,0,0,89.28642662,488.8888889,,,,,,,,,
4186.117917,1,OPTIMAL,211.9876832,2,0,4398.1056,22.41754949,No,0,0,20.73792553,1022.222222,,,,,,,,,
4333.505316,2,OPTIMAL,837.2381637,2,0,5170.74348,35.31057971,No,0,0,81.90373341,1022.222222,,,,,,,,,
4295.198541,3,OPTIMAL,520.1501794,2,0,4815.34872,7.923992645,No,0,0,50.88425668,1022.222222,,,,,,,,,
4283.005813,4,OPTIMAL,602.4207466,2,0,4885.42656,10.17278413,No,0,0,58.93246434,1022.222222,,,,,,,,,
4293.994811,5,OPTIMAL,656.5040292,2,0,4950.49884,8.592569743,No,0,0,64.22322025,1022.222222,,,,,,,,,
4326.095601,6,OPTIMAL,804.6033991,2,0,5130.699,9.707666943,No,0,0,78.71120208,1022.222222,,,,,,,,,
4285.593447,7,OPTIMAL,614.8497928,2,0,4900.44324,15.56679952,No,0,0,60.1483493,1022.222222,,,,,,,,,
4287.31596,8,OPTIMAL,623.1384005,2,0,4910.45436,13.78016997,No,0,0,60.95919135,1022.222222,,,,,,,,,
4280.269609,9,OPTIMAL,575.1235906,2,0,4855.3932,25.09947745,No,0,0,56.26209038,1022.222222,,,,,,,,,
4336.33659,10,OPTIMAL,849.4235697,2,0,5185.76016,1.080260816,No,0,0,83.09578399,1022.222222,,,,,,,,,
4324.243172,11,OPTIMAL,796.4447079,2,0,5120.68788,9.259716395,No,0,0,77.91306925,1022.222222,,,,,,,,,
4295.198541,12,OPTIMAL,520.1501794,2,0,4815.34872,25.25772656,No,0,0,50.88425668,1022.222222,,,,,,,,,
4300.79689,13,OPTIMAL,499.5351502,2,0,4800.33204,24.08143465,No,0,0,48.86756904,1022.222222,,,,,,,,,
4282.137817,14,OPTIMAL,598.2831831,2,0,4880.421,27.36315537,No,0,0,58.52770269,1022.222222,,,,,,,,,
4312.202385,15,OPTIMAL,743.4132153,2,0,5055.6156,27.050431,No,0,0,72.72520585,1022.222222,,,,,,,,,
4327.021815,16,OPTIMAL,808.6827446,2,0,5135.70456,24.24353807,No,0,0,79.1102685,1022.222222,,,,,,,,,
4329.800459,17,OPTIMAL,820.9207814,2,0,5150.72124,17.14654921,No,0,0,80.30746774,1022.222222,,,,,,,,,
4345.057625,18,OPTIMAL,890.7581354,2,0,5235.81576,28.19232,No,0,0,87.13938281,1022.222222,,,,,,,,,
4280.401824,19,OPTIMAL,590.008056,2,0,4870.40988,22.78132,No,0,0,57.71817939,1022.222222,,,,,,,,,
4298.664,20,OPTIMAL,681.8681998,2,0,4980.5322,34.51169497,No,0,0,66.7044978,1022.222222,,,,,,,,,
4283.005813,21,OPTIMAL,602.4207466,2,0,4885.42656,27.79889524,No,0,0,58.93246434,1022.222222,,,,,,,,,
4322.390743,22,OPTIMAL,788.2860167,2,0,5110.67676,28.14018699,No,0,0,77.11493642,1022.222222,,,,,,,,,
4304.792669,23,OPTIMAL,710.7784507,2,0,5015.57112,13.08763059,No,0,0,69.53267452,1022.222222,,,,,,,,,
4293.994811,24,OPTIMAL,656.5040292,2,0,4950.49884,16.7759695,No,0,0,64.22322025,1022.222222,,,,,,,,,
4304.529123,25,OPTIMAL,485.7917974,2,0,4790.32092,19.59302295,No,0,0,47.52311061,1022.222222,,,,,,,,,
4290.760984,26,OPTIMAL,639.7156158,2,0,4930.4766,26.67372484,No,0,0,62.58087546,1022.222222,,,,,,,,,
4293.216613,27,OPTIMAL,652.2766674,2,0,4945.49328,14.6104886,No,0,0,63.80967399,1022.222222,,,,,,,,,
4304.792669,28,OPTIMAL,710.7784507,2,0,5015.57112,17.03469379,No,0,0,69.53267452,1022.222222,,,,,,,,,
4292.438414,29,OPTIMAL,648.0493057,2,0,4940.48772,17.45055016,No,0,0,63.39612773,1022.222222,,,,,,,,,
4310.127472,30,OPTIMAL,465.1767682,2,0,4775.30424,0.686713286,No,0,0,45.50642297,1022.222222,,,,,,,,,
4308.261355,31,OPTIMAL,472.0484446,2,0,4780.3098,27.79637299,No,0,0,46.17865219,1022.222222,,,,,,,,,
4317.591937,32,OPTIMAL,437.6900626,2,0,4755.282,7.517347759,No,0,0,42.81750612,1022.222222,,,,,,,,,
4293.994811,33,OPTIMAL,656.5040292,2,0,4950.49884,32.83589152,No,0,0,64.22322025,1022.222222,,,,,,,,,
4333.505316,34,OPTIMAL,837.2381637,2,0,5170.74348,17.65528985,No,0,0,81.90373341,1022.222222,,,,,,,,,
4284.001842,35,OPTIMAL,561.3802378,2,0,4845.38208,14.96413734,No,0,0,54.91763196,1022.222222,,,,,,,,,
4295.551207,36,OPTIMAL,664.9587527,2,0,4960.50996,15.38024894,No,0,0,65.05031277,1022.222222,,,,,,,,,
4302.663006,37,OPTIMAL,492.6634738,2,0,4795.32648,0.690031321,No,0,0,48.19533982,1022.222222,,,,,,,,,
4289.600191,38,OPTIMAL,540.7652086,2,0,4830.3654,19.38405531,No,0,0,52.90094432,1022.222222,,,,,,,,,
4313.128599,39,OPTIMAL,747.4925609,2,0,5060.62116,0.734780902,No,0,0,73.12427226,1022.222222,,,,,,,,,
4287.31596,40,OPTIMAL,623.1384005,2,0,4910.45436,28.67491251,No,0,0,60.95919135,1022.222222,,,,,,,,,
4314.054814,41,OPTIMAL,751.5719065,2,0,5065.62672,23.11996911,No,0,0,73.52333868,1022.222222,,,,,,,,,
4343.435917,42,OPTIMAL,882.368723,2,0,5225.80464,8.721835518,No,0,0,86.31867942,1022.222222,,,,,,,,,
4332.579102,43,OPTIMAL,833.1588181,2,0,5165.73792,7.849846071,No,0,0,81.50466699,1022.222222,,,,,,,,,
4311.27617,44,OPTIMAL,739.3338698,2,0,5050.61004,14.66143886,No,0,0,72.32613943,1022.222222,,,,,,,,,
4348.30104,45,OPTIMAL,907.5369601,2,0,5255.838,33.37062309,No,0,0,88.78078958,1022.222222,,,,,,,,,
4297.107604,46,OPTIMAL,673.4134762,2,0,4970.52108,25.48881727,No,0,0,65.87740528,1022.222222,,,,,,,,,
4284.732191,47,OPTIMAL,610.705489,2,0,4895.43768,13.42798338,No,0,0,59.74292827,1022.222222,,,,,,,,,
4282.135726,48,OPTIMAL,568.2519142,2,0,4850.38764,33.85912232,No,0,0,55.58986117,1022.222222,,,,,,,,,
4308.261355,1,OPTIMAL,472.0484446,3,0,4780.3098,35.94866613,No,0,0,44.25454168,1066.666667,,,,,,,,,
4295.960091,2,OPTIMAL,667.1799089,3,0,4963.14,29.75362287,No,0,0,62.54811646,1066.666667,,,,,,,,,
4354.317305,3,OPTIMAL,929.5178955,3,0,5283.8352,39.97047055,No,0,0,87.1423027,1066.666667,,,,,,,,,
4312.987312,4,OPTIMAL,746.8702879,3,0,5059.8576,14.37816091,No,0,0,70.01908949,1066.666667,,,,,,,,,
4306.393921,5,OPTIMAL,717.8308786,3,0,5024.2248,13.01013971,No,0,0,67.29664487,1066.666667,,,,,,,,,
4333.709397,6,OPTIMAL,838.1370026,3,0,5171.8464,5.168692937,No,0,0,78.57534399,1066.666667,,,,,,,,,
4331.825571,7,OPTIMAL,829.8400285,3,0,5161.6656,27.71766963,No,0,0,77.79750267,1066.666667,,,,,,,,,
4328.05792,8,OPTIMAL,813.2460804,3,0,5141.304,8.127157154,No,0,0,76.24182004,1066.666667,,,,,,,,,
4328.05792,9,OPTIMAL,813.2460804,3,0,5141.304,2.56647068,No,0,0,76.24182004,1066.666667,,,,,,,,,
4293.585927,10,OPTIMAL,654.282873,3,0,4947.8688,22.59256267,No,0,0,61.33901935,1066.666667,,,,,,,,,
4346.883746,11,OPTIMAL,896.228254,3,0,5243.112,10.17601479,No,0,0,84.02139881,1066.666667,,,,,,,,,
4346.883746,12,OPTIMAL,896.228254,3,0,5243.112,19.804932,No,0,0,84.02139881,1066.666667,,,,,,,,,
4335.593223,13,OPTIMAL,846.4339766,3,0,5182.0272,23.42067496,No,0,0,79.35318531,1066.666667,,,,,,,,,
4282.358494,14,OPTIMAL,599.335106,3,0,4881.6936,20.62926224,No,0,0,56.18766619,1066.666667,,,,,,,,,
4324.290268,15,OPTIMAL,796.6521322,3,0,5120.9424,24.37469786,No,0,0,74.6861374,1066.666667,,,,,,,,,
4355.205857,16,OPTIMAL,933.7197428,3,0,5288.9256,5.748139727,No,0,0,87.53622588,1066.666667,,,,,,,,,
4346.883746,17,OPTIMAL,896.228254,3,0,5243.112,16.30350756,No,0,0,84.02139881,1066.666667,,,,,,,,,
4301.698851,18,OPTIMAL,697.0739486,3,0,4998.7728,38.69478504,No,0,0,65.35068268,1066.666667,,,,,,,,,
4292.794539,19,OPTIMAL,649.9838611,3,0,4942.7784,0.816843898,No,0,0,60.93598697,1066.666667,,,,,,,,,
4363.301164,20,OPTIMAL,976.5284365,3,0,5339.8296,26.94760748,No,0,0,91.54954092,1066.666667,,,,,,,,,
4305.452008,21,OPTIMAL,713.6823916,3,0,5019.1344,38.04825477,No,0,0,66.90772421,1066.666667,,,,,,,,,
4348.751714,22,OPTIMAL,904.5410861,3,0,5253.2928,22.0433504,No,0,0,84.80072683,1066.666667,,,,,,,,,
4326.174094,23,OPTIMAL,804.9491063,3,0,5131.1232,36.91404921,No,0,0,75.46397872,1066.666667,,,,,,,,,
4284.994947,24,OPTIMAL,611.9698529,3,0,4896.9648,2.827976067,No,0,0,57.37217371,1066.666667,,,,,,,,,
4336.535136,25,OPTIMAL,850.5824637,3,0,5187.1176,6.483210907,No,0,0,79.74210597,1066.666667,,,,,,,,,
4289.374216,26,OPTIMAL,633.0425842,3,0,4922.4168,18.79850655,No,0,0,59.34774227,1066.666667,,,,,,,,,
4350.619682,27,OPTIMAL,912.8539183,3,0,5263.4736,34.95370332,No,0,0,85.58005484,1066.666667,,,,,,,,,
4295.168703,28,OPTIMAL,662.8808969,3,0,4958.0496,26.43865229,No,0,0,62.14508409,1066.666667,,,,,,,,,
4287.5443,29,OPTIMAL,548.3356995,3,0,4835.88,34.04129971,No,0,0,51.40647183,1066.666667,,,,,,,,,
4339.360875,30,OPTIMAL,863.0279248,3,0,5202.3888,1.301111129,No,0,0,80.90886795,1066.666667,,,,,,,,,
4282.358494,31,OPTIMAL,599.335106,3,0,4881.6936,4.025221901,No,0,0,56.18766619,1066.666667,,,,,,,,,
4289.374216,32,OPTIMAL,633.0425842,3,0,4922.4168,37.19055891,No,0,0,59.34774227,1066.666667,,,,,,,,,
4363.301164,33,OPTIMAL,976.5284365,3,0,5339.8296,16.660554,No,0,0,91.54954092,1066.666667,,,,,,,,,
4299.917031,34,OPTIMAL,688.6749687,3,0,4988.592,6.60577375,No,0,0,64.56327832,1066.666667,,,,,,,,,
4302.634168,35,OPTIMAL,701.2290319,3,0,5003.8632,16.26291077,No,0,0,65.74022175,1066.666667,,,,,,,,,
4300.763535,36,OPTIMAL,692.9188652,3,0,4993.6824,4.960251134,No,0,0,64.96114361,1066.666667,,,,,,,,,
4279.710369,37,OPTIMAL,586.7120309,3,0,4866.4224,3.208384261,No,0,0,55.00425289,1066.666667,,,,,,,,,
4339.360875,38,OPTIMAL,863.0279248,3,0,5202.3888,13.55324092,No,0,0,80.90886795,1066.666667,,,,,,,,,
4293.585927,39,OPTIMAL,654.282873,3,0,4947.8688,21.36581719,No,0,0,61.33901935,1066.666667,,,,,,,,,
4328.999833,40,OPTIMAL,817.3945674,3,0,5146.3944,41.75356215,No,0,0,76.63074069,1066.666667,,,,,,,,,
4287.5443,41,OPTIMAL,548.3356995,3,0,4835.88,31.65243657,No,0,0,51.40647183,1066.666667,,,,,,,,,
4286.746655,42,OPTIMAL,620.3989454,3,0,4907.1456,27.33612482,No,0,0,58.16240113,1066.666667,,,,,,,,,
4334.65131,43,OPTIMAL,842.2854896,3,0,5176.9368,10.88832927,No,0,0,78.96426465,1066.666667,,,,,,,,,
4308.277747,44,OPTIMAL,726.1278527,3,0,5034.4056,13.8758092,No,0,0,68.07448619,1066.666667,,,,,,,,,
4346.883746,45,OPTIMAL,896.228254,3,0,5243.112,20.24261006,No,0,0,84.02139881,1066.666667,,,,,,,,,
4334.65131,46,OPTIMAL,842.2854896,3,0,5176.9368,18.21908561,No,0,0,78.96426465,1066.666667,,,,,,,,,
4356.015388,47,OPTIMAL,938.0006121,3,0,5294.016,24.90043806,No,0,0,87.93755739,1066.666667,,,,,,,,,
4364.195959,48,OPTIMAL,980.7240407,3,0,5344.92,0.783603452,No,0,0,91.94287881,1066.666667,,,,,,,,,
4303.082583,1,OPTIMAL,705.8710165,4,0,5008.9536,8.504091021,No,0,0,52.94032624,1333.333333,,,,,,,,,
4372.805802,2,OPTIMAL,1136.491698,4,0,5509.2975,26.09801666,Yes,0,0,85.23687736,1333.333333,,,,,,,,,
4369.332582,3,OPTIMAL,1081.637418,4,0,5450.97,12.36966625,Yes,0,0,81.12280636,1333.333333,,,,,,,,,
4375.963275,4,OPTIMAL,1186.359225,4,0,5562.3225,25.34024462,Yes,0,0,88.97694191,1333.333333,,,,,,,,,
4372.805802,5,OPTIMAL,1136.491698,4,0,5509.2975,18.90656318,Yes,0,0,85.23687736,1333.333333,,,,,,,,,
4310.398903,6,OPTIMAL,753.488597,4,0,5063.8875,23.63516842,No,0,0,56.51164477,1333.333333,,,,,,,,,
4348.959021,7,OPTIMAL,942.9359786,4,0,5291.895,35.39407728,Yes,0,0,70.72019839,1333.333333,,,,,,,,,
4368.701087,8,OPTIMAL,1071.663913,4,0,5440.365,30.28128349,Yes,0,0,80.37479345,1333.333333,,,,,,,,,
4341.36703,9,OPTIMAL,908.1079698,4,0,5249.475,7.888950341,Yes,0,0,68.10809773,1333.333333,,,,,,,,,
4374.068791,10,OPTIMAL,1156.438709,4,0,5530.5075,3.84519597,Yes,0,0,86.73290318,1333.333333,,,,,,,,,
4374.384538,11,OPTIMAL,1161.425462,4,0,5535.81,36.16260553,Yes,0,0,87.10690963,1333.333333,,,,,,,,,
4310.398903,12,OPTIMAL,753.488597,4,0,5063.8875,7.563253895,No,0,0,56.51164477,1333.333333,,,,,,,,,
4355.576984,13,OPTIMAL,973.4355163,4,0,5329.0125,6.913923144,Yes,0,0,73.00766372,1333.333333,,,,,,,,,
4375.33178,14,OPTIMAL,1176.38572,4,0,5551.7175,36.75401239,Yes,0,0,88.228929,1333.333333,,,,,,,,,
4355.576984,15,OPTIMAL,973.4355163,4,0,5329.0125,21.52237366,Yes,0,0,73.00766372,1333.333333,,,,,,,,,
4367.438098,16,OPTIMAL,1051.716902,4,0,5419.155,9.326605334,Yes,0,0,78.87876764,1333.333333,,,,,,,,,
4368.38534,17,OPTIMAL,1066.67716,4,0,5435.0625,22.37075755,Yes,0,0,80.000787,1333.333333,,,,,,,,,
4371.85856,18,OPTIMAL,1121.53144,4,0,5493.39,24.15909511,Yes,0,0,84.114858,1333.333333,,,,,,,,,
4321.159324,19,OPTIMAL,816.9631757,4,0,5138.1225,28.95708389,Yes,0,0,61.27223817,1333.333333,,,,,,,,,
4369.648329,20,OPTIMAL,1086.624171,4,0,5456.2725,24.76794736,Yes,0,0,81.49681282,1333.333333,,,,,,,,,
4350.849868,21,OPTIMAL,951.6501322,4,0,5302.5,14.07998629,Yes,0,0,71.37375991,1333.333333,,,,,,,,,
4341.36703,22,OPTIMAL,908.1079698,4,0,5249.475,30.0218388,Yes,0,0,68.10809773,1333.333333,,,,,,,,,
4360.3041,23,OPTIMAL,995.2209004,4,0,5355.525,16.48807053,Yes,0,0,74.64156753,1333.333333,,,,,,,,,
4354.631561,24,OPTIMAL,969.0784395,4,0,5323.71,33.86107596,Yes,0,0,72.68088296,1333.333333,,,,,,,,,
4368.701087,25,OPTIMAL,1071.663913,4,0,5440.365,36.56607818,Yes,0,0,80.37479345,1333.333333,,,,,,,,,
4337.535098,26,OPTIMAL,890.7299022,4,0,5228.265,32.82425668,Yes,0,0,66.80474266,1333.333333,,,,,,,,,
4329.828851,27,OPTIMAL,856.0161485,4,0,5185.845,4.536686439,Yes,0,0,64.20121114,1333.333333,,,,,,,,,
4375.33178,28,OPTIMAL,1176.38572,4,0,5551.7175,37.80747135,Yes,0,0,88.228929,1333.333333,,,,,,,,,
4369.332582,29,OPTIMAL,1081.637418,4,0,5450.97,30.69509773,Yes,0,0,81.12280636,1333.333333,,,,,,,,,
4357.46783,30,OPTIMAL,982.1496699,4,0,5339.6175,36.10314143,Yes,0,0,73.66122524,1333.333333,,,,,,,,,
4311.805406,31,OPTIMAL,762.6870937,4,0,5074.4925,13.0576074,No,0,0,57.20153203,1333.333333,,,,,,,,,
4357.46783,32,OPTIMAL,982.1496699,4,0,5339.6175,1.453067612,Yes,0,0,73.66122524,1333.333333,,,,,,,,,
4374.384538,33,OPTIMAL,1161.425462,4,0,5535.81,16.33149927,Yes,0,0,87.10690963,1333.333333,,,,,,,,,
4329.828851,34,OPTIMAL,856.0161485,4,0,5185.845,14.47419007,Yes,0,0,64.20121114,1333.333333,,,,,,,,,
4346.122752,35,OPTIMAL,929.8647481,4,0,5275.9875,29.2075522,Yes,0,0,69.73985611,1333.333333,,,,,,,,,
4346.122752,36,OPTIMAL,929.8647481,4,0,5275.9875,0.771520247,Yes,0,0,69.73985611,1333.333333,,,,,,,,,
4343.278269,37,OPTIMAL,916.8017313,4,0,5260.08,11.09262687,Yes,0,0,68.76012985,1333.333333,,,,,,,,,
4308.9924,38,OPTIMAL,744.2901003,4,0,5053.2825,20.852633,No,0,0,55.82175752,1333.333333,,,,,,,,,
4364.085792,39,OPTIMAL,1012.649208,4,0,5376.735,30.19899833,Yes,0,0,75.94869057,1333.333333,,,,,,,,,
4307.585896,40,OPTIMAL,735.0916035,4,0,5042.6775,13.69330005,No,0,0,55.13187026,1333.333333,,,,,,,,,
4308.9924,41,OPTIMAL,744.2901003,4,0,5053.2825,7.859032538,No,0,0,55.82175752,1333.333333,,,,,,,,,
4328.865571,42,OPTIMAL,851.6769293,4,0,5180.5425,9.494060481,Yes,0,0,63.8757697,1333.333333,,,,,,,,,
4371.542813,43,OPTIMAL,1116.544687,4,0,5488.0875,18.47380484,Yes,0,0,83.74085154,1333.333333,,,,,,,,,
4332.718694,44,OPTIMAL,869.0338061,4,0,5201.7525,25.90860914,Yes,0,0,65.17753546,1333.333333,,,,,,,,,
4362.194946,45,OPTIMAL,1003.935054,4,0,5366.13,17.98772597,Yes,0,0,75.29512905,1333.333333,,,,,,,,,
4311.102155,46,OPTIMAL,758.0878454,4,0,5069.19,30.2901809,No,0,0,56.8565884,1333.333333,,,,,,,,,
4368.38534,47,OPTIMAL,1066.67716,4,0,5435.0625,1.826184289,Yes,0,0,80.000787,1333.333333,,,,,,,,,
4375.016033,48,OPTIMAL,1171.398967,4,0,5546.415,33.78945189,Yes,0,0,87.85492254,1333.333333,,,,,,,,,
4368.691285,1,OPTIMAL,1071.673715,5,0,5440.365,2.056660575,Yes,0,0,77.7827696,1377.777778,,,,,,,,,
4322.392324,2,OPTIMAL,822.5173762,5,0,5144.9097,31.03527885,Yes,0,0,59.69884182,1377.777778,,,,,,,,,
4343.828724,3,OPTIMAL,919.6024557,5,0,5263.43118,16.15656601,Yes,0,0,66.74533952,1377.777778,,,,,,,,,
4365.536321,4,OPTIMAL,1021.803679,5,0,5387.34,7.453824605,Yes,0,0,74.16317025,1377.777778,,,,,,,,,
4327.28579,5,OPTIMAL,844.5606098,5,0,5171.8464,37.25555368,Yes,0,0,61.29875394,1377.777778,,,,,,,,,
4360.146767,6,OPTIMAL,994.8691933,5,0,5355.01596,24.7841872,Yes,0,0,72.2082479,1377.777778,,,,,,,,,
4344.795044,7,OPTIMAL,924.0234761,5,0,5268.81852,5.281929223,Yes,0,0,67.06622004,1377.777778,,,,,,,,,
4339.985223,8,OPTIMAL,901.8965973,5,0,5241.88182,15.64174323,Yes,0,0,65.4602369,1377.777778,,,,,,,,,
4368.421221,9,OPTIMAL,1067.404839,5,0,5435.82606,23.51402282,Yes,0,0,77.4729319,1377.777778,,,,,,,,,
4342.86742,10,OPTIMAL,915.1764202,5,0,5258.04384,18.11323037,Yes,0,0,66.42409502,1377.777778,,,,,,,,,
4368.421221,11,OPTIMAL,1067.404839,5,0,5435.82606,23.05743986,Yes,0,0,77.4729319,1377.777778,,,,,,,,,
4350.571195,12,OPTIMAL,950.5713652,5,0,5301.14256,37.9037594,Yes,0,0,68.99308296,1377.777778,,,,,,,,,
4369.703398,13,OPTIMAL,1087.672022,5,0,5457.37542,5.504787725,Yes,0,0,78.94393708,1377.777778,,,,,,,,,
4365.536321,14,OPTIMAL,1021.803679,5,0,5387.34,26.20132286,Yes,0,0,74.16317025,1377.777778,,,,,,,,,
4375.473197,15,OPTIMAL,1178.874343,5,0,5554.34754,36.18423633,Yes,0,0,85.56346037,1377.777778,,,,,,,,,
4357.274095,16,OPTIMAL,981.5798449,5,0,5338.85394,21.34441467,Yes,0,0,71.24369842,1377.777778,,,,,,,,,
4344.795044,17,OPTIMAL,924.0234761,5,0,5268.81852,8.142974218,Yes,0,0,67.06622004,1377.777778,,,,,,,,,
4333.15795,18,OPTIMAL,871.0124901,5,0,5204.17044,7.592422592,Yes,0,0,63.21864848,1377.777778,,,,,,,,,
4322.392324,19,OPTIMAL,822.5173762,5,0,5144.9097,1.926327653,Yes,0,0,59.69884182,1377.777778,,,,,,,,,
4368.741765,20,OPTIMAL,1072.471635,5,0,5441.2134,14.74212978,Yes,0,0,77.84068319,1377.777778,,,,,,,,,
4319.456244,21,OPTIMAL,809.2914361,5,0,5128.74768,20.3652066,Yes,0,0,58.73889456,1377.777778,,,,,,,,,
4329.243177,22,OPTIMAL,853.3779032,5,0,5182.62108,16.62241099,Yes,0,0,61.93871878,1377.777778,,,,,,,,,
4373.870475,23,OPTIMAL,1153.540365,5,0,5527.41084,18.39584817,Yes,0,0,83.7247039,1377.777778,,,,,,,,,
4350.571195,24,OPTIMAL,950.5713652,5,0,5301.14256,36.24131381,Yes,0,0,68.99308296,1377.777778,,,,,,,,,
4379.450617,25,OPTIMAL,1277.256383,5,0,5656.707,18.45791423,Yes,0,0,92.70409234,1377.777778,,,,,,,,,
4327.28579,26,OPTIMAL,844.5606098,5,0,5171.8464,1.61512516,Yes,0,0,61.29875394,1377.777778,,,,,,,,,
4371.30612,27,OPTIMAL,1113.006,5,0,5484.31212,34.37571469,Yes,0,0,80.78269355,1377.777778,,,,,,,,,
4374.266015,28,OPTIMAL,1207.018225,5,0,5581.28424,12.13183906,Yes,0,0,87.60616146,1377.777778,,,,,,,,,
4333.15795,29,OPTIMAL,871.0124901,5,0,5204.17044,13.99175021,Yes,0,0,63.21864848,1377.777778,,,,,,,,,
4342.86742,30,OPTIMAL,915.1764202,5,0,5258.04384,14.92969291,Yes,0,0,66.42409502,1377.777778,,,,,,,,,
4354.401424,31,OPTIMAL,968.2904965,5,0,5322.69192,36.85886277,Yes,0,0,70.27914894,1377.777778,,,,,,,,,
4366.17741,32,OPTIMAL,1031.93727,5,0,5398.11468,40.41432934,Yes,0,0,74.89867284,1377.777778,,,,,,,,,
4375.133212,33,OPTIMAL,1243.862408,5,0,5618.99562,5.226896339,Yes,0,0,90.28033603,1377.777778,,,,,,,,,
4357.274095,34,OPTIMAL,981.5798449,5,0,5338.85394,18.8858957,Yes,0,0,71.24369842,1377.777778,,,,,,,,,
4374.832108,35,OPTIMAL,1168.740752,5,0,5543.57286,0.467329682,Yes,0,0,84.82795778,1377.777778,,,,,,,,,
4345.761363,36,OPTIMAL,928.4444966,5,0,5274.20586,23.46658744,Yes,0,0,67.38710056,1377.777778,,,,,,,,,
4369.703398,37,OPTIMAL,1087.672022,5,0,5457.37542,26.60647401,Yes,0,0,78.94393708,1377.777778,,,,,,,,,
4372.908842,38,OPTIMAL,1138.339978,5,0,5511.24882,16.59177763,Yes,0,0,82.62145002,1377.777778,,,,,,,,,
4317.57207,39,OPTIMAL,800.4009303,5,0,5117.973,25.42039005,No,0,0,58.09361591,1377.777778,,,,,,,,,
4368.421221,40,OPTIMAL,1067.404839,5,0,5435.82606,32.75982792,Yes,0,0,77.4729319,1377.777778,,,,,,,,,
4366.497954,41,OPTIMAL,1037.004066,5,0,5403.50202,19.94779393,Yes,0,0,75.26642413,1377.777778,,,,,,,,,
4360.146767,42,OPTIMAL,994.8691933,5,0,5355.01596,31.73721709,Yes,0,0,72.2082479,1377.777778,,,,,,,,,
4375.473197,43,OPTIMAL,1178.874343,5,0,5554.34754,30.09497973,Yes,0,0,85.56346037,1377.777778,,,,,,,,,
4353.443866,44,OPTIMAL,963.8607137,5,0,5317.30458,22.91224435,Yes,0,0,69.95763244,1377.777778,,,,,,,,,
4362.061881,45,OPTIMAL,1003.728759,5,0,5365.79064,37.65695837,Yes,0,0,72.85128089,1377.777778,,,,,,,,,
4375.793742,46,OPTIMAL,1183.941138,5,0,5559.73488,21.57131772,Yes,0,0,85.93121166,1377.777778,,,,,,,,,
4354.401424,47,OPTIMAL,968.2904965,5,0,5322.69192,24.60969387,Yes,0,0,70.27914894,1377.777778,,,,,,,,,
4345.761363,48,OPTIMAL,928.4444966,5,0,5274.20586,16.41559403,Yes,0,0,67.38710056,1377.777778,,,,,,,,,
4351.528752,1,OPTIMAL,955.001148,6,0,5306.5299,27.6293636,Yes,0,0,67.14851822,1422.222222,,,,,,,,,
4361.104324,2,OPTIMAL,999.2989761,6,0,5360.4033,2.80693093,Yes,0,0,70.26320926,1422.222222,,,,,,,,,
4329.243177,3,OPTIMAL,853.3779032,6,0,5182.62108,30.97812958,Yes,0,0,60.00313382,1422.222222,,,,,,,,,
4326.307097,4,OPTIMAL,840.1519631,6,0,5166.45906,4.086658666,Yes,0,0,59.07318491,1422.222222,,,,,,,,,
4353.443866,5,OPTIMAL,963.8607137,6,0,5317.30458,3.114285639,Yes,0,0,67.77145643,1422.222222,,,,,,,,,
4361.104324,6,OPTIMAL,999.2989761,6,0,5360.4033,9.880396872,Yes,0,0,70.26320926,1422.222222,,,,,,,,,
4366.17741,7,OPTIMAL,1031.93727,6,0,5398.11468,16.75439984,Yes,0,0,72.55808931,1422.222222,,,,,,,,,
4373.229386,8,OPTIMAL,1143.406774,6,0,5516.63616,6.272680549,Yes,0,0,80.39578877,1422.222222,,,,,,,,,
4375.768533,9,OPTIMAL,1210.903047,6,0,5586.67158,18.98393865,Yes,0,0,85.1416205,1422.222222,,,,,,,,,
4346.727683,10,OPTIMAL,932.865517,6,0,5279.5932,27.46553461,Yes,0,0,65.59210667,1422.222222,,,,,,,,,
4373.229386,11,OPTIMAL,1143.406774,6,0,5516.63616,3.252501025,Yes,0,0,80.39578877,1422.222222,,,,,,,,,
4368.421221,12,OPTIMAL,1067.404839,6,0,5435.82606,35.27103424,Yes,0,0,75.05190278,1422.222222,,,,,,,,,
4373.870475,13,OPTIMAL,1153.540365,6,0,5527.41084,16.53297747,Yes,0,0,81.1083069,1422.222222,,,,,,,,,
4336.09403,14,OPTIMAL,884.2384302,6,0,5220.33246,33.96346653,Yes,0,0,62.17301463,1422.222222,,,,,,,,,
4353.443866,15,OPTIMAL,963.8607137,6,0,5317.30458,23.46836678,Yes,0,0,67.77145643,1422.222222,,,,,,,,,
4331.200563,16,OPTIMAL,862.1951967,6,0,5193.39576,21.5318909,Yes,0,0,60.62309977,1422.222222,,,,,,,,,
4371.88177,17,OPTIMAL,1284.82523,6,0,5656.707,18.914524,Yes,0,0,90.33927401,1422.222222,,,,,,,,,
4334.136643,18,OPTIMAL,875.4211368,6,0,5209.55778,25.30252815,Yes,0,0,61.55304868,1422.222222,,,,,,,,,
4370.344487,19,OPTIMAL,1097.805613,6,0,5468.1501,11.61012629,Yes,0,0,77.18945717,1422.222222,,,,,,,,,
4363.019438,20,OPTIMAL,1008.158542,6,0,5371.17798,10.69134035,Yes,0,0,70.88614747,1422.222222,,,,,,,,,
4370.665031,21,OPTIMAL,1102.872409,6,0,5473.53744,33.37496303,Yes,0,0,77.54571624,1422.222222,,,,,,,,,
4318.477551,22,OPTIMAL,804.8827894,6,0,5123.36034,31.20237773,Yes,0,0,56.59332113,1422.222222,,,,,,,,,
4373.229386,23,OPTIMAL,1143.406774,6,0,5516.63616,14.98473687,Yes,0,0,80.39578877,1422.222222,,,,,,,,,
4357.274095,24,OPTIMAL,981.5798449,6,0,5338.85394,26.82020692,Yes,0,0,69.01733284,1422.222222,,,,,,,,,
4375.473197,25,OPTIMAL,1178.874343,6,0,5554.34754,5.152447892,Yes,0,0,82.88960223,1422.222222,,,,,,,,,
4329.243177,26,OPTIMAL,853.3779032,6,0,5182.62108,17.37797513,Yes,0,0,60.00313382,1422.222222,,,,,,,,,
4329.243177,27,OPTIMAL,853.3779032,6,0,5182.62108,29.57493904,Yes,0,0,60.00313382,1422.222222,,,,,,,,,
4317.57207,28,OPTIMAL,800.4009303,6,0,5117.973,15.10332798,No,0,0,56.27819041,1422.222222,,,,,,,,,
4374.19102,29,OPTIMAL,1158.60716,6,0,5532.79818,36.01819959,Yes,0,0,81.46456597,1422.222222,,,,,,,,,
4365.856865,30,OPTIMAL,1026.870475,6,0,5392.72734,3.618274252,Yes,0,0,72.20183025,1422.222222,,,,,,,,,
4375.153847,31,OPTIMAL,1227.679753,6,0,5602.8336,28.3981702,Yes,0,0,86.32123262,1422.222222,,,,,,,,,
4317.57207,32,OPTIMAL,800.4009303,6,0,5117.973,19.14506364,No,0,0,56.27819041,1422.222222,,,,,,,,,
4363.976995,33,OPTIMAL,1012.588325,6,0,5376.56532,13.18262616,Yes,0,0,71.19761657,1422.222222,,,,,,,,,
4332.179257,34,OPTIMAL,866.6038434,6,0,5198.7831,33.14953641,Yes,0,0,60.93308274,1422.222222,,,,,,,,,
4347.694002,35,OPTIMAL,937.2865375,6,0,5284.98054,6.294791108,Yes,0,0,65.90295967,1422.222222,,,,,,,,,
4373.385963,36,OPTIMAL,1272.546357,6,0,5645.93232,36.18750713,Yes,0,0,89.47591572,1422.222222,,,,,,,,,
4375.568117,37,OPTIMAL,1216.490803,6,0,5592.05892,29.74853663,Yes,0,0,85.53450959,1422.222222,,,,,,,,,
4343.828724,38,OPTIMAL,919.6024557,6,0,5263.43118,20.77272772,Yes,0,0,64.65954766,1422.222222,,,,,,,,,
4354.401424,39,OPTIMAL,968.2904965,6,0,5322.69192,16.14663173,Yes,0,0,68.08292553,1422.222222,,,,,,,,,
4358.231652,40,OPTIMAL,986.0096277,6,0,5344.24128,32.11026485,Yes,0,0,69.32880195,1422.222222,,,,,,,,,
4326.307097,41,OPTIMAL,840.1519631,6,0,5166.45906,17.9597894,Yes,0,0,59.07318491,1422.222222,,,,,,,,,
4331.200563,42,OPTIMAL,862.1951967,6,0,5193.39576,9.197038829,Yes,0,0,60.62309977,1422.222222,,,,,,,,,
4332.179257,43,OPTIMAL,866.6038434,6,0,5198.7831,32.82454096,Yes,0,0,60.93308274,1422.222222,,,,,,,,,
4374.19102,44,OPTIMAL,1158.60716,6,0,5532.79818,1.049073774,Yes,0,0,81.46456597,1422.222222,,,,,,,,,
4375.360982,45,OPTIMAL,1222.085278,6,0,5597.44626,36.16544503,Yes,0,0,85.92787111,1422.222222,,,,,,,,,
4366.17741,46,OPTIMAL,1031.93727,6,0,5398.11468,26.37685921,Yes,0,0,72.55808931,1422.222222,,,,,,,,,
4346.727683,47,OPTIMAL,932.865517,6,0,5279.5932,31.65706199,Yes,0,0,65.59210667,1422.222222,,,,,,,,,
4338.051416,48,OPTIMAL,893.0557237,6,0,5231.10714,28.91679671,Yes,0,0,62.79298057,1422.222222,,,,,,,,,
4317.57207,1,OPTIMAL,800.4009303,7,0,5117.973,19.5705095,No,0,0,51.45434552,1555.555556,,,,,,,,,
4370.341963,2,OPTIMAL,1097.765717,7,0,5468.10768,24.59944718,Yes,0,0,70.57065324,1555.555556,,,,,,,,,
4357.022491,3,OPTIMAL,1466.734469,7,0,5823.75696,36.34630525,Yes,0,0,94.29007299,1555.555556,,,,,,,,,
4375.835378,4,OPTIMAL,1208.969722,7,0,5584.8051,30.05570577,Yes,0,0,77.71948215,1555.555556,,,,,,,,,
4375.835378,5,OPTIMAL,1208.969722,7,0,5584.8051,44.1995673,Yes,0,0,77.71948215,1555.555556,,,,,,,,,
4367.696841,6,OPTIMAL,1055.954679,7,0,5423.65152,5.122897575,Yes,0,0,67.88280081,1555.555556,,,,,,,,,
4373.84992,7,OPTIMAL,1266.52538,7,0,5640.3753,28.62519802,Yes,0,0,81.41948872,1555.555556,,,,,,,,,
4375.962848,8,OPTIMAL,1186.614172,7,0,5562.57702,11.49601657,Yes,0,0,76.28233965,1555.555556,,,,,,,,,
4361.481315,9,OPTIMAL,1001.042985,7,0,5362.5243,26.5096548,Yes,0,0,64.35276333,1555.555556,,,,,,,,,
4375.039318,10,OPTIMAL,1231.993862,7,0,5607.03318,10.65843197,Yes,0,0,79.19960543,1555.555556,,,,,,,,,
4374.840303,11,OPTIMAL,1237.749897,7,0,5612.5902,2.72705018,Yes,0,0,79.56963625,1555.555556,,,,,,,,,
4350.616434,12,OPTIMAL,950.7806463,7,0,5301.39708,39.90093223,Yes,0,0,61.12161298,1555.555556,,,,,,,,,
4372.656445,13,OPTIMAL,1134.350375,7,0,5507.00682,36.97868487,Yes,0,0,72.92252412,1555.555556,,,,,,,,,
4367.594189,14,OPTIMAL,1378.364491,7,0,5745.95868,4.147401085,Yes,0,0,88.60914588,1555.555556,,,,,,,,,
4372.67032,15,OPTIMAL,1301.0471,7,0,5673.71742,0.480485002,Yes,0,0,83.63874211,1555.555556,,,,,,,,,
4375.636363,16,OPTIMAL,1214.725757,7,0,5590.36212,8.378418195,Yes,0,0,78.08951297,1555.555556,,,,,,,,,
4368.688761,17,OPTIMAL,1071.633819,7,0,5440.32258,30.39259159,Yes,0,0,68.89074548,1555.555556,,,,,,,,,
4355.555016,18,OPTIMAL,973.6271639,7,0,5329.18218,28.43622685,Yes,0,0,62.59031768,1555.555556,,,,,,,,,
4374.243258,19,OPTIMAL,1255.018002,7,0,5629.26126,38.43329549,Yes,0,0,80.67972871,1555.555556,,,,,,,,,
4375.632207,20,OPTIMAL,1181.387793,7,0,5557.02,36.43916296,Yes,0,0,75.9463581,1555.555556,,,,,,,,,
4373.648366,21,OPTIMAL,1150.029514,7,0,5523.67788,25.36132147,Yes,0,0,73.93046878,1555.555556,,,,,,,,,
4361.481315,22,OPTIMAL,1001.042985,7,0,5362.5243,20.66854442,Yes,0,0,64.35276333,1555.555556,,,,,,,,,
4350.616434,23,OPTIMAL,950.7806463,7,0,5301.39708,16.18204474,Yes,0,0,61.12161298,1555.555556,,,,,,,,,
4354.895325,24,OPTIMAL,1479.975675,7,0,5834.871,13.55417171,Yes,0,0,95.1412934,1555.555556,,,,,,,,,
4355.475496,25,OPTIMAL,1473.838484,7,0,5829.31398,25.21225706,Yes,0,0,94.7467597,1555.555556,,,,,,,,,
4373.26012,26,OPTIMAL,1283.78624,7,0,5657.04636,10.29389508,Yes,0,0,82.52911542,1555.555556,,,,,,,,,
4372.656445,27,OPTIMAL,1134.350375,7,0,5507.00682,3.941301835,Yes,0,0,72.92252412,1555.555556,,,,,,,,,
4376.233408,28,OPTIMAL,1197.457652,7,0,5573.69106,14.11017099,Yes,0,0,76.97942051,1555.555556,,,,,,,,,
4357.686458,29,OPTIMAL,1460.513482,7,0,5818.19994,35.80739927,Yes,0,0,93.8901524,1555.555556,,,,,,,,,
4357.686458,30,OPTIMAL,1460.513482,7,0,5818.19994,1.858515533,Yes,0,0,93.8901524,1555.555556,,,,,,,,,
4367.696841,31,OPTIMAL,1055.954679,7,0,5423.65152,36.3156517,Yes,0,0,67.88280081,1555.555556,,,,,,,,,
4370.341963,32,OPTIMAL,1097.765717,7,0,5468.10768,41.84205034,Yes,0,0,70.57065324,1555.555556,,,,,,,,,
4374.04652,33,OPTIMAL,1260.77176,7,0,5634.81828,8.458234241,Yes,0,0,81.04961316,1555.555556,,,,,,,,,
4372.277121,34,OPTIMAL,1312.554339,7,0,5684.83146,19.86673388,Yes,0,0,84.37849325,1555.555556,,,,,,,,,
4354.5673,35,OPTIMAL,969.0578604,7,0,5323.62516,13.8109807,Yes,0,0,62.29657674,1555.555556,,,,,,,,,
4358.518165,36,OPTIMAL,987.3350745,7,0,5345.85324,41.18723359,Yes,0,0,63.4715405,1555.555556,,,,,,,,,
4359.678359,37,OPTIMAL,1441.850521,7,0,5801.52888,43.08672755,Yes,0,0,92.69039063,1555.555556,,,,,,,,,
4351.60415,38,OPTIMAL,955.3499498,7,0,5306.9541,25.41251044,Yes,0,0,61.41535392,1555.555556,,,,,,,,,
4350.616434,39,OPTIMAL,950.7806463,7,0,5301.39708,25.82477003,Yes,0,0,61.12161298,1555.555556,,,,,,,,,
4347.64835,40,OPTIMAL,937.0776704,7,0,5284.72602,21.53359949,Yes,0,0,60.24070738,1555.555556,,,,,,,,,
4375.632207,41,OPTIMAL,1181.387793,7,0,5557.02,13.59145628,Yes,0,0,75.9463581,1555.555556,,,,,,,,,
4374.309646,42,OPTIMAL,1160.482274,7,0,5534.79192,5.714059876,Yes,0,0,74.60243189,1555.555556,,,,,,,,,
4375.301567,43,OPTIMAL,1176.161413,7,0,5551.46298,3.042758202,Yes,0,0,75.61037655,1555.555556,,,,,,,,,
4361.006293,44,OPTIMAL,1429.408547,7,0,5790.41484,11.08458868,Yes,0,0,91.89054945,1555.555556,,,,,,,,,
4368.358121,45,OPTIMAL,1066.407439,7,0,5434.76556,19.28616139,Yes,0,0,68.55476392,1555.555556,,,,,,,,,
4357.530449,46,OPTIMAL,982.765771,7,0,5340.29622,31.07653357,Yes,0,0,63.17779956,1555.555556,,,,,,,,,
4372.325805,47,OPTIMAL,1129.123995,7,0,5501.4498,3.01033401,Yes,0,0,72.58654256,1555.555556,,,,,,,,,
4375.636363,48,OPTIMAL,1214.725757,7,0,5590.36212,22.30311322,Yes,0,0,78.08951297,1555.555556,,,,,,,,,
4375.784495,1,OPTIMAL,1325.718025,8,0,5701.50252,21.02017601,Yes,0,0,78.49646202,1688.888889,,,,,,,,,
4373.158715,2,OPTIMAL,1142.289685,8,0,5515.4484,35.76838927,Yes,0,0,67.63557344,1688.888889,,,,,,,,,
4354.823653,3,OPTIMAL,970.2437865,8,0,5325.06744,29.74756643,Yes,0,0,57.44864525,1688.888889,,,,,,,,,
4376.321078,4,OPTIMAL,1251.116122,8,0,5627.4372,26.40437761,Yes,0,0,74.07924408,1688.888889,,,,,,,,,
4374.923634,5,OPTIMAL,1426.096206,8,0,5801.01984,10.48172002,Yes,0,0,84.43990695,1688.888889,,,,,,,,,
4363.78096,6,OPTIMAL,1011.68144,8,0,5375.4624,35.48319957,Yes,0,0,59.90219052,1688.888889,,,,,,,,,
4375.469183,7,OPTIMAL,1369.556257,8,0,5745.02544,10.36172912,Yes,0,0,81.09214679,1688.888889,,,,,,,,,
4376.158812,8,OPTIMAL,1273.676148,8,0,5649.83496,0.836522542,Yes,0,0,75.41503507,1688.888889,,,,,,,,,
4365.495937,9,OPTIMAL,1021.165343,8,0,5386.66128,17.61549075,Yes,0,0,60.46373739,1688.888889,,,,,,,,,
4376.199379,10,OPTIMAL,1268.036141,8,0,5644.23552,22.55943212,Yes,0,0,75.08108732,1688.888889,,,,,,,,,
4354.823653,11,OPTIMAL,970.2437865,8,0,5325.06744,18.60615578,Yes,0,0,57.44864525,1688.888889,,,,,,,,,
4374.589857,12,OPTIMAL,1443.228303,8,0,5817.81816,6.929333356,Yes,0,0,85.45430742,1688.888889,,,,,,,,,
4376.239945,13,OPTIMAL,1262.396135,8,0,5638.63608,18.12158122,Yes,0,0,74.74713957,1688.888889,,,,,,,,,
4375.996546,14,OPTIMAL,1296.236174,8,0,5672.23272,14.64827193,Yes,0,0,76.75082606,1688.888889,,,,,,,,,
4375.50975,15,OPTIMAL,1363.91625,8,0,5739.426,1.339377049,Yes,0,0,80.75819904,1688.888889,,,,,,,,,
4375.38805,16,OPTIMAL,1380.83627,8,0,5756.22432,41.66508048,Yes,0,0,81.76004229,1688.888889,,,,,,,,,
4354.823653,17,OPTIMAL,970.2437865,8,0,5325.06744,12.81262224,Yes,0,0,57.44864525,1688.888889,,,,,,,,,
4376.280511,18,OPTIMAL,1256.756129,8,0,5633.03664,25.12583432,Yes,0,0,74.41319183,1688.888889,,,,,,,,,
4374.478598,19,OPTIMAL,1448.939002,8,0,5823.4176,27.99673155,Yes,0,0,85.79244091,1688.888889,,,,,,,,,
4360.795191,20,OPTIMAL,997.8688888,8,0,5358.66408,27.49751477,Yes,0,0,59.0843421,1688.888889,,,,,,,,,
4374.426208,21,OPTIMAL,1493.786912,8,0,5868.21312,11.62626184,Yes,0,0,88.44790925,1688.888889,,,,,,,,,
4375.753148,22,OPTIMAL,1330.076212,8,0,5705.82936,35.42800016,Yes,0,0,78.75451255,1688.888889,,,,,,,,,
4375.550316,23,OPTIMAL,1358.276244,8,0,5733.82656,24.32408087,Yes,0,0,80.42425129,1688.888889,,,,,,,,,
4375.144652,24,OPTIMAL,1414.676308,8,0,5789.82096,27.80520044,Yes,0,0,83.76372877,1688.888889,,,,,,,,,
4373.491879,25,OPTIMAL,1147.555961,8,0,5521.04784,17.67315501,Yes,0,0,67.9473924,1688.888889,,,,,,,,,
4368.161251,26,OPTIMAL,1063.295549,8,0,5431.4568,39.68480427,Yes,0,0,62.95828906,1688.888889,,,,,,,,,
4374.812375,27,OPTIMAL,1431.806905,8,0,5806.61928,24.69112013,Yes,0,0,84.77804044,1688.888889,,,,,,,,,
4375.753148,28,OPTIMAL,1330.076212,8,0,5705.82936,34.09793872,Yes,0,0,78.75451255,1688.888889,,,,,,,,,
4374.25608,29,OPTIMAL,1460.3604,8,0,5834.61648,25.82566233,Yes,0,0,86.46870789,1688.888889,,,,,,,,,
4369.493908,30,OPTIMAL,1084.360652,8,0,5453.85456,18.67903138,Yes,0,0,64.2055649,1688.888889,,,,,,,,,
4375.590882,31,OPTIMAL,1352.636238,8,0,5728.22712,22.10922509,Yes,0,0,80.09030354,1688.888889,,,,,,,,,
4375.712582,32,OPTIMAL,1335.716218,8,0,5711.4288,37.28519316,Yes,0,0,79.0884603,1688.888889,,,,,,,,,
4370.826565,33,OPTIMAL,1105.425755,8,0,5476.25232,0.460615101,Yes,0,0,65.45284073,1688.888889,,,,,,,,,
4374.298934,34,OPTIMAL,1482.715306,8,0,5857.01424,38.79081247,Yes,0,0,87.79235364,1688.888889,,,,,,,,,
4367.161759,35,OPTIMAL,1047.496721,8,0,5414.65848,23.97338235,Yes,0,0,62.02283218,1688.888889,,,,,,,,,
4375.915414,36,OPTIMAL,1307.516186,8,0,5683.4316,36.58642855,Yes,0,0,77.41872156,1688.888889,,,,,,,,,
4375.793714,37,OPTIMAL,1324.436206,8,0,5700.22992,9.420335397,Yes,0,0,78.4205648,1688.888889,,,,,,,,,
4370.493401,38,OPTIMAL,1100.159479,8,0,5470.65288,31.16883535,Yes,0,0,65.14102177,1688.888889,,,,,,,,,
4368.494416,39,OPTIMAL,1068.561824,8,0,5437.05624,42.35945054,Yes,0,0,63.27010802,1688.888889,,,,,,,,,
4374.478598,40,OPTIMAL,1448.939002,8,0,5823.4176,26.1385414,Yes,0,0,85.79244091,1688.888889,,,,,,,,,
4375.874847,41,OPTIMAL,1313.156193,8,0,5689.03104,3.614737186,Yes,0,0,77.75266931,1688.888889,,,,,,,,,
4356.814166,42,OPTIMAL,979.4521539,8,0,5336.26632,4.132443261,Yes,0,0,57.99387754,1688.888889,,,,,,,,,
4374.489845,43,OPTIMAL,1499.322715,8,0,5873.81256,10.63823467,Yes,0,0,88.77568706,1688.888889,,,,,,,,,
4374.491372,44,OPTIMAL,1163.354788,8,0,5537.84616,29.87254392,Yes,0,0,68.88284928,1688.888889,,,,,,,,,
4374.25608,45,OPTIMAL,1460.3604,8,0,5834.61648,34.02034364,Yes,0,0,86.46870789,1688.888889,,,,,,,,,
4375.034893,46,OPTIMAL,1420.385507,8,0,5795.4204,11.82461815,Yes,0,0,84.10177346,1688.888889,,,,,,,,,
4376.077679,47,OPTIMAL,1284.956161,8,0,5661.03384,6.707988644,Yes,0,0,76.08293057,1688.888889,,,,,,,,,
4374.17166,48,OPTIMAL,1471.6437,8,0,5845.81536,6.968921844,Yes,0,0,87.13679802,1688.888889,,,,,,,,,
4374.698421,1,OPTIMAL,1476.716379,9,0,5851.4148,4.734209556,Yes,0,0,77.27004307,1911.111111,,,,,,,,,
4374.892034,2,OPTIMAL,1449.798166,9,0,5824.6902,28.00384363,Yes,0,0,75.86153196,1911.111111,,,,,,,,,
4371.193205,3,OPTIMAL,1734.487075,9,0,6105.68028,14.54411478,Yes,0,0,90.75804461,1911.111111,,,,,,,,,
4375.273727,4,OPTIMAL,1396.730833,9,0,5772.00456,40.5748938,Yes,0,0,73.0847529,1911.111111,,,,,,,,,
4374.38311,5,OPTIMAL,1520.55461,9,0,5894.93772,2.136586321,Yes,0,0,79.56390403,1911.111111,,,,,,,,,
4373.492492,6,OPTIMAL,1644.378388,9,0,6017.87088,34.126789,Yes,0,0,86.04305516,1911.111111,,,,,,,,,
4376.418806,7,OPTIMAL,1237.528834,9,0,5613.94764,10.67387448,Yes,0,0,64.75441573,1911.111111,,,,,,,,,
4375.613009,8,OPTIMAL,1349.559871,9,0,5725.17288,30.47196983,Yes,0,0,70.61650485,1911.111111,,,,,,,,,
4375.316137,9,OPTIMAL,1390.834463,9,0,5766.1506,17.87553911,Yes,0,0,72.7762219,1911.111111,,,,,,,,,
4374.764803,10,OPTIMAL,1467.487277,9,0,5842.25208,39.42005838,Yes,0,0,76.78712498,1911.111111,,,,,,,,,
4373.662134,11,OPTIMAL,1620.792906,9,0,5994.45504,33.45761364,Yes,0,0,84.80893114,1911.111111,,,,,,,,,
4374.849623,12,OPTIMAL,1455.694537,9,0,5830.54416,9.056261291,Yes,0,0,76.17006296,1911.111111,,,,,,,,,
4373.831775,13,OPTIMAL,1597.207425,9,0,5971.0392,41.34234989,Yes,0,0,83.57480711,1911.111111,,,,,,,,,
4368.412113,14,OPTIMAL,1778.245887,9,0,6146.658,29.85065176,Yes,0,0,93.04774993,1911.111111,,,,,,,,,
4374.001417,15,OPTIMAL,1573.621943,9,0,5947.62336,39.75400483,Yes,0,0,82.34068309,1911.111111,,,,,,,,,
4375.952292,16,OPTIMAL,1302.388908,9,0,5678.3412,11.66151263,Yes,0,0,68.1482568,1911.111111,,,,,,,,,
4375.69783,17,OPTIMAL,1337.76713,9,0,5713.46496,41.29753733,Yes,0,0,69.99944284,1911.111111,,,,,,,,,
4373.619723,18,OPTIMAL,1626.689277,9,0,6000.309,33.11111419,Yes,0,0,85.11746214,1911.111111,,,,,,,,,
4374.255879,19,OPTIMAL,1538.243721,9,0,5912.4996,13.11692015,Yes,0,0,80.48949705,1911.111111,,,,,,,,,
4374.38311,20,OPTIMAL,1520.55461,9,0,5894.93772,39.84105081,Yes,0,0,79.56390403,1911.111111,,,,,,,,,
4370.398607,21,OPTIMAL,1746.989593,9,0,6117.3882,40.71209474,Yes,0,0,91.41224613,1911.111111,,,,,,,,,
4371.987803,22,OPTIMAL,1721.984557,9,0,6093.97236,30.06716037,Yes,0,0,90.10384309,1911.111111,,,,,,,,,
4376.232913,23,OPTIMAL,1190.883047,9,0,5567.11596,34.28648538,Yes,0,0,62.31364783,1911.111111,,,,,,,,,
4373.33439,24,OPTIMAL,1662.09837,9,0,6035.43276,10.33819496,Yes,0,0,86.97026353,1911.111111,,,,,,,,,
4375.570599,25,OPTIMAL,1355.456241,9,0,5731.02684,2.917195957,Yes,0,0,70.92503586,1911.111111,,,,,,,,,
4373.005967,26,OPTIMAL,1697.550553,9,0,6070.55652,18.9984038,Yes,0,0,88.82531965,1911.111111,,,,,,,,,
4376.206754,27,OPTIMAL,1267.010686,9,0,5643.21744,16.22975201,Yes,0,0,66.29707076,1911.111111,,,,,,,,,
4375.952292,28,OPTIMAL,1302.388908,9,0,5678.3412,32.58010231,Yes,0,0,68.1482568,1911.111111,,,,,,,,,
4376.291575,29,OPTIMAL,1255.217945,9,0,5631.50952,33.56964356,Yes,0,0,65.68000875,1911.111111,,,,,,,,,
4375.316137,30,OPTIMAL,1390.834463,9,0,5766.1506,38.32221742,Yes,0,0,72.7762219,1911.111111,,,,,,,,,
4375.952292,31,OPTIMAL,1302.388908,9,0,5678.3412,2.885322714,Yes,0,0,68.1482568,1911.111111,,,,,,,,,
4368.809411,32,OPTIMAL,1771.994629,9,0,6140.80404,19.78978372,Yes,0,0,92.72064917,1911.111111,,,,,,,,,
4373.534903,33,OPTIMAL,1638.482017,9,0,6012.01692,6.688904275,Yes,0,0,85.73452416,1911.111111,,,,,,,,,
4376.418806,34,OPTIMAL,1237.528834,9,0,5613.94764,33.80060251,Yes,0,0,64.75441573,1911.111111,,,,,,,,,
4374.637572,35,OPTIMAL,1485.176388,9,0,5859.81396,35.19252288,Yes,0,0,77.712718,1911.111111,,,,,,,,,
4376.291575,36,OPTIMAL,1255.217945,9,0,5631.50952,1.666578049,Yes,0,0,65.68000875,1911.111111,,,,,,,,,
4374.043827,37,OPTIMAL,1567.725573,9,0,5941.7694,24.73809756,Yes,0,0,82.03215208,1911.111111,,,,,,,,,
4374.298289,38,OPTIMAL,1532.347351,9,0,5906.64564,32.50198109,Yes,0,0,80.18096605,1911.111111,,,,,,,,,
4374.128648,39,OPTIMAL,1555.932832,9,0,5930.06148,8.859684131,Yes,0,0,81.41509007,1911.111111,,,,,,,,,
4375.146496,40,OPTIMAL,1414.419944,9,0,5789.56644,23.1287836,Yes,0,0,74.01034592,1911.111111,,,,,,,,,
4373.051555,41,OPTIMAL,1691.651005,9,0,6064.70256,7.668595339,Yes,0,0,88.51662235,1911.111111,,,,,,,,,
4375.273727,42,OPTIMAL,1396.730833,9,0,5772.00456,7.232382883,Yes,0,0,73.0847529,1911.111111,,,,,,,,,
4375.316137,43,OPTIMAL,1390.834463,9,0,5766.1506,31.58828145,Yes,0,0,72.7762219,1911.111111,,,,,,,,,
4370.001308,44,OPTIMAL,1753.240852,9,0,6123.24216,16.0405571,Yes,0,0,91.73934689,1911.111111,,,,,,,,,
4375.316137,45,OPTIMAL,1390.834463,9,0,5766.1506,7.223676766,Yes,0,0,72.7762219,1911.111111,,,,,,,,,
4375.316137,46,OPTIMAL,1390.834463,9,0,5766.1506,5.999324771,Yes,0,0,72.7762219,1911.111111,,,,,,,,,
4376.121934,47,OPTIMAL,1278.803426,9,0,5654.92536,14.95394181,Yes,0,0,66.91413278,1911.111111,,,,,,,,,
4376.503627,48,OPTIMAL,1225.736093,9,0,5602.23972,37.97541794,Yes,0,0,64.13735372,1911.111111,,,,,,,,,
4373.217752,1,OPTIMAL,1679.776888,10,0,6052.99464,38.8999375,Yes,0,0,83.9888444,2000,,,,,,,,,
4373.942411,2,OPTIMAL,1581.825589,10,0,5955.768,19.08223542,Yes,0,0,79.09127946,2000,,,,,,,,,
4373.16525,3,OPTIMAL,1686.44691,10,0,6059.61216,5.193337459,Yes,0,0,84.3223455,2000,,,,,,,,,
4370.795019,4,OPTIMAL,1743.793461,10,0,6114.58848,23.22690833,Yes,0,0,87.18967306,2000,,,,,,,,,
4373.632631,5,OPTIMAL,1624.894729,10,0,5998.52736,32.07318548,Yes,0,0,81.24473645,2000,,,,,,,,,
4367.551777,6,OPTIMAL,1795.904543,10,0,6163.45632,36.69323335,Yes,0,0,89.79522714,2000,,,,,,,,,
4373.986665,7,OPTIMAL,1575.672855,10,0,5949.65952,31.76523144,Yes,0,0,78.78364274,2000,,,,,,,,,
4374.960259,8,OPTIMAL,1440.312701,10,0,5815.27296,25.10570655,Yes,0,0,72.01563505,2000,,,,,,,,,
4377.044558,9,OPTIMAL,1890.255922,10,0,6267.30048,0.946385833,Yes,0,0,94.51279608,2000,,,,,,,,,
4381.53377,10,OPTIMAL,1989.61087,10,0,6371.14464,4.557138687,Yes,0,0,99.48054351,2000,,,,,,,,,
4369.984208,11,OPTIMAL,1756.821232,10,0,6126.80544,28.54325551,Yes,0,0,87.84106158,2000,,,,,,,,,
4373.632631,12,OPTIMAL,1624.894729,10,0,5998.52736,11.16146855,Yes,0,0,81.24473645,2000,,,,,,,,,
4374.923836,13,OPTIMAL,1874.051204,10,0,6248.97504,9.834037239,Yes,0,0,93.70256021,2000,,,,,,,,,
4376.332953,14,OPTIMAL,1884.859047,10,0,6261.192,40.10572463,Yes,0,0,94.24295233,2000,,,,,,,,,
4373.359103,15,OPTIMAL,1661.819137,10,0,6035.17824,35.79308181,Yes,0,0,83.09095683,2000,,,,,,,,,
4374.473462,16,OPTIMAL,1507.992778,10,0,5882.46624,15.04406142,Yes,0,0,75.3996389,2000,,,,,,,,,
4369.984208,17,OPTIMAL,1756.821232,10,0,6126.80544,5.261429588,Yes,0,0,87.84106158,2000,,,,,,,,,
4377.044558,18,OPTIMAL,1890.255922,10,0,6267.30048,29.33796083,Yes,0,0,94.51279608,2000,,,,,,,,,
4372.798542,19,OPTIMAL,1711.247538,10,0,6084.04608,18.65439149,Yes,0,0,85.56237688,2000,,,,,,,,,
4373.01986,20,OPTIMAL,1704.91774,10,0,6077.9376,30.88011347,Yes,0,0,85.24588701,2000,,,,,,,,,
4380.602584,21,OPTIMAL,1917.240296,10,0,6297.84288,30.87365886,Yes,0,0,95.8620148,2000,,,,,,,,,
4381.334323,22,OPTIMAL,1940.942477,10,0,6322.2768,43.73086635,Yes,0,0,97.04712387,2000,,,,,,,,,
4373.853902,23,OPTIMAL,1594.131058,10,0,5967.98496,31.49814564,Yes,0,0,79.70655289,2000,,,,,,,,,
4379.890979,24,OPTIMAL,1911.843421,10,0,6291.7344,1.358454415,Yes,0,0,95.59217106,2000,,,,,,,,,
4380.124928,25,OPTIMAL,1954.368832,10,0,6334.49376,39.72751217,Yes,0,0,97.7184416,2000,,,,,,,,,
4372.411065,26,OPTIMAL,1717.743495,10,0,6090.15456,42.18543102,Yes,0,0,85.88717473,2000,,,,,,,,,
4374.384954,27,OPTIMAL,1520.298246,10,0,5894.6832,28.02555456,Yes,0,0,76.01491232,2000,,,,,,,,,
4387.572617,28,OPTIMAL,1989.680503,10,0,6377.25312,34.16373545,Yes,0,0,99.48402517,2000,,,,,,,,,
4399.623104,29,OPTIMAL,1989.846976,10,0,6389.47008,23.1743028,Yes,0,0,99.49234882,2000,,,,,,,,,
4378.467769,30,OPTIMAL,1901.049671,10,0,6279.51744,8.131302529,Yes,0,0,95.05248357,2000,,,,,,,,,
4380.124928,31,OPTIMAL,1954.368832,10,0,6334.49376,28.76819847,Yes,0,0,97.7184416,2000,,,,,,,,,
4372.411065,32,OPTIMAL,1717.743495,10,0,6090.15456,23.11709378,Yes,0,0,85.88717473,2000,,,,,,,,,
4374.606225,33,OPTIMAL,1489.534575,10,0,5864.1408,19.11050286,Yes,0,0,74.47672876,2000,,,,,,,,,
4367.957182,34,OPTIMAL,1789.390658,10,0,6157.34784,23.41911991,Yes,0,0,89.46953288,2000,,,,,,,,,
4368.598745,35,OPTIMAL,1825.399975,10,0,6193.99872,16.92384749,Yes,0,0,91.26999874,2000,,,,,,,,,
4373.986665,36,OPTIMAL,1575.672855,10,0,5949.65952,37.73709495,Yes,0,0,78.78364274,2000,,,,,,,,,
4375.004513,37,OPTIMAL,1434.159967,10,0,5809.16448,32.48561647,Yes,0,0,71.70799834,2000,,,,,,,,,
4371.605829,38,OPTIMAL,1730.765691,10,0,6102.37152,20.9464323,Yes,0,0,86.53828454,2000,,,,,,,,,
4374.738988,39,OPTIMAL,1471.076372,10,0,5845.81536,26.50642639,Yes,0,0,73.55381862,2000,,,,,,,,,
4372.112684,40,OPTIMAL,1852.428436,10,0,6224.54112,17.42864877,Yes,0,0,92.62142178,2000,,,,,,,,,
4371.605829,41,OPTIMAL,1730.765691,10,0,6102.37152,29.19409002,Yes,0,0,86.53828454,2000,,,,,,,,,
4367.199306,42,OPTIMAL,1814.582454,10,0,6181.78176,30.17636669,Yes,0,0,90.72912272,2000,,,,,,,,,
4373.898157,43,OPTIMAL,1587.978323,10,0,5961.87648,36.5548685,Yes,0,0,79.39891617,2000,,,,,,,,,
4374.340699,44,OPTIMAL,1526.450981,10,0,5900.79168,14.21868938,Yes,0,0,76.32254904,2000,,,,,,,,,
4373.898157,45,OPTIMAL,1587.978323,10,0,5961.87648,1.655795438,Yes,0,0,79.39891617,2000,,,,,,,,,
4373.544122,46,OPTIMAL,1637.200198,10,0,6010.74432,6.044232711,Yes,0,0,81.86000988,2000,,,,,,,,,
4374.163682,47,OPTIMAL,1551.061918,10,0,5925.2256,28.19723894,Yes,0,0,77.55309589,2000,,,,,,,,,
4374.384954,48,OPTIMAL,1520.298246,10,0,5894.6832,26.51745297,Yes,0,0,76.01491232,2000,,,,,,,,,
