Existing Gen (MW),Installed New Gen (MW),Status,Candidate Gen (MW),Time,Load Shed Cost (M$),Op Cost (M$),Op Condition,Demand (MW),Congestion,Load Shed (MW),L %,UU %,10.44870496,93.33333333
6254.23,0,OPTIMAL,0,1,0,3.6899957,1,6254.23,Yes,0,0,,,
6673.513579,0,OPTIMAL,0,1,0,5.805956814,2,6673.513579,Yes,0,0,,,
6558.685916,0,OPTIMAL,0,1,0,7.280141367,3,6558.685916,Yes,0,0,,,
6538.422211,0,OPTIMAL,0,1,0,10.33070709,4,6538.422211,Yes,0,0,,,
6531.667643,0,OPTIMAL,0,1,0,0.261266706,5,6531.667643,Yes,0,0,,,
6720.795558,0,OPTIMAL,0,1,0,21.77537761,6,6720.795558,Yes,0,0,,,
6860.498311,0,OPTIMAL,0,1,0.291846245,22.50243446,7,6869.396063,Yes,8.897751369,0.129527418,,,
6888.107783,0,OPTIMAL,0,1,2.069790952,22.86851784,8,6950.450884,Yes,62.34310098,0.896964845,,,
6524.913074,0,OPTIMAL,0,1,0,24.20742751,9,6524.913074,Yes,0,0,,,
6416.83998,0,OPTIMAL,0,1,0,6.35267158,10,6416.83998,Yes,0,0,,,
6680.268148,0,OPTIMAL,0,1,0,22.44570098,11,6680.268148,Yes,0,0,,,
6874.303047,0,OPTIMAL,0,1,0.281401367,5.430699407,12,6909.923473,Yes,35.62042617,0.515496681,,,
6545.17678,0,OPTIMAL,0,1,0,3.338040158,13,6545.17678,Yes,0,0,,,
6808.604947,0,OPTIMAL,0,1,0,5.923486304,14,6808.604947,Yes,0,0,,,
6860.498311,0,OPTIMAL,0,1,0.250026813,19.27800026,15,6869.396063,Yes,8.897751369,0.129527418,,,
6572.195053,0,OPTIMAL,0,1,0,10.38406818,16,6572.195053,Yes,0,0,,,
6511.403938,0,OPTIMAL,0,1,0,8.204368961,17,6511.403938,Yes,0,0,,,
6913.416465,0,OPTIMAL,0,1,3.696311092,22.95254266,18,7024.751136,Yes,111.3346715,1.584891326,,,
6632.986169,0,OPTIMAL,0,1,0,23.08279187,19,6632.986169,Yes,0,0,,,
6639.740737,0,OPTIMAL,0,1,0,0.796768888,20,6639.740737,Yes,0,0,,,
6646.495306,0,OPTIMAL,0,1,0,4.453151855,21,6646.495306,Yes,0,0,,,
6504.649369,0,OPTIMAL,0,1,0,3.317371178,22,6504.649369,Yes,0,0,,,
6558.685916,0,OPTIMAL,0,1,0,8.263944255,23,6558.685916,Yes,0,0,,,
6693.777284,0,OPTIMAL,0,1,0,26.17266918,24,6693.777284,Yes,0,0,,,
6524.913074,0,OPTIMAL,0,1,0,11.61434527,25,6524.913074,Yes,0,0,,,
6497.894801,0,OPTIMAL,0,1,0,20.27343178,26,6497.894801,Yes,0,0,,,
6707.286421,0,OPTIMAL,0,1,0,2.682914568,27,6707.286421,Yes,0,0,,,
6892.709361,0,OPTIMAL,0,1,0.477379417,4.618115272,28,6963.96002,Yes,71.25065925,1.023134237,,,
6700.531853,0,OPTIMAL,0,1,0,22.7818083,29,6700.531853,Yes,0,0,,,
6437.103685,0,OPTIMAL,0,1,0,6.630216796,30,6437.103685,Yes,0,0,,,
6619.477032,0,OPTIMAL,0,1,0,25.08781795,31,6619.477032,Yes,0,0,,,
6511.403938,0,OPTIMAL,0,1,0,5.144009111,32,6511.403938,Yes,0,0,,,
6822.114084,0,OPTIMAL,0,1,0,19.64768856,33,6822.114084,Yes,0,0,,,
6538.422211,0,OPTIMAL,0,1,0,0.261536888,34,6538.422211,Yes,0,0,,,
6747.813832,0,OPTIMAL,0,1,0,12.28102117,35,6747.813832,Yes,0,0,,,
6599.213327,0,OPTIMAL,0,1,0,14.84822999,36,6599.213327,Yes,0,0,,,
6437.103685,0,OPTIMAL,0,1,0,11.97301285,37,6437.103685,Yes,0,0,,,
6639.740737,0,OPTIMAL,0,1,0,3.120678146,38,6639.740737,Yes,0,0,,,
6915.717254,0,OPTIMAL,0,1,1.92208828,11.48009064,39,7031.505704,Yes,115.7884506,1.646709189,,,
6646.495306,0,OPTIMAL,0,1,0,12.36248127,40,6646.495306,Yes,0,0,,,
6578.949622,0,OPTIMAL,0,1,0,20.7894808,41,6578.949622,Yes,0,0,,,
6890.408572,0,OPTIMAL,0,1,2.190937668,22.60054012,42,6957.205452,Yes,66.79688011,0.960110788,,,
6416.83998,0,OPTIMAL,0,1,0,0.256673599,43,6416.83998,Yes,0,0,,,
6862.799101,0,OPTIMAL,0,1,0.269700916,13.86285418,44,6876.150631,Yes,13.3515305,0.194171583,,,
6727.550126,0,OPTIMAL,0,1,0,1.61461203,45,6727.550126,Yes,0,0,,,
6639.740737,0,OPTIMAL,0,1,0,22.84070814,46,6639.740737,Yes,0,0,,,
6913.416465,0,OPTIMAL,0,1,2.460496239,15.27865039,47,7024.751136,Yes,111.3346715,1.584891326,,,
6484.385664,0,OPTIMAL,0,1,0,14.33049232,48,6484.385664,Yes,0,0,,,
6812.600547,400,OPTIMAL,336,2,11.92075728,17.94298737,1,7623.531116,Yes,474.9305689,6.229797736,84,,
6634.11895,400,OPTIMAL,336,2,4.245395066,22.86199016,2,7099.551727,Yes,129.4327764,1.823111957,84,,
6669.312505,400,OPTIMAL,336,2,1.580472813,5.604250004,3,7202.871606,Yes,197.5591017,2.742782497,84,,
6701.992234,400,OPTIMAL,336,2,2.634274535,7.108372156,4,7298.811495,Yes,260.8192608,3.573448376,84,,
6792.489945,400,OPTIMAL,336,2,3.662410417,5.987931554,5,7564.491185,Yes,436.0012401,5.763788065,84,,
6676.853981,400,OPTIMAL,336,2,1.930634159,6.381697122,6,7225.011581,Yes,212.1575999,2.936432663,84,,
6681.881631,400,OPTIMAL,336,2,3.417104955,10.80753771,7,7239.771563,Yes,221.8899321,3.064874771,84,,
6654.229553,400,OPTIMAL,336,2,2.28972463,9.506712192,8,7158.591658,Yes,168.3621051,2.351888656,84,,
6820.142023,400,OPTIMAL,336,2,12.28717958,17.96191648,9,7645.67109,Yes,489.5290671,6.40269587,84,,
6787.462294,400,OPTIMAL,336,2,0.426268908,0.712346229,10,7549.731202,Yes,426.2689079,5.646146817,84,,
6634.11895,400,OPTIMAL,336,2,1.126065155,6.064003487,11,7099.551727,Yes,129.4327764,1.823111957,84,,
6626.577474,400,OPTIMAL,336,2,2.928274092,17.75457256,12,7077.411753,Yes,114.8342781,1.622546238,84,,
6666.798679,400,OPTIMAL,336,2,4.701707628,17.08682878,13,7195.491615,Yes,192.6929356,2.67796762,84,,
6754.782565,400,OPTIMAL,336,2,9.873837966,19.28692858,14,7453.791314,Yes,363.0087488,4.870122243,84,,
6795.00377,400,OPTIMAL,336,2,11.37437908,18.39798973,15,7571.871176,Yes,440.8674062,5.8224367,84,,
6802.545246,400,OPTIMAL,336,2,10.33907603,16.20449771,16,7594.011151,Yes,455.4659045,5.997698653,84,,
6845.280276,400,OPTIMAL,336,2,8.611051649,11.49004844,17,7719.471004,Yes,538.190728,6.971860218,84,,
6661.771029,400,OPTIMAL,336,2,4.720383568,18.05424925,18,7180.731632,Yes,182.9606034,2.547938187,84,,
6717.075186,400,OPTIMAL,336,2,6.583369043,16.01048067,19,7343.091443,Yes,290.0162574,3.949511723,84,,
6669.312505,400,OPTIMAL,336,2,6.618229906,23.46779689,20,7202.871606,Yes,197.5591017,2.742782497,84,,
6782.434644,400,OPTIMAL,336,2,11.49640949,19.64687962,21,7534.971219,Yes,416.5365758,5.528044682,84,,
6734.671963,400,OPTIMAL,336,2,8.588104631,18.7372807,22,7394.751383,Yes,324.07942,4.382560052,84,,
6701.992234,400,OPTIMAL,336,2,3.286322687,8.867870215,23,7298.811495,Yes,260.8192608,3.573448376,84,,
6621.549824,400,OPTIMAL,336,2,1.723671913,11.41038171,24,7062.65177,Yes,105.1019459,1.488137167,84,,
6691.936933,400,OPTIMAL,336,2,4.80295647,13.9855945,25,7269.291529,Yes,241.3545965,3.32019421,84,,
6699.478408,400,OPTIMAL,336,2,6.705971083,18.43295343,26,7291.431503,Yes,255.9530948,3.510327083,84,,
6734.671963,400,OPTIMAL,336,2,4.634335706,10.11106091,27,7394.751383,Yes,324.07942,4.382560052,84,,
6696.964583,400,OPTIMAL,336,2,4.11782563,11.53406192,28,7284.051512,Yes,251.0869287,3.447077883,84,,
6614.008348,400,OPTIMAL,336,2,1.547608955,11.88451427,29,7040.511796,Yes,90.50344767,1.285466885,84,,
6616.522173,400,OPTIMAL,336,2,0.06675873,0.486676552,30,7047.891787,Yes,95.36961376,1.353165126,84,,
6603.953047,400,OPTIMAL,336,2,2.010397567,19.64006712,31,7010.99183,Yes,71.0387833,1.013248696,84,,
6701.992234,400,OPTIMAL,336,2,2.008308309,5.41925402,32,7298.811495,Yes,260.8192608,3.573448376,84,,
6812.600547,400,OPTIMAL,336,2,15.24527126,22.94700776,33,7623.531116,Yes,474.9305689,6.229797736,84,,
6649.201902,400,OPTIMAL,336,2,2.601528276,11.45573112,34,7143.831675,Yes,158.6297729,2.220513866,84,,
6707.019884,400,OPTIMAL,336,2,4.058273895,10.56452983,35,7313.571477,Yes,270.551593,3.699308797,84,,
6624.063649,400,OPTIMAL,336,2,1.64952168,10.44009547,36,7070.031761,Yes,109.968112,1.555411853,84,,
6641.660426,400,OPTIMAL,336,2,0.100821892,0.48843623,37,7121.691701,Yes,144.0312747,2.022430635,84,,
6757.296391,400,OPTIMAL,336,2,7.17356084,13.83192796,38,7461.171305,Yes,367.8749149,4.930524978,84,,
6681.881631,400,OPTIMAL,336,2,0.155322952,0.491251714,39,7239.771563,Yes,221.8899321,3.064874771,84,,
6759.810216,400,OPTIMAL,336,2,10.54857259,20.08114291,40,7468.551297,Yes,372.7410809,4.990808339,84,,
6840.252626,400,OPTIMAL,336,2,11.62608471,15.78775578,41,7704.711022,Yes,528.4583959,6.858899631,84,,
6810.086722,400,OPTIMAL,336,2,3.760515222,5.716869378,42,7616.151125,Yes,470.0644028,6.171941642,84,,
6752.26874,400,OPTIMAL,336,2,2.614440853,5.17443618,43,7446.411323,Yes,358.1425827,4.809599781,84,,
6855.335578,400,OPTIMAL,336,2,7.807175494,10.06786981,44,7748.99097,Yes,557.6553924,7.196490415,84,,
6712.047535,400,OPTIMAL,336,2,8.520631326,21.42606451,45,7328.33146,Yes,280.2839252,3.824662227,84,,
6674.340155,400,OPTIMAL,336,2,5.140827559,17.38564359,46,7217.631589,Yes,207.2914338,2.872014612,84,,
6651.715728,400,OPTIMAL,336,2,2.174495989,9.293661918,47,7151.211667,Yes,163.495939,2.28626905,84,,
6616.522173,400,OPTIMAL,336,2,3.233029906,23.56905017,48,7047.891787,Yes,95.36961376,1.353165126,84,,
6708.340708,600,OPTIMAL,336,3,9.995767153,25.78228699,1,7317.4491,Yes,273.1083922,3.732289606,56,,
6869.395956,600,OPTIMAL,336,3,16.96131501,20.89564827,2,7790.268888,Yes,584.8729316,7.507737409,56,,
6756.912926,600,OPTIMAL,336,3,13.29020078,25.67634479,3,7460.045544,Yes,367.1326183,4.921318726,56,,
6739.017898,600,OPTIMAL,336,3,4.555141961,9.69277452,4,7407.510012,Yes,332.492114,4.488581364,56,,
6813.154441,600,OPTIMAL,336,3,5.950034687,8.936443051,5,7625.157216,Yes,476.0027749,6.242530632,56,,
6808.041576,600,OPTIMAL,336,3,2.237306342,3.429139956,6,7610.147064,Yes,466.105488,6.124789496,56,,
6797.815846,600,OPTIMAL,336,3,11.51482158,18.40524488,7,7580.12676,Yes,446.310914,5.887908318,56,,
6797.815846,600,OPTIMAL,336,3,3.391962947,5.421700043,8,7580.12676,Yes,446.310914,5.887908318,56,,
6700.67141,600,OPTIMAL,336,3,0.619829908,1.688801138,9,7294.933872,Yes,258.2624617,3.540298874,56,,
6848.944496,600,OPTIMAL,336,3,12.05077162,15.87872734,10,7730.22828,Yes,545.2837837,7.053915666,56,,
6848.944496,600,OPTIMAL,336,3,5.071139188,6.681998382,11,7730.22828,Yes,545.2837837,7.053915666,56,,
6818.267306,600,OPTIMAL,336,3,8.79479112,12.94922382,12,7640.167368,Yes,485.9000619,6.359809131,56,,
6667.437788,600,OPTIMAL,336,3,4.208283093,15.19746,13,7197.367884,Yes,193.9300964,2.694458579,56,,
6787.590116,600,OPTIMAL,336,3,8.743584972,14.60335974,14,7550.106456,Yes,426.5163401,5.649143394,56,,
6871.952389,600,OPTIMAL,336,3,13.50691407,16.50621097,15,7797.773964,Yes,589.821575,7.563973741,56,,
6848.944496,600,OPTIMAL,336,3,2.835475675,3.736171138,16,7730.22828,Yes,545.2837837,7.053915666,56,,
6726.235735,600,OPTIMAL,336,3,4.585458558,10.52273125,17,7369.984632,Yes,307.7488965,4.175706082,56,,
6698.114978,600,OPTIMAL,336,3,9.473936802,26.30759002,18,7287.428796,Yes,253.3138182,3.47603833,56,,
6897.516714,600,OPTIMAL,336,3,0.511446408,0.578681337,19,7872.824724,Yes,639.3080099,8.120440023,56,,
6736.461466,600,OPTIMAL,336,3,7.893797638,17.04463213,20,7400.004936,Yes,327.5434705,4.426260162,56,,
6854.057361,600,OPTIMAL,336,3,20.31962719,26.31560994,21,7745.238432,Yes,555.1810707,7.168030727,56,,
6792.702981,600,OPTIMAL,336,3,8.771913904,14.32869299,22,7565.116608,Yes,436.4136271,5.768762726,56,,
6675.107085,600,OPTIMAL,336,3,7.223650531,24.25843051,23,7219.883112,Yes,208.7760269,2.891681536,56,,
6820.823739,600,OPTIMAL,336,3,1.374376375,2.003910647,24,7647.672444,Yes,490.8487054,6.418275743,56,,
6687.889248,600,OPTIMAL,336,3,1.401115466,4.214333549,25,7257.408492,Yes,233.5192443,3.217667085,56,,
6859.170226,600,OPTIMAL,336,3,10.45394962,13.31106492,26,7760.248584,Yes,565.0783576,7.281704336,56,,
6705.784275,600,OPTIMAL,336,3,8.527480008,22.392874,27,7309.944024,Yes,268.1597487,3.668424106,56,,
6644.429895,600,OPTIMAL,336,3,3.854321472,18.00950913,28,7129.8222,Yes,149.3923051,2.095315997,56,,
6828.493036,600,OPTIMAL,336,3,17.29475655,24.50256618,29,7670.187672,Yes,505.6946358,6.592989083,56,,
6667.437788,600,OPTIMAL,336,3,0.232716116,0.840412535,30,7197.367884,Yes,193.9300964,2.694458579,56,,
6687.889248,600,OPTIMAL,336,3,0.934076977,2.809555699,31,7257.408492,Yes,233.5192443,3.217667085,56,,
6897.516714,600,OPTIMAL,336,3,23.39867316,26.47467117,32,7872.824724,Yes,639.3080099,8.120440023,56,,
6721.12287,600,OPTIMAL,336,3,4.437988983,10.51511308,33,7354.97448,Yes,297.8516096,4.04966204,56,,
6728.792168,600,OPTIMAL,336,3,2.001264256,4.521466988,34,7377.489708,Yes,312.69754,4.238535768,56,,
6723.679303,600,OPTIMAL,336,3,4.753963973,11.08369651,35,7362.479556,Yes,302.8002531,4.112748304,56,,
6659.76849,600,OPTIMAL,336,3,0.859603997,3.357968875,36,7174.852656,Yes,179.084166,2.495997822,56,,
6828.493036,600,OPTIMAL,336,3,1.618222835,2.292637772,37,7670.187672,Yes,505.6946358,6.592989083,56,,
6700.67141,600,OPTIMAL,336,3,3.228280771,8.795839263,38,7294.933872,Yes,258.2624617,3.540298874,56,,
6800.372278,600,OPTIMAL,336,3,9.431324752,14.91501806,39,7587.631836,Yes,451.2595575,5.947304341,56,,
6644.429895,600,OPTIMAL,336,3,5.826299899,27.22367659,40,7129.8222,Yes,149.3923051,2.095315997,56,,
6680.21995,600,OPTIMAL,336,3,6.953811381,22.31157944,41,7234.893264,Yes,218.6733139,3.022481547,56,,
6815.710874,600,OPTIMAL,336,3,12.9856883,19.30961936,42,7632.662292,Yes,480.9514184,6.301227541,56,,
6744.130763,600,OPTIMAL,336,3,3.458132949,7.150932071,43,7422.520164,Yes,342.3894009,4.612845682,56,,
6848.944496,600,OPTIMAL,336,3,7.252274323,9.55597618,44,7730.22828,Yes,545.2837837,7.053915666,56,,
6815.710874,600,OPTIMAL,336,3,8.897601241,13.23066512,45,7632.662292,Yes,480.9514184,6.301227541,56,,
6874.508821,600,OPTIMAL,336,3,10.05161669,12.18575991,46,7805.27904,Yes,594.7702185,7.620101927,56,,
6900.073147,600,OPTIMAL,336,3,14.4957747,16.28116458,47,7880.3298,Yes,644.2566533,8.175503687,56,,
6731.3486,600,OPTIMAL,336,3,0.222352328,0.494714402,48,7384.994784,Yes,317.6461835,4.30123775,56,,
6398.225472,1000,OPTIMAL,1000,4,5.940537073,6.066544887,1,8122.681212,Yes,724.4557406,8.91892371,100,,
6368.933016,1000,OPTIMAL,1000,4,15.02443202,16.58009929,2,8036.68555,Yes,667.752534,8.30880504,100,,
6424.854977,1000,OPTIMAL,1000,4,8.38084439,8.018843376,3,8200.859087,Yes,776.0041102,9.462473406,100,,
6398.225472,1000,OPTIMAL,1000,4,15.648244,15.98016702,4,8122.681212,Yes,724.4557406,8.91892371,100,,
6174.537627,1000,OPTIMAL,1000,4,4.750625805,11.69449633,5,7465.987062,Yes,291.4494359,3.903695967,100,,
6289.0445,1000,OPTIMAL,1000,4,11.54491707,16.40035012,6,7802.151925,Yes,513.1074252,6.57648595,100,,
6363.607115,1000,OPTIMAL,1000,4,21.03817152,23.56354277,7,8021.049975,Yes,657.4428601,8.196468818,100,,
6267.740896,1000,OPTIMAL,1000,4,12.50452133,19.25951337,8,7739.609625,Yes,471.8687295,6.096802712,100,,
6408.877274,1000,OPTIMAL,1000,4,5.364540637,5.334391637,9,8153.952362,Yes,745.0750884,9.137594326,100,,
6411.540225,1000,OPTIMAL,1000,4,2.475758754,2.445808274,10,8161.77015,Yes,750.2299254,9.192000162,100,,
6174.537627,1000,OPTIMAL,1000,4,9.034932512,22.24106664,11,7465.987062,Yes,291.4494359,3.903695967,100,,
6307.685154,1000,OPTIMAL,1000,4,3.954177244,5.261533311,12,7856.876437,Yes,549.1912839,6.989944264,100,,
6419.529076,1000,OPTIMAL,1000,4,4.747305505,4.600108027,13,8185.223512,Yes,765.6944363,9.354594106,100,,
6307.685154,1000,OPTIMAL,1000,4,17.24460631,22.94613138,14,7856.876437,Yes,549.1912839,6.989944264,100,,
6352.955313,1000,OPTIMAL,1000,4,12.29069379,14.19120375,15,7989.778825,Yes,636.8235122,7.970477358,100,,
6360.944164,1000,OPTIMAL,1000,4,5.34876179,6.035974215,16,8013.232188,Yes,652.2880231,8.140136313,100,,
6390.23662,1000,OPTIMAL,1000,4,13.8962281,14.48486378,17,8099.22785,Yes,708.9912297,8.75381262,100,,
6211.818934,1000,OPTIMAL,1000,4,7.599598504,15.07270157,18,7575.436087,Yes,363.6171533,4.799950117,100,,
6371.595967,1000,OPTIMAL,1000,4,18.23578975,19.97702507,19,8044.503337,Yes,672.907371,8.364809395,100,,
6294.370401,1000,OPTIMAL,1000,4,11.30580934,15.75584007,20,7817.7875,Yes,523.4170991,6.695207552,100,,
6267.740896,1000,OPTIMAL,1000,4,5.992732865,9.230030937,21,7739.609625,Yes,471.8687295,6.096802712,100,,
6320.999906,1000,OPTIMAL,1000,4,15.75405384,20.05953974,22,7895.965375,Yes,574.9654687,7.281762792,100,,
6305.022203,1000,OPTIMAL,1000,4,7.99733577,10.73838264,23,7849.05865,Yes,544.0364469,6.931231772,100,,
6363.607115,1000,OPTIMAL,1000,4,19.98626295,22.38536563,24,8021.049975,Yes,657.4428601,8.196468818,100,,
6257.089093,1000,OPTIMAL,1000,4,14.43998021,23.2226851,25,7708.338475,Yes,451.2493817,5.854042127,100,,
6235.785489,1000,OPTIMAL,1000,4,12.34132165,21.77971432,26,7645.796175,Yes,410.010686,5.362563644,100,,
6419.529076,1000,OPTIMAL,1000,4,3.215916632,3.116202212,27,8185.223512,Yes,765.6944363,9.354594106,100,,
6368.933016,1000,OPTIMAL,1000,4,21.56840685,23.80165364,28,8036.68555,Yes,667.752534,8.30880504,100,,
6313.011055,1000,OPTIMAL,1000,4,14.99462567,19.59886963,29,7872.512012,Yes,559.5009578,7.107019423,100,,
6179.863528,1000,OPTIMAL,1000,4,9.746819246,23.19095919,30,7481.622638,Yes,301.7591098,4.033337745,100,,
6313.011055,1000,OPTIMAL,1000,4,6.937811877,9.068133708,31,7872.512012,Yes,559.5009578,7.107019423,100,,
6411.540225,1000,OPTIMAL,1000,4,0.975298903,0.963500229,32,8161.77015,Yes,750.2299254,9.192000162,100,,
6235.785489,1000,OPTIMAL,1000,4,5.740149604,10.13009968,33,7645.796175,Yes,410.010686,5.362563644,100,,
6281.055648,1000,OPTIMAL,1000,4,6.668415052,9.756614569,34,7778.698563,Yes,497.6429143,6.397508662,100,,
6281.055648,1000,OPTIMAL,1000,4,13.18753723,19.29479747,35,7778.698563,Yes,497.6429143,6.397508662,100,,
6273.066797,1000,OPTIMAL,1000,4,0.337524882,0.509114676,36,7755.2452,Yes,482.1784034,6.217448849,100,,
6169.211726,1000,OPTIMAL,1000,4,2.839511596,7.240903843,37,7450.351488,Yes,281.1397619,3.773510047,100,,
6331.651708,1000,OPTIMAL,1000,4,11.85213785,14.5899869,38,7927.236525,Yes,595.5848166,7.513145529,100,,
6163.885824,1000,OPTIMAL,1000,4,7.258246359,19.19921401,39,7434.715913,Yes,270.830088,3.642776553,100,,
6169.211726,1000,OPTIMAL,1000,4,3.682930882,9.39166736,40,7450.351488,Yes,281.1397619,3.773510047,100,,
6233.122538,1000,OPTIMAL,1000,4,3.036418868,5.424841904,41,7637.978387,Yes,404.855849,5.300562904,100,,
6387.57367,1000,OPTIMAL,1000,4,6.193760256,6.501064829,42,8091.410062,Yes,703.8363927,8.698562887,100,,
6243.774341,1000,OPTIMAL,1000,4,6.80760315,11.59003895,43,7669.249538,Yes,425.4751968,5.547807445,100,,
6326.325807,1000,OPTIMAL,1000,4,13.98807591,17.50991868,44,7911.60095,Yes,585.2751426,7.397682799,100,,
6177.200577,1000,OPTIMAL,1000,4,4.745668365,11.48352092,45,7473.80485,Yes,296.6042728,3.96858466,100,,
6360.944164,1000,OPTIMAL,1000,4,18.78589507,21.19951919,46,8013.232188,Yes,652.2880231,8.140136313,100,,
6416.866126,1000,OPTIMAL,1000,4,1.216863359,1.18669858,47,8177.405725,Yes,760.5395993,9.300499754,100,,
6363.607115,1000,OPTIMAL,1000,4,19.00009866,21.28082456,48,8021.049975,Yes,657.4428601,8.196468818,100,,
6215.227511,1000,OPTIMAL,1000,5,0.66638762,1.298740952,1,7585.442856,Yes,370.2153446,4.880602909,100,,
6274.749781,1000,OPTIMAL,1000,5,14.07765155,21.09677437,2,7760.186042,Yes,485.4362604,6.255471941,100,,
6336.97761,1000,OPTIMAL,1000,5,8.90664901,10.78535709,3,7942.8721,Yes,605.8944905,7.628153681,100,,
6228.7553,1000,OPTIMAL,1000,5,2.616252648,4.770978498,4,7625.157216,Yes,396.4019164,5.19860647,100,,
6320.744263,1000,OPTIMAL,1000,5,19.87668291,25.32977515,5,7895.214867,Yes,574.4706044,7.276187083,100,,
6277.455339,1000,OPTIMAL,1000,5,10.843886,16.0831763,6,7768.128914,Yes,490.6735747,6.316496291,100,,
6263.92755,1000,OPTIMAL,1000,5,2.229537614,3.486685224,7,7728.414553,Yes,464.487003,6.010120184,100,,
6361.327629,1000,OPTIMAL,1000,5,9.338333571,10.52669851,8,8014.357949,Yes,653.0303196,8.148254967,100,,
6272.044224,1000,OPTIMAL,1000,5,9.892098288,14.9804111,9,7752.24317,Yes,480.198946,6.19432254,100,,
6361.327629,1000,OPTIMAL,1000,5,10.77500027,12.14619059,10,8014.357949,Yes,653.0303196,8.148254967,100,,
6293.688686,1000,OPTIMAL,1000,5,10.54636871,14.73325114,11,7815.786146,Yes,522.0974608,6.680037696,100,,
6372.14986,1000,OPTIMAL,1000,5,23.05010154,25.21275252,12,8046.129437,Yes,673.9795771,8.376444629,100,,
6336.97761,1000,OPTIMAL,1000,5,2.908293554,3.521749253,13,7942.8721,Yes,605.8944905,7.628153681,100,,
6420.8499,1000,OPTIMAL,1000,5,17.82342866,17.21637177,14,8189.101135,Yes,768.2512354,9.381386586,100,,
6312.62759,1000,OPTIMAL,1000,5,17.26564263,22.59601925,15,7871.386251,Yes,558.7586613,7.09860555,100,,
6277.455339,1000,OPTIMAL,1000,5,9.371865277,13.8999397,16,7768.128914,Yes,490.6735747,6.316496291,100,,
6244.988646,1000,OPTIMAL,1000,5,3.165910939,5.361291598,17,7672.814449,Yes,427.8258025,5.575865354,100,,
6215.227511,1000,OPTIMAL,1000,5,2.591507412,5.050659258,18,7585.442856,Yes,370.2153446,4.880602909,100,,
6364.033187,1000,OPTIMAL,1000,5,1.184881741,1.325525974,19,8022.300821,Yes,658.267634,8.20547183,100,,
6207.110838,1000,OPTIMAL,1000,5,4.57309388,9.297172981,20,7561.614239,Yes,354.5034016,4.688197392,100,,
6234.166415,1000,OPTIMAL,1000,5,7.771342011,13.81725785,21,7641.04296,Yes,406.8765451,5.324882313,100,,
6407.322111,1000,OPTIMAL,1000,5,11.42779582,11.40727605,22,8149.386775,Yes,742.0646636,9.105773037,100,,
6293.688686,1000,OPTIMAL,1000,5,8.249139881,11.52402812,23,7815.786146,Yes,522.0974608,6.680037696,100,,
6468.59207,1000,OPTIMAL,1000,5,28.49555285,24.42229607,24,8340.015705,Yes,871.4236347,10.44870496,100,,
6228.7553,1000,OPTIMAL,1000,5,6.104589512,11.13228316,25,7625.157216,Yes,396.4019164,5.19860647,100,,
6385.677649,1000,OPTIMAL,1000,5,1.050249223,1.107851647,26,8085.843798,Yes,700.1661488,8.659159963,100,,
6434.377688,1000,OPTIMAL,1000,5,23.67424665,22.15444551,27,8228.815496,Yes,794.4378072,9.654339772,100,,
6244.988646,1000,OPTIMAL,1000,5,4.406605766,7.462338305,28,7672.814449,Yes,427.8258025,5.575865354,100,,
6272.044224,1000,OPTIMAL,1000,5,6.194566404,9.380937048,29,7752.24317,Yes,480.198946,6.19432254,100,,
6304.510917,1000,OPTIMAL,1000,5,7.385435368,9.934134847,30,7847.557635,Yes,543.0467182,6.919945587,100,,
6342.388725,1000,OPTIMAL,1000,5,20.40181784,24.30330668,31,7958.757844,Yes,616.3691192,7.744539176,100,,
6453.159515,1000,OPTIMAL,1000,5,29.67584224,26.60777947,32,8284.4156,Yes,831.2560851,10.03397373,100,,
6312.62759,1000,OPTIMAL,1000,5,2.45853811,3.21755614,33,7871.386251,Yes,558.7586613,7.09860555,100,,
6415.438784,1000,OPTIMAL,1000,5,12.80642465,12.53209155,34,8173.215391,Yes,757.7766067,9.271462582,100,,
6280.160897,1000,OPTIMAL,1000,5,0.198364356,0.291206436,35,7776.071786,Yes,495.9108891,6.377395975,100,,
6372.14986,1000,OPTIMAL,1000,5,14.35576499,15.7026792,36,8046.129437,Yes,673.9795771,8.376444629,100,,
6399.205438,1000,OPTIMAL,1000,5,16.85138312,17.16615662,37,8125.558158,Yes,726.3527206,8.939111707,100,,
6201.699722,1000,OPTIMAL,1000,5,4.919611452,10.2984306,38,7545.728495,Yes,344.0287729,4.559251941,100,,
6361.327629,1000,OPTIMAL,1000,5,15.60742464,17.59357303,39,8014.357949,Yes,653.0303196,8.148254967,100,,
6345.094283,1000,OPTIMAL,1000,5,17.84010464,21.08042059,40,7966.700716,Yes,621.6064335,7.802557868,100,,
6320.744263,1000,OPTIMAL,1000,5,10.11068264,12.8845099,41,7895.214867,Yes,574.4706044,7.276187083,100,,
6420.8499,1000,OPTIMAL,1000,5,21.74150996,21.00100522,42,8189.101135,Yes,768.2512354,9.381386586,100,,
6301.805359,1000,OPTIMAL,1000,5,13.82170168,18.76563977,43,7839.614763,Yes,537.8094039,6.860150915,100,,
6326.155379,1000,OPTIMAL,1000,5,12.0498718,15.09188008,44,7911.100612,Yes,584.9452331,7.393980456,100,,
6423.555457,1000,OPTIMAL,1000,5,25.91186642,24.86891078,45,8197.044007,Yes,773.4885497,9.436188815,100,,
6304.510917,1000,OPTIMAL,1000,5,9.992059616,13.44030009,46,7847.557635,Yes,543.0467182,6.919945587,100,,
6280.160897,1000,OPTIMAL,1000,5,10.95963065,16.08915558,47,7776.071786,Yes,495.9108891,6.377395975,100,,
6296.394243,1000,OPTIMAL,1000,5,7.85728815,10.87162742,48,7823.729019,Yes,527.3347752,6.74019734,100,,
6323.449821,1000,OPTIMAL,1000,6,14.43472718,18.23539005,1,7903.157739,Yes,579.7079187,7.335142962,100,,
6234.166415,1000,OPTIMAL,1000,6,1.017191363,1.808541604,2,7641.04296,Yes,406.8765451,5.324882313,100,,
6226.049742,1000,OPTIMAL,1000,6,11.22642408,20.73876276,3,7617.214344,Yes,391.164602,5.135271037,100,,
6301.805359,1000,OPTIMAL,1000,6,2.043675735,2.774686036,4,7839.614763,Yes,537.8094039,6.860150915,100,,
6323.449821,1000,OPTIMAL,1000,6,1.623182172,2.05056595,5,7903.157739,Yes,579.7079187,7.335142962,100,,
6342.388725,1000,OPTIMAL,1000,6,5.424048249,6.461302078,6,7958.757844,Yes,616.3691192,7.744539176,100,,
6401.910995,1000,OPTIMAL,1000,6,10.82753252,10.95482827,7,8133.50103,Yes,731.5900349,8.994773987,100,,
6437.083246,1000,OPTIMAL,1000,6,4.318245656,4.016024953,8,8236.758368,Yes,799.6751215,9.708614552,100,,
6282.866455,1000,OPTIMAL,1000,6,8.068486075,11.72541499,9,7784.014658,Yes,501.1482034,6.438171374,100,,
6401.910995,1000,OPTIMAL,1000,6,18.21659187,18.43075838,10,8133.50103,Yes,731.5900349,8.994773987,100,,
6361.327629,1000,OPTIMAL,1000,6,1.828484895,2.061171736,11,8014.357949,Yes,653.0303196,8.148254967,100,,
6407.322111,1000,OPTIMAL,1000,6,22.92979811,22.88862532,12,8149.386775,Yes,742.0646636,9.105773037,100,,
6253.105319,1000,OPTIMAL,1000,6,6.298235987,10.29940955,13,7696.643065,Yes,443.5377456,5.762742819,100,,
6301.805359,1000,OPTIMAL,1000,6,16.7796534,22.78163272,14,7839.614763,Yes,537.8094039,6.860150915,100,,
6239.577531,1000,OPTIMAL,1000,6,8.806109767,15.27550859,15,7656.928704,Yes,417.3511738,5.450634189,100,,
6468.59207,1000,OPTIMAL,1000,6,17.34133033,14.86249822,16,8340.015705,Yes,871.4236347,10.44870496,100,,
6247.694204,1000,OPTIMAL,1000,6,6.842397246,11.45135684,17,7680.757321,Yes,433.0631169,5.638286679,100,,
6377.560976,1000,OPTIMAL,1000,6,15.94778299,17.18971707,18,8062.015181,Yes,684.4542058,8.489865007,100,,
6328.860936,1000,OPTIMAL,1000,6,5.960843729,7.402149546,19,7919.043484,Yes,590.1825474,7.452699921,100,,
6380.266533,1000,OPTIMAL,1000,6,6.552069441,7.011253207,20,8069.958054,Yes,689.6915201,8.546407745,100,,
6204.40528,1000,OPTIMAL,1000,6,10.12871653,20.89277531,21,7553.671367,Yes,349.2660872,4.623792461,100,,
6401.910995,1000,OPTIMAL,1000,6,21.43558802,21.68759922,22,8133.50103,Yes,731.5900349,8.994773987,100,,
6312.62759,1000,OPTIMAL,1000,6,7.207986731,9.433289591,23,7871.386251,Yes,558.7586613,7.09860555,100,,
6420.8499,1000,OPTIMAL,1000,6,18.43802965,17.81003976,24,8189.101135,Yes,768.2512354,9.381386586,100,,
6234.166415,1000,OPTIMAL,1000,6,1.790256798,3.183033223,25,7641.04296,Yes,406.8765451,5.324882313,100,,
6234.166415,1000,OPTIMAL,1000,6,6.550712376,11.64700793,26,7641.04296,Yes,406.8765451,5.324882313,100,,
6201.699722,1000,OPTIMAL,1000,6,9.426388377,19.73265724,27,7545.728495,Yes,344.0287729,4.559251941,100,,
6410.027669,1000,OPTIMAL,1000,6,10.61168809,10.52223929,28,8157.329647,Yes,747.301978,9.161110441,100,,
6339.683167,1000,OPTIMAL,1000,6,18.88397277,22.67962099,29,7950.814972,Yes,611.1318048,7.686404563,100,,
6445.199919,1000,OPTIMAL,1000,6,2.609238607,2.382463974,30,8260.586984,Yes,815.3870646,9.870812645,100,,
6201.699722,1000,OPTIMAL,1000,6,8.256690549,17.28407933,31,7545.728495,Yes,344.0287729,4.559251941,100,,
6331.566494,1000,OPTIMAL,1000,6,10.71755751,13.19681969,32,7926.986356,Yes,595.4198618,7.511301711,100,,
6242.283088,1000,OPTIMAL,1000,6,4.944285311,8.473471213,33,7664.871577,Yes,422.5884882,5.513314658,100,,
6285.572012,1000,OPTIMAL,1000,6,15.49539684,22.29385036,34,7791.95753,Yes,506.3855178,6.498822867,100,,
6464.182769,1000,OPTIMAL,1000,6,4.901698994,4.254584178,35,8324.129961,Yes,859.9471919,10.33077566,100,,
6439.788804,1000,OPTIMAL,1000,6,24.38884681,22.54256008,36,8244.70124,Yes,804.9124359,9.762784756,100,,
6274.749781,1000,OPTIMAL,1000,6,12.23299376,18.33236945,37,7760.186042,Yes,485.4362604,6.255471941,100,,
6304.510917,1000,OPTIMAL,1000,6,10.26358297,13.80552563,38,7847.557635,Yes,543.0467182,6.919945587,100,,
6315.333148,1000,OPTIMAL,1000,6,8.177941647,10.60723306,39,7879.329123,Yes,563.9959757,7.157918737,100,,
6226.049742,1000,OPTIMAL,1000,6,11.22642408,20.73876276,40,7617.214344,Yes,391.164602,5.135271037,100,,
6239.577531,1000,OPTIMAL,1000,6,6.969764602,12.09009448,41,7656.928704,Yes,417.3511738,5.450634189,100,,
6242.283088,1000,OPTIMAL,1000,6,3.592002149,6.155940625,42,7664.871577,Yes,422.5884882,5.513314658,100,,
6410.027669,1000,OPTIMAL,1000,6,22.64324993,22.45238384,43,8157.329647,Yes,747.301978,9.161110441,100,,
6442.494362,1000,OPTIMAL,1000,6,0.729134775,0.669824493,44,8252.644112,Yes,810.1497502,9.816850687,100,,
6342.388725,1000,OPTIMAL,1000,6,18.86089505,22.4677095,45,7958.757844,Yes,616.3691192,7.744539176,100,,
6282.866455,1000,OPTIMAL,1000,6,11.67675314,16.96907884,46,7784.014658,Yes,501.1482034,6.438171374,100,,
6258.516435,1000,OPTIMAL,1000,6,13.03015514,20.83194217,47,7712.528809,Yes,454.0123743,5.886686267,100,,
6201.699722,1000,OPTIMAL,1000,6,9.116762481,19.08450426,48,7545.728495,Yes,344.0287729,4.559251941,100,,
6313.854461,1300,OPTIMAL,1300,7,8.245006482,14.00949221,1,8061.952639,Yes,448.0981784,5.558184207,100,,
6472.973764,1300,OPTIMAL,1300,7,17.4053373,16.63416385,2,8586.307282,Yes,813.3335186,9.472448305,100,,
6372.460676,1300,OPTIMAL,1300,7,16.45329282,22.48030978,3,8234.006506,Yes,561.5458302,6.819837096,100,,
6372.460676,1300,OPTIMAL,1300,7,14.31941867,19.56477472,4,8234.006506,Yes,561.5458302,6.819837096,100,,
6291.528284,1300,OPTIMAL,1300,7,15.18300095,28.46823106,5,7996.408309,Yes,404.8800253,5.06327353,100,,
6400.368398,1300,OPTIMAL,1300,7,2.770058347,3.465165779,6,8315.93692,Yes,615.5685215,7.402275023,100,,
6361.297588,1300,OPTIMAL,1300,7,12.95848209,18.38711421,7,8201.234341,Yes,539.9367537,6.583603531,100,,
6260.82979,1300,OPTIMAL,1300,7,3.385459635,7.409613194,8,7906.284855,Yes,345.4550648,4.369372862,100,,
6383.623765,1300,OPTIMAL,1300,7,13.7624558,18.13335209,9,8266.778672,Yes,583.1549067,7.054197649,100,,
6386.414537,1300,OPTIMAL,1300,7,5.297014583,6.917773083,10,8274.971713,Yes,588.5571759,7.112497738,100,,
6230.131296,1300,OPTIMAL,1300,7,0.65786924,1.731930198,11,7816.1614,Yes,286.0301043,3.659470291,100,,
6333.389866,1300,OPTIMAL,1300,7,17.49290624,27.48020352,12,8119.303928,Yes,485.9140623,5.984676354,100,,
6451.60347,1300,OPTIMAL,1300,7,22.96803936,24.72761507,13,8471.604704,Yes,720.0012338,8.498994688,100,,
6417.113031,1300,OPTIMAL,1300,7,2.203139264,2.623818431,14,8365.095167,Yes,647.9821364,7.74626138,100,,
6375.251448,1300,OPTIMAL,1300,7,0.22677924,0.307010058,15,8242.199548,Yes,566.9480993,6.878601956,100,,
6299.9006,1300,OPTIMAL,1300,7,2.989716512,5.395929426,16,8020.987433,Yes,421.0868327,5.249812897,100,,
6244.085157,1300,OPTIMAL,1300,7,8.32690257,20.06726652,17,7857.126607,Yes,313.04145,3.984172149,100,,
6394.786854,1300,OPTIMAL,1300,7,15.42148157,19.62170648,18,8299.550837,Yes,604.7639833,7.286707379,100,,
6358.506815,1300,OPTIMAL,1300,7,17.26546385,24.73697701,19,8193.0413,Yes,534.5344845,6.524249847,100,,
6341.762182,1300,OPTIMAL,1300,7,15.61595905,23.76588039,20,8143.883052,Yes,502.1208697,6.165619846,100,,
6260.82979,1300,OPTIMAL,1300,7,7.530920413,16.48260894,21,7906.284855,Yes,345.4550648,4.369372862,100,,
6230.131296,1300,OPTIMAL,1300,7,5.262953919,13.85544158,22,7816.1614,Yes,286.0301043,3.659470291,100,,
6476.026663,1300,OPTIMAL,1300,7,12.06933385,11.35299893,23,8602.693365,Yes,826.6667022,9.609394025,100,,
6474.500213,1300,OPTIMAL,1300,7,8.938001203,8.474205232,24,8594.500324,Yes,820.0001104,9.540986439,100,,
6408.740714,1300,OPTIMAL,1300,7,12.82503918,15.64874365,25,8340.516043,Yes,631.7753289,7.574775058,100,,
6333.389866,1300,OPTIMAL,1300,7,4.178860936,6.564715285,26,8119.303928,Yes,485.9140623,5.984676354,100,,
6366.879132,1300,OPTIMAL,1300,7,1.872520393,2.606738905,27,8217.620424,Yes,550.7412919,6.70195584,100,,
6471.447314,1300,OPTIMAL,1300,7,9.680003122,9.325736777,28,8578.114241,Yes,806.6669269,9.403779248,100,,
6471.447314,1300,OPTIMAL,1300,7,23.31267419,22.45948274,29,8578.114241,Yes,806.6669269,9.403779248,100,,
6291.528284,1300,OPTIMAL,1300,7,0.607320038,1.138729243,30,7996.408309,Yes,404.8800253,5.06327353,100,,
6313.854461,1300,OPTIMAL,1300,7,14.29433189,24.28819573,31,8061.952639,Yes,448.0981784,5.558184207,100,,
6397.577626,1300,OPTIMAL,1300,7,22.21005159,28.01918256,32,8307.743878,Yes,610.1662524,7.344548187,100,,
6422.694575,1300,OPTIMAL,1300,7,4.67738539,5.483113148,33,8381.48125,Yes,658.7866746,7.860026826,100,,
6241.294385,1300,OPTIMAL,1300,7,5.076046484,12.44313573,34,7848.933565,Yes,307.6391809,3.919502927,100,,
6252.457473,1300,OPTIMAL,1300,7,4.082678392,9.365047267,35,7881.705731,Yes,329.2482574,4.17737313,100,,
6466.867966,1300,OPTIMAL,1300,7,28.94935118,28.58207411,36,8553.535117,Yes,786.6671515,9.196982777,100,,
6232.922068,1300,OPTIMAL,1300,7,10.17098983,26.28989802,37,7824.354442,Yes,291.4323735,3.724682664,100,,
6230.131296,1300,OPTIMAL,1300,7,6.550089389,17.24400067,38,7816.1614,Yes,286.0301043,3.659470291,100,,
6221.758979,1300,OPTIMAL,1300,7,6.286882818,17.52569842,39,7791.582276,Yes,269.8232969,3.463010302,100,,
6358.506815,1300,OPTIMAL,1300,7,10.42342245,14.93408829,40,8193.0413,Yes,534.5344845,6.524249847,100,,
6347.343727,1300,OPTIMAL,1300,7,5.949934733,8.870918723,41,8160.269135,Yes,512.925408,6.285643274,100,,
6355.716043,1300,OPTIMAL,1300,7,2.592747855,3.751300861,42,8184.848259,Yes,529.1322154,6.464777338,100,,
6463.815067,1300,OPTIMAL,1300,7,2.010668317,2.018591917,43,8537.149035,Yes,773.333968,9.058456926,100,,
6297.109828,1300,OPTIMAL,1300,7,3.741161072,6.837398845,44,8012.794391,Yes,415.6845636,5.187760265,100,,
6249.666701,1300,OPTIMAL,1300,7,5.472997202,12.75893672,45,7873.512689,Yes,323.8459883,4.113106831,100,,
6330.599094,1300,OPTIMAL,1300,7,13.35822785,21.21306548,46,8111.110887,Yes,480.5117932,5.924118162,100,,
6375.251448,1300,OPTIMAL,1300,7,1.474065058,1.995565377,47,8242.199548,Yes,566.9480993,6.878601956,100,,
6431.066892,1300,OPTIMAL,1300,7,12.75737681,14.61171643,48,8406.060374,Yes,674.993482,8.029843375,100,,
6337.629283,1300,OPTIMAL,1300,8,8.597697792,13.28947495,1,8131.749846,Yes,494.1205627,6.076435848,100,,
6242.018707,1300,OPTIMAL,1300,8,9.518471932,23.22941762,2,7851.060004,Yes,309.0412965,3.936300275,100,,
6393.870799,1300,OPTIMAL,1300,8,16.09985221,20.54263503,3,8296.861518,Yes,602.9907194,7.267696563,100,,
6466.728138,1300,OPTIMAL,1300,8,17.45045366,17.24213647,4,8552.78461,Yes,786.0564714,9.19064968,100,,
6267.327389,1300,OPTIMAL,1300,8,3.043279369,6.432228281,5,7925.360256,Yes,358.032867,4.517559523,100,,
6451.34712,1300,OPTIMAL,1300,8,22.64477209,24.41674343,6,8470.228774,Yes,718.8816535,8.487157463,100,,
6405.119102,1300,OPTIMAL,1300,8,5.310500381,6.549351236,7,8329.883852,Yes,624.7647507,7.500281658,100,,
6272.951541,1300,OPTIMAL,1300,8,0.258243918,0.530106608,8,7941.871423,Yes,368.9198826,4.645251264,100,,
6402.307026,1300,OPTIMAL,1300,8,9.661411388,12.01559896,9,8321.628269,Yes,619.3212429,7.442308438,100,,
6242.018707,1300,OPTIMAL,1300,8,5.840880504,14.25441536,10,7851.060004,Yes,309.0412965,3.936300275,100,,
6471.342444,1300,OPTIMAL,1300,8,13.46368891,12.97814188,11,8577.55136,Yes,806.2089167,9.39905671,100,,
6399.49495,1300,OPTIMAL,1300,8,3.437715316,4.311717172,12,8313.372685,Yes,613.877735,7.384220078,100,,
6416.367405,1300,OPTIMAL,1300,8,9.827389486,11.72887846,13,8362.906187,Yes,646.538782,7.73102995,100,,
6449.485183,1300,OPTIMAL,1300,8,8.692353685,9.454371923,14,8461.97319,Yes,712.488007,8.419880221,100,,
6454.423324,1300,OPTIMAL,1300,8,0.805548279,0.852986566,15,8486.739941,Yes,732.3166171,8.628950836,100,,
6242.018707,1300,OPTIMAL,1300,8,10.53830821,25.71828379,16,7851.060004,Yes,309.0412965,3.936300275,100,,
6396.682874,1300,OPTIMAL,1300,8,6.996993613,8.851185306,17,8305.117102,Yes,608.4342272,7.326016235,100,,
6472.880545,1300,OPTIMAL,1300,8,17.15274701,16.40077795,18,8585.806944,Yes,812.9263985,9.468258532,100,,
6258.891162,1300,OPTIMAL,1300,8,7.722472963,17.08309403,19,7900.593505,Yes,341.7023435,4.325021193,100,,
6485.18536,1300,OPTIMAL,1300,8,21.23332319,19.07370413,20,8651.851613,Yes,866.6662528,10.01711878,100,,
6433.239859,1300,OPTIMAL,1300,8,6.31655841,7.191913069,21,8412.439688,Yes,679.199829,8.073755702,100,,
6447.193735,1300,OPTIMAL,1300,8,20.70114943,22.69927764,22,8453.717606,Yes,706.5238714,8.357552313,100,,
6463.651935,1300,OPTIMAL,1300,8,15.45243016,15.52730387,23,8536.273442,Yes,772.6215078,9.051039813,100,,
6340.441359,1300,OPTIMAL,1300,8,11.290148,17.26739747,24,8140.00543,Yes,499.5640706,6.137146651,100,,
6295.448147,1300,OPTIMAL,1300,8,6.269512768,11.54508118,25,8007.916092,Yes,412.4679453,5.150752587,100,,
6468.26624,1300,OPTIMAL,1300,8,27.58853357,27.03356652,26,8561.040193,Yes,792.7739532,9.260252671,100,,
6433.239859,1300,OPTIMAL,1300,8,13.58399658,15.46647972,27,8412.439688,Yes,679.199829,8.073755702,100,,
6475.956749,1300,OPTIMAL,1300,8,23.30339041,21.92819803,28,8602.318111,Yes,826.3613621,9.6062637,100,,
6306.69645,1300,OPTIMAL,1300,8,9.032233114,15.82192862,29,8040.938426,Yes,434.2419766,5.400389278,100,,
6444.488162,1300,OPTIMAL,1300,8,11.42587392,12.6235157,30,8445.462023,Yes,700.9738603,8.300006067,100,,
6436.051935,1300,OPTIMAL,1300,8,12.46050873,14.07961452,31,8420.695272,Yes,684.6433368,8.130484654,100,,
6317.944753,1300,OPTIMAL,1300,8,14.04529304,23.46326984,32,8073.960761,Yes,456.0160079,5.64798395,100,,
6482.109156,1300,OPTIMAL,1300,8,0.341292516,0.311284366,33,8635.340446,Yes,853.2312892,9.880690803,100,,
6287.011919,1300,OPTIMAL,1300,8,12.31987382,23.59560707,34,7983.149341,Yes,396.1374218,4.962169751,100,,
6421.991556,1300,OPTIMAL,1300,8,13.87168433,16.29340218,35,8379.417354,Yes,657.4257977,7.845722082,100,,
6430.427784,1300,OPTIMAL,1300,8,20.48219216,23.50050046,36,8404.184105,Yes,673.7563212,8.016915298,100,,
6315.132677,1300,OPTIMAL,1300,8,3.514465501,5.939803488,37,8065.705177,Yes,450.5725001,5.58627535,100,,
6298.260222,1300,OPTIMAL,1300,8,11.32540038,20.5912852,38,8016.171676,Yes,417.9114531,5.213354579,100,,
6472.880545,1300,OPTIMAL,1300,8,30.15956938,28.83738682,39,8585.806944,Yes,812.9263985,9.468258532,100,,
6424.803632,1300,OPTIMAL,1300,8,13.98654235,16.29933566,40,8387.672938,Yes,662.8693055,7.902898819,100,,
6247.642859,1300,OPTIMAL,1300,8,0.959784937,2.264292858,41,7867.571171,Yes,319.9283122,4.06641777,100,,
6486.723462,1300,OPTIMAL,1300,8,3.231519818,2.881087681,42,8660.107196,Yes,873.3837346,10.08513769,100,,
6348.877586,1300,OPTIMAL,1300,8,4.38510405,6.501545948,43,8164.77218,Yes,515.8945941,6.318542424,100,,
6475.956749,1300,OPTIMAL,1300,8,21.15485087,19.90644928,44,8602.318111,Yes,826.3613621,9.6062637,100,,
6465.190036,1300,OPTIMAL,1300,8,21.35388831,21.2766207,45,8544.529026,Yes,779.3389896,9.120912191,100,,
6410.743253,1300,OPTIMAL,1300,8,6.102256957,7.402313523,46,8346.39502,Yes,635.6517663,7.615884042,100,,
6479.032953,1300,OPTIMAL,1300,8,4.702859424,4.356258454,47,8618.829278,Yes,839.7963257,9.743740113,100,,
6480.571055,1300,OPTIMAL,1300,8,4.740477322,4.357119791,48,8627.084862,Yes,846.5138074,9.812280985,100,,
6384.824129,1700,OPTIMAL,1700,9,1.91086452,3.072233169,1,8587.683213,Yes,502.8590841,5.855584931,100,,
6476.551479,1700,OPTIMAL,1700,9,18.6543096,18.47900634,2,9001.963408,Yes,825.4119294,9.16924333,100,,
6362.423152,1700,OPTIMAL,1700,9,4.968166019,8.949289699,3,8510.005676,Yes,447.5825243,5.259485613,100,,
6414.692098,1700,OPTIMAL,1700,9,19.08417453,26.85963084,4,8691.253262,Yes,576.5611639,6.633809263,100,,
6452.431246,1700,OPTIMAL,1700,9,1.224118322,1.385913312,5,8872.500847,Yes,720.0696014,8.115745648,100,,
6295.220222,1700,OPTIMAL,1700,9,7.466450384,21.18733359,6,8276.973067,Yes,281.7528447,3.404056561,100,,
6342.511173,1700,OPTIMAL,1700,9,3.586030239,7.238260056,7,8440.958977,Yes,398.4478044,4.720409203,100,,
6359.934155,1700,OPTIMAL,1700,9,11.08016118,20.23043473,8,8501.374839,Yes,441.4406843,5.192579937,100,,
6392.291121,1700,OPTIMAL,1700,9,7.610755219,11.81474504,9,8613.575725,Yes,521.2846041,6.051895527,100,,
6445.999184,1700,OPTIMAL,1700,9,21.93571255,25.82281741,10,8837.977498,Yes,691.9783139,7.829600314,100,,
6387.313126,1700,OPTIMAL,1700,9,13.28492412,21.10788726,11,8596.31405,Yes,509.0009241,5.921153196,100,,
6439.567122,1700,OPTIMAL,1700,9,4.846375293,5.941883999,12,8803.454148,Yes,663.8870264,7.541210703,100,,
6487.807588,1700,OPTIMAL,1700,9,28.33612251,26.52849658,13,9062.37927,Yes,874.5716825,9.650574716,100,,
6433.135059,1700,OPTIMAL,1700,9,14.3689837,18.38088523,14,8768.930798,Yes,635.795739,7.250550308,100,,
6322.599193,1700,OPTIMAL,1700,9,10.93349955,25.11073548,15,8371.912278,Yes,349.3130845,4.172440811,100,,
6337.533178,1700,OPTIMAL,1700,9,3.745792007,7.796407183,16,8423.697302,Yes,386.1641244,4.584259269,100,,
6447.607199,1700,OPTIMAL,1700,9,23.83593873,27.78334055,17,8846.608335,Yes,699.0011358,7.901346022,100,,
6422.15909,1700,OPTIMAL,1700,9,15.35065644,20.95517045,18,8717.145774,Yes,594.9866839,6.825475899,100,,
6414.692098,1700,OPTIMAL,1700,9,5.996236105,8.439279782,19,8691.253262,Yes,576.5611639,6.633809263,100,,
6479.76751,1700,OPTIMAL,1700,9,26.61080507,25.92986301,20,9019.225083,Yes,839.4575731,9.307424589,100,,
6473.335448,1700,OPTIMAL,1700,9,25.15235486,25.33733989,21,8984.701733,Yes,811.3662857,9.030531115,100,,
6275.308243,1700,OPTIMAL,1700,9,5.350216871,18.34320896,22,8207.926367,Yes,232.6181248,2.834066906,100,,
6457.255292,1700,OPTIMAL,1700,9,21.64123156,23.81918545,23,8898.393359,Yes,741.138067,8.328897555,100,,
6345.00017,1700,OPTIMAL,1700,9,3.236717155,6.436000136,24,8449.589815,Yes,404.5896444,4.788275564,100,,
6466.903386,1700,OPTIMAL,1700,9,1.879859996,1.960056813,25,8950.178384,Yes,783.2749982,8.75150153,100,,
6307.665209,1700,OPTIMAL,1700,9,4.561945851,11.69119121,26,8320.127254,Yes,312.4620446,3.755495981,100,,
6322.599193,1700,OPTIMAL,1700,9,4.750657949,10.9107349,27,8371.912278,Yes,349.3130845,4.172440811,100,,
6302.687214,1700,OPTIMAL,1700,9,8.134833682,21.68728235,28,8302.865579,Yes,300.1783646,3.615358599,100,,
6359.934155,1700,OPTIMAL,1700,9,12.4486273,22.72901432,29,8501.374839,Yes,441.4406843,5.192579937,100,,
6322.599193,1700,OPTIMAL,1700,9,10.93349955,25.11073548,30,8371.912278,Yes,349.3130845,4.172440811,100,,
6486.199572,1700,OPTIMAL,1700,9,2.082117265,1.964687897,31,9053.748433,Yes,867.5488606,9.582206387,100,,
6450.82323,1700,OPTIMAL,1700,9,10.69570169,12.22623485,32,8863.87001,Yes,713.0467795,8.044418281,100,,
6295.220222,1700,OPTIMAL,1700,9,1.465114792,4.157514515,33,8276.973067,Yes,281.7528447,3.404056561,100,,
6399.758113,1700,OPTIMAL,1700,9,15.38173853,23.08431062,34,8639.468237,Yes,539.710124,6.247029437,100,,
6302.687214,1700,OPTIMAL,1700,9,8.465029883,22.56757794,35,8302.865579,Yes,300.1783646,3.615358599,100,,
6431.527044,1700,OPTIMAL,1700,9,0.880282084,1.138413786,36,8760.299961,Yes,628.7729171,7.177527253,100,,
6419.670093,1700,OPTIMAL,1700,9,11.48247446,15.83335668,37,8708.514937,Yes,588.8448439,6.761713658,100,,
6428.311013,1700,OPTIMAL,1700,9,15.85996365,20.97104241,38,8743.038286,Yes,614.7272734,7.031048627,100,,
6369.890144,1700,OPTIMAL,1700,9,3.262056309,5.648923101,39,8535.898189,Yes,466.0080442,5.459390845,100,,
6465.29537,1700,OPTIMAL,1700,9,14.59354091,15.3507553,40,8941.547546,Yes,776.2521763,8.681407467,100,,
6362.423152,1700,OPTIMAL,1700,9,2.640736893,4.75682966,41,8510.005676,Yes,447.5825243,5.259485613,100,,
6359.934155,1700,OPTIMAL,1700,9,2.604500037,4.755361151,42,8501.374839,Yes,441.4406843,5.192579937,100,,
6481.375525,1700,OPTIMAL,1700,9,21.83919419,21.10794886,43,9027.85592,Yes,846.480395,9.376317062,100,,
6359.934155,1700,OPTIMAL,1700,9,5.385576348,9.833119669,44,8501.374839,Yes,441.4406843,5.192579937,100,,
6359.934155,1700,OPTIMAL,1700,9,2.604500037,4.755361151,45,8501.374839,Yes,441.4406843,5.192579937,100,,
6312.643204,1700,OPTIMAL,1700,9,1.59125405,3.92619517,46,8337.388928,Yes,324.7457246,3.895053084,100,,
6290.242227,1700,OPTIMAL,1700,9,3.368364559,9.987802784,47,8259.711392,Yes,269.4691647,3.262452547,100,,
6462.079339,1700,OPTIMAL,1700,9,24.4668297,26.20027468,48,8924.285872,Yes,762.2065326,8.540812605,100,,
6332.744516,2100,OPTIMAL,2100,10,10.44583212,25.29823355,1,8780.93892,Yes,348.1944039,3.965343651,100,,
6374.668305,2100,OPTIMAL,2100,10,6.89061248,12.71200246,2,8934.04247,Yes,459.3741653,5.141839955,100,,
6396.863252,2100,OPTIMAL,2100,10,2.072936156,3.398745301,3,9015.097291,Yes,518.234039,5.748512992,100,,
6350.007253,2100,OPTIMAL,2100,10,6.973345211,14.95651284,4,8843.981558,Yes,393.9743057,4.4547165,100,,
6416.592094,2100,OPTIMAL,2100,10,14.26384817,21.29148024,5,9087.146021,Yes,570.5539268,6.278692182,100,,
6330.278411,2100,OPTIMAL,2100,10,9.463827378,23.3518712,6,8771.932829,Yes,341.654418,3.894859031,100,,
6275.218642,2100,OPTIMAL,2100,10,4.96450451,20.93804661,7,8573.798822,Yes,198.5801804,2.316128294,100,,
6449.559059,2100,OPTIMAL,2100,10,14.0210174,17.35560489,8,9240.249571,Yes,690.6905122,7.47480365,100,,
6478.949513,2100,OPTIMAL,2100,10,0.570082526,0.600526466,9,9393.353122,Yes,814.4036084,8.669998859,100,,
6401.795463,2100,OPTIMAL,2100,10,1.753336236,2.805592503,10,9033.109474,Yes,531.314011,5.88185068,100,,
6350.007253,2100,OPTIMAL,2100,10,8.549242434,18.33651574,11,8843.981558,Yes,393.9743057,4.4547165,100,,
6444.372508,2100,OPTIMAL,2100,10,5.819071467,7.433604082,12,9213.231298,Yes,668.8587893,7.259763352,100,,
6447.830209,2100,OPTIMAL,2100,10,4.98891688,6.239916052,13,9231.24348,Yes,683.4132712,7.403263414,100,,
6364.803884,2100,OPTIMAL,2100,10,12.86646238,25.14046754,14,8898.018106,Yes,433.2142215,4.868659699,100,,
6303.151253,2100,OPTIMAL,2100,10,7.471093654,23.27672897,15,8672.865826,Yes,269.7145724,3.10986677,100,,
6401.795463,2100,OPTIMAL,2100,10,6.375768132,10.20215456,16,9033.109474,Yes,531.314011,5.88185068,100,,
6449.559059,2100,OPTIMAL,2100,10,2.762762049,3.419823624,17,9240.249571,Yes,690.6905122,7.47480365,100,,
6384.532726,2100,OPTIMAL,2100,10,10.53609017,18.41143602,18,8970.066835,Yes,485.5341092,5.412825993,100,,
6382.066621,2100,OPTIMAL,2100,10,6.849615962,12.12935527,19,8961.060744,Yes,478.9941232,5.345283744,100,,
6458.20331,2100,OPTIMAL,2100,10,17.23171819,20.28294185,20,9285.280027,Yes,727.076717,7.830423152,100,,
6465.118711,2100,OPTIMAL,2100,10,17.16541495,19.44281947,21,9321.304392,Yes,756.1856808,8.112444879,100,,
6337.676727,2100,OPTIMAL,2100,10,11.56078003,27.00056552,22,8798.951102,Yes,361.2743759,4.105880027,100,,
6456.47446,2100,OPTIMAL,2100,10,17.77904706,21.13449192,23,9276.273936,Yes,719.799476,7.759575461,100,,
6468.576412,2100,OPTIMAL,2100,10,0.770740163,0.856857641,24,9339.316574,Yes,770.7401627,8.252639865,100,,
6386.998831,2100,OPTIMAL,2100,10,14.27014876,24.61229661,25,8979.072926,Yes,492.0740952,5.48023275,100,,
6308.083464,2100,OPTIMAL,2100,10,9.134263781,27.15810959,26,8690.878008,Yes,282.7945443,3.253923758,100,,
6480.678363,2100,OPTIMAL,2100,10,18.32348294,19.13491275,27,9402.359213,Yes,821.6808494,8.739092294,100,,
6484.136064,2100,OPTIMAL,2100,10,20.65501268,21.20281608,28,9420.371395,Yes,836.2353313,8.876882834,100,,
6453.01676,2100,OPTIMAL,2100,10,11.7775914,14.28353799,29,9258.261754,Yes,705.2449941,7.61746657,100,,
6468.576412,2100,OPTIMAL,2100,10,4.624440976,5.141145847,30,9339.316574,Yes,770.7401627,8.252639865,100,,
6386.998831,2100,OPTIMAL,2100,10,10.333556,17.82269755,31,8979.072926,Yes,492.0740952,5.48023275,100,,
6295.752938,2100,OPTIMAL,2100,10,4.426674676,14.8604827,32,8645.847552,Yes,250.0946145,2.892655844,100,,
6414.125989,2100,OPTIMAL,2100,10,8.629413294,13.02661276,33,9078.13993,Yes,564.0139408,6.212880008,100,,
6428.812856,2100,OPTIMAL,2100,10,10.67953609,15.09599876,34,9132.176477,Yes,603.3636207,6.607007894,100,,
6330.278411,2100,OPTIMAL,2100,10,4.339011108,10.70645358,35,8771.932829,Yes,341.654418,3.894859031,100,,
6272.621427,2100,OPTIMAL,2100,10,5.707487725,24.86668564,36,8564.792731,Yes,192.1713039,2.243735604,100,,
6391.931042,2100,OPTIMAL,2100,10,13.28555196,22.33377864,37,8997.085109,Yes,505.1540671,5.61464142,100,,
6288.204715,2100,OPTIMAL,2100,10,3.689993007,13.42112754,38,8618.829278,Yes,230.6245629,2.675822382,100,,
6437.457107,2100,OPTIMAL,2100,10,13.62667128,18.18478364,39,9177.206933,Yes,639.7498255,6.971073336,100,,
6391.931042,2100,OPTIMAL,2100,10,6.567002872,11.03951035,40,8997.085109,Yes,505.1540671,5.61464142,100,,
6423.99041,2100,OPTIMAL,2100,10,13.16087763,19.00849861,41,9114.164294,Yes,590.1738847,6.475348321,100,,
6335.210621,2100,OPTIMAL,2100,10,8.052470651,19.14792811,42,8789.945011,Yes,354.7343899,4.035683835,100,,
6310.549569,2100,OPTIMAL,2100,10,8.303901018,24.13827726,43,8699.884099,Yes,289.3345303,3.325728561,100,,
6335.210621,2100,OPTIMAL,2100,10,4.008498606,9.531788002,44,8789.945011,Yes,354.7343899,4.035683835,100,,
6354.939463,2100,OPTIMAL,2100,10,0.529170561,1.09914213,45,8861.993741,Yes,407.0542776,4.593258465,100,,
6320.41399,2100,OPTIMAL,2100,10,1.482824028,3.957594575,46,8735.908464,Yes,315.4944741,3.611467261,100,,
6308.083464,2100,OPTIMAL,2100,10,6.306318338,18.75002612,47,8690.878008,Yes,282.7945443,3.253923758,100,,
6372.2022,2100,OPTIMAL,2100,10,9.554801185,17.87634664,48,8925.036379,Yes,452.8341794,5.073751637,100,,
