Existing Gen (MW),Installed New Gen (MW),Status,Candidate Gen (MW),Time,Load Shed Cost (M$),Op Cost (M$),Op Condition,Demand (MW),Congestion,Load Shed (MW),L %,UU %,0.947917355,99.38355722
7273.333333,1666.666667,OPTIMAL,1666.666667,1,0,5.254289904,1,8940,Yes,0,0,100,,
8229.913333,1666.666667,OPTIMAL,1666.666667,1,0,8.870726136,2,9896.58,Yes,0,0,100,,
7872.670933,1666.666667,OPTIMAL,1666.666667,1,0,10.77790586,3,9539.3376,Yes,0,0,100,,
7708.532533,1666.666667,OPTIMAL,1666.666667,1,0,14.98841495,4,9375.1992,Yes,0,0,100,,
7679.566933,1666.666667,OPTIMAL,1666.666667,1,0,0.377875991,5,9346.2336,Yes,0,0,100,,
7669.911733,1666.666667,OPTIMAL,1666.666667,1,0,30.56536137,6,9336.5784,Yes,0,0,100,,
7940.257333,1666.666667,OPTIMAL,1666.666667,1,0,32.15006458,7,9606.924,Yes,0,0,100,,
8152.671733,1666.666667,OPTIMAL,1666.666667,1,0,33.50234181,8,9819.3384,Yes,0,0,100,,
8268.534133,1666.666667,OPTIMAL,1666.666667,1,0,38.02312963,9,9935.2008,Yes,0,0,100,,
7660.256533,1666.666667,OPTIMAL,1666.666667,1,0,9.326401171,10,9326.9232,Yes,0,0,100,,
7505.773333,1666.666667,OPTIMAL,1666.666667,1,0,30.94649708,11,9172.44,Yes,0,0,100,,
7882.326133,1666.666667,OPTIMAL,1666.666667,1,0,7.681147376,12,9548.9928,Yes,0,0,100,,
8210.602933,1666.666667,OPTIMAL,1666.666667,1,0,5.186671647,13,9877.2696,Yes,0,0,100,,
7689.222133,1666.666667,OPTIMAL,1666.666667,1,0,8.230240056,14,9355.8888,Yes,0,0,100,,
8065.774933,1666.666667,OPTIMAL,1666.666667,1,0,28.02342867,15,9732.4416,Yes,0,0,100,,
8152.671733,1666.666667,OPTIMAL,1666.666667,1,0,15.94388556,16,9819.3384,Yes,0,0,100,,
7727.842933,1666.666667,OPTIMAL,1666.666667,1,0,11.98591519,17,9394.5096,Yes,0,0,100,,
7640.946133,1666.666667,OPTIMAL,1666.666667,1,0,31.18912484,18,9307.6128,Yes,0,0,100,,
8374.741333,1666.666667,OPTIMAL,1666.666667,1,0,36.22615264,19,10041.408,Yes,0,0,100,,
7814.739733,1666.666667,OPTIMAL,1666.666667,1,0,1.1557137,20,9481.4064,Yes,0,0,100,,
7824.394933,1666.666667,OPTIMAL,1666.666667,1,0,6.461542823,21,9491.0616,Yes,0,0,100,,
7834.050133,1666.666667,OPTIMAL,1666.666667,1,0,4.925192416,22,9500.7168,Yes,0,0,100,,
7631.290933,1666.666667,OPTIMAL,1666.666667,1,0,11.82027224,23,9297.9576,Yes,0,0,100,,
7708.532533,1666.666667,OPTIMAL,1666.666667,1,0,37.09158382,24,9375.1992,Yes,0,0,100,,
7901.636533,1666.666667,OPTIMAL,1666.666667,1,0,17.35368973,25,9568.3032,Yes,0,0,100,,
7660.256533,1666.666667,OPTIMAL,1666.666667,1,0,29.3922946,26,9326.9232,Yes,0,0,100,,
7621.635733,1666.666667,OPTIMAL,1666.666667,1,0,3.747208872,27,9288.3024,Yes,0,0,100,,
7920.946933,1666.666667,OPTIMAL,1666.666667,1,0,6.549622805,28,9587.6136,Yes,0,0,100,,
8287.844533,1666.666667,OPTIMAL,1666.666667,1,0,34.93538942,29,9954.5112,Yes,0,0,100,,
7911.291733,1666.666667,OPTIMAL,1666.666667,1,0,10.05528246,30,9577.9584,Yes,0,0,100,,
7534.738933,1666.666667,OPTIMAL,1666.666667,1,0,35.05638492,31,9201.4056,Yes,0,0,100,,
7795.429333,1666.666667,OPTIMAL,1666.666667,1,0,7.587677424,32,9462.096,Yes,0,0,100,,
7640.946133,1666.666667,OPTIMAL,1666.666667,1,0,27.05562637,33,9307.6128,Yes,0,0,100,,
8085.085333,1666.666667,OPTIMAL,1666.666667,1,0,0.399961718,34,9751.752,Yes,0,0,100,,
7679.566933,1666.666667,OPTIMAL,1666.666667,1,0,17.19335759,35,9346.2336,Yes,0,0,100,,
7978.878133,1666.666667,OPTIMAL,1666.666667,1,0,22.17247655,36,9645.5448,Yes,0,0,100,,
7766.463733,1666.666667,OPTIMAL,1666.666667,1,0,17.79130207,37,9433.1304,Yes,0,0,100,,
7534.738933,1666.666667,OPTIMAL,1666.666667,1,0,4.347361719,38,9201.4056,Yes,0,0,100,,
7824.394933,1666.666667,OPTIMAL,1666.666667,1,0,16.00919565,39,9491.0616,Yes,0,0,100,,
8384.396533,1666.666667,OPTIMAL,1666.666667,1,0,19.39346444,40,10051.0632,Yes,0,0,100,,
7834.050133,1666.666667,OPTIMAL,1666.666667,1,0,30.5168785,41,9500.7168,Yes,0,0,100,,
7737.498133,1666.666667,OPTIMAL,1666.666667,1,0,31.24454978,42,9404.1648,Yes,0,0,100,,
8278.189333,1666.666667,OPTIMAL,1666.666667,1,0,0.410478731,43,9944.856,Yes,0,0,100,,
7505.773333,1666.666667,OPTIMAL,1666.666667,1,0,18.60473931,44,9172.44,Yes,0,0,100,,
8162.326933,1666.666667,OPTIMAL,1666.666667,1,0,2.425011138,45,9828.9936,Yes,0,0,100,,
7949.912533,1666.666667,OPTIMAL,1666.666667,1,0,33.76358357,46,9616.5792,Yes,0,0,100,,
7824.394933,1666.666667,OPTIMAL,1666.666667,1,0,21.31344722,47,9491.0616,Yes,0,0,100,,
8374.741333,1666.666667,OPTIMAL,1666.666667,1,0,23.00568889,48,10041.408,Yes,0,0,100,,
7602.325333,1666.666667,OPTIMAL,1666.666667,2,0,23.44774141,1,9268.992,Yes,0,0,100,,
9251.792226,1666.666667,OPTIMAL,1645.531374,2,0,39.07910594,2,10897.3236,Yes,0,0,98.73188243,,
8481.663733,1666.666667,OPTIMAL,1666.666667,2,0,8.476507845,3,10148.3304,Yes,0,0,100,,
8639.523374,1666.666667,OPTIMAL,1656.495826,2,0,10.96185401,4,10296.0192,Yes,0,0,99.38974956,,
8779.775958,1666.666667,OPTIMAL,1653.382842,2,0,9.319896358,5,10433.1588,Yes,0,0,99.20297051,,
9165.971087,1666.666667,OPTIMAL,1646.958913,2,0,10.70652091,6,10812.93,Yes,0,0,98.81753481,,
8672.499534,1666.666667,OPTIMAL,1655.167266,2,0,16.79974026,7,10327.6668,Yes,0,0,99.31003598,,
8693.954819,1666.666667,OPTIMAL,1654.810381,2,0,14.8867786,8,10348.7652,Yes,0,0,99.28862288,,
8571.358279,1666.666667,OPTIMAL,1661.365721,2,0,26.96451045,9,10232.724,Yes,0,0,99.68194323,,
9283.975153,1666.666667,OPTIMAL,1644.996047,2,0,1.197021931,10,10928.9712,Yes,0,0,98.69976279,,
9144.515802,1666.666667,OPTIMAL,1647.315798,2,0,10.20350712,11,10791.8316,Yes,0,0,98.8389479,,
8481.663733,1666.666667,OPTIMAL,1666.666667,2,0,27.01886876,12,10148.3304,Yes,0,0,100,,
8450.016133,1666.666667,OPTIMAL,1666.666667,2,0,25.71914776,13,10116.6828,Yes,0,0,100,,
8628.162525,1666.666667,OPTIMAL,1657.307475,2,0,29.4709447,14,10285.47,Yes,0,0,99.4384485,,
9005.05645,1666.666667,OPTIMAL,1649.63555,2,0,29.63418674,15,10654.692,Yes,0,0,98.97813302,,
9176.698729,1666.666667,OPTIMAL,1646.780471,2,0,26.74974093,16,10823.4792,Yes,0,0,98.80682826,,
9208.881656,1666.666667,OPTIMAL,1646.245144,2,0,18.94381533,17,10855.1268,Yes,0,0,98.77470862,,
9390.170525,1666.666667,OPTIMAL,1644.292675,2,0,31.3942754,18,11034.4632,Yes,0,0,98.65756051,,
8605.440827,1666.666667,OPTIMAL,1658.930773,2,0,24.51163439,19,10264.3716,Yes,0,0,99.5358464,,
8844.141813,1666.666667,OPTIMAL,1652.312187,2,0,37.54288114,20,10496.454,Yes,0,0,99.13873122,,
8639.523374,1666.666667,OPTIMAL,1656.495826,2,0,29.9551654,21,10296.0192,Yes,0,0,99.38974956,,
9123.060517,1666.666667,OPTIMAL,1647.672683,2,0,30.98096611,22,10770.7332,Yes,0,0,98.860361,,
8919.23531,1666.666667,OPTIMAL,1651.06309,2,0,14.2848278,23,10570.2984,Yes,0,0,99.06378539,,
8779.775958,1666.666667,OPTIMAL,1653.382842,2,0,18.19598813,24,10433.1588,Yes,0,0,99.20297051,,
8428.917733,1666.666667,OPTIMAL,1666.666667,2,0,20.90289501,25,10095.5844,Yes,0,0,100,,
8736.865388,1666.666667,OPTIMAL,1654.096612,2,0,28.87407084,26,10390.962,Yes,0,0,99.24579669,,
8769.048316,1666.666667,OPTIMAL,1653.561284,2,0,15.83938852,27,10422.6096,Yes,0,0,99.21367705,,
8919.23531,1666.666667,OPTIMAL,1651.06309,2,0,18.59295047,28,10570.2984,Yes,0,0,99.06378539,,
8758.320673,1666.666667,OPTIMAL,1653.739727,2,0,18.90896833,29,10412.0604,Yes,0,0,99.2243836,,
8397.270133,1666.666667,OPTIMAL,1666.666667,2,0,0.73142768,30,10063.9368,Yes,0,0,100,,
8407.819333,1666.666667,OPTIMAL,1666.666667,2,0,29.62246,31,10074.486,Yes,0,0,100,,
8355.073333,1666.666667,OPTIMAL,1666.666667,2,0,7.989237322,32,10021.74,Yes,0,0,100,,
8779.775958,1666.666667,OPTIMAL,1653.382842,2,0,35.61531823,33,10433.1588,Yes,0,0,99.20297051,,
9251.792226,1666.666667,OPTIMAL,1645.531374,2,0,19.53955297,34,10897.3236,Yes,0,0,98.73188243,,
8548.636581,1666.666667,OPTIMAL,1662.989019,2,0,16.0590053,35,10211.6256,Yes,0,0,99.77934112,,
8801.231243,1666.666667,OPTIMAL,1653.025957,2,0,16.69852981,36,10454.2572,Yes,0,0,99.18155741,,
8439.466933,1666.666667,OPTIMAL,1666.666667,2,0,0.736561058,37,10106.1336,Yes,0,0,100,,
8514.554034,1666.666667,OPTIMAL,1665.423966,2,0,20.76898114,38,10179.978,Yes,0,0,99.92543796,,
9015.784092,1666.666667,OPTIMAL,1649.457108,2,0,0.80533167,39,10665.2412,Yes,0,0,98.96742647,,
8693.954819,1666.666667,OPTIMAL,1654.810381,2,0,30.97763489,40,10348.7652,Yes,0,0,99.28862288,,
9026.511735,1666.666667,OPTIMAL,1649.278665,2,0,25.35138625,41,10675.7904,Yes,0,0,98.95671992,,
9369.498377,1666.666667,OPTIMAL,1643.866423,2,0,9.697964796,42,11013.3648,Yes,0,0,98.6319854,,
9241.064584,1666.666667,OPTIMAL,1645.709816,2,0,8.683891894,43,10886.7744,Yes,0,0,98.74258898,,
8994.328807,1666.666667,OPTIMAL,1649.813993,2,0,16.0544995,44,10644.1428,Yes,0,0,98.98883956,,
9431.514821,1666.666667,OPTIMAL,1645.145179,2,0,37.27058058,45,11076.66,Yes,0,0,98.70871072,,
8822.686528,1666.666667,OPTIMAL,1652.669072,2,0,27.70058741,46,10475.3556,Yes,0,0,99.16014432,,
8661.771891,1666.666667,OPTIMAL,1655.345709,2,0,14.48410299,47,10317.1176,Yes,0,0,99.32074252,,
8559.99743,1666.666667,OPTIMAL,1662.17737,2,0,36.35577766,48,10222.1748,Yes,0,0,99.73064218,,
8407.819333,1666.666667,OPTIMAL,1666.666667,3,0,38.31031929,1,10074.486,Yes,0,0,100,,
8806.867801,1666.666667,OPTIMAL,1652.932199,3,0,32.31219498,2,10459.8,Yes,0,0,99.17593194,,
9489.326761,1666.666667,OPTIMAL,1646.337239,3,0,44.84576823,3,11135.664,Yes,0,0,98.78023432,,
9014.147672,1666.666667,OPTIMAL,1649.484328,3,0,15.75760014,4,10663.632,Yes,0,0,98.96905967,,
8937.781404,1666.666667,OPTIMAL,1650.754596,3,0,14.21169266,5,10588.536,Yes,0,0,99.04527577,,
9254.155944,1666.666667,OPTIMAL,1645.492056,3,0,5.720862774,6,10899.648,Yes,0,0,98.72952336,,
9232.33701,1666.666667,OPTIMAL,1645.85499,3,0,30.6519337,7,10878.192,Yes,0,0,98.75129939,,
9188.699143,1666.666667,OPTIMAL,1646.580857,3,0,8.971689914,8,10835.28,Yes,0,0,98.79485145,,
9188.699143,1666.666667,OPTIMAL,1646.580857,3,0,2.833165236,9,10835.28,Yes,0,0,98.79485145,,
8774.1394,1666.666667,OPTIMAL,1653.4766,3,0,24.4985831,10,10427.616,Yes,0,0,99.20859598,,
9405.236667,1666.666667,OPTIMAL,1644.603333,3,0,11.34763017,11,11049.84,Yes,0,0,98.67619999,,
9405.236667,1666.666667,OPTIMAL,1644.603333,3,0,22.0851727,12,11049.84,Yes,0,0,98.67619999,,
9275.974878,1666.666667,OPTIMAL,1645.129122,3,0,25.94524427,13,10921.104,Yes,0,0,98.70774733,,
8631.050876,1666.666667,OPTIMAL,1657.101124,3,0,22.22115506,14,10288.152,Yes,0,0,99.42606742,,
9145.061275,1666.666667,OPTIMAL,1647.306725,3,0,26.85967528,15,10792.368,Yes,0,0,98.8384035,,
9499.838023,1666.666667,OPTIMAL,1646.553977,3,0,6.454061316,16,11146.392,Yes,0,0,98.79323861,,
9405.236667,1666.666667,OPTIMAL,1644.603333,3,0,18.18061178,17,11049.84,Yes,0,0,98.67619999,,
8883.234069,1666.666667,OPTIMAL,1651.661931,3,0,42.16730316,18,10534.896,Yes,0,0,99.09971584,,
8763.229933,1666.666667,OPTIMAL,1653.658067,3,0,0.885311751,19,10416.888,Yes,0,0,99.21948399,,
9604.950641,1666.666667,OPTIMAL,1648.721359,3,0,30.47416681,20,11253.672,Yes,0,0,98.92328152,,
8926.871937,1666.666667,OPTIMAL,1650.936063,3,0,41.54253463,21,10577.808,Yes,0,0,99.05616378,,
9426.25919,1666.666667,OPTIMAL,1645.03681,3,0,24.61928017,22,11071.296,Yes,0,0,98.70220858,,
9166.880209,1666.666667,OPTIMAL,1646.943791,3,0,40.71376981,23,10813.824,Yes,0,0,98.81662747,,
8665.044731,1666.666667,OPTIMAL,1655.291269,3,0,3.050875365,24,10320.336,Yes,0,0,99.31747612,,
9286.884345,1666.666667,OPTIMAL,1644.947655,3,0,7.185161156,25,10931.832,Yes,0,0,98.69685932,,
8719.592066,1666.666667,OPTIMAL,1654.383934,3,0,20.33271653,26,10373.976,Yes,0,0,99.26303605,,
9447.281714,1666.666667,OPTIMAL,1645.470286,3,0,39.09823776,27,11092.752,Yes,0,0,98.72821716,,
8795.958334,1666.666667,OPTIMAL,1653.113666,3,0,28.69785954,28,10449.072,Yes,0,0,99.18681995,,
8527.070224,1666.666667,OPTIMAL,1664.529776,3,0,36.49498037,29,10191.6,Yes,0,0,99.87178658,,
9319.612745,1666.666667,OPTIMAL,1644.403255,3,0,1.443848769,30,10964.016,Yes,0,0,98.66419528,,
8631.050876,1666.666667,OPTIMAL,1657.101124,3,0,4.335835133,31,10288.152,Yes,0,0,99.42606742,,
8719.592066,1666.666667,OPTIMAL,1654.383934,3,0,40.22580675,32,10373.976,Yes,0,0,99.26303605,,
9604.950641,1666.666667,OPTIMAL,1648.721359,3,0,18.84087492,33,11253.672,Yes,0,0,98.92328152,,
8861.415136,1666.666667,OPTIMAL,1652.024864,3,0,7.191558615,34,10513.44,Yes,0,0,99.12149187,,
8894.143536,1666.666667,OPTIMAL,1651.480464,3,0,17.73097526,35,10545.624,Yes,0,0,99.08882783,,
8872.324602,1666.666667,OPTIMAL,1651.843398,3,0,5.402757678,36,10524.168,Yes,0,0,99.11060385,,
8596.390659,1666.666667,OPTIMAL,1659.577341,3,0,3.450690406,37,10255.968,Yes,0,0,99.57464047,,
9319.612745,1666.666667,OPTIMAL,1644.403255,3,0,15.04009134,38,10964.016,Yes,0,0,98.66419528,,
8774.1394,1666.666667,OPTIMAL,1653.4766,3,0,23.16834329,39,10427.616,Yes,0,0,99.20859598,,
9199.608609,1666.666667,OPTIMAL,1646.399391,3,0,46.11278091,40,10846.008,Yes,0,0,98.78396343,,
8527.070224,1666.666667,OPTIMAL,1664.529776,3,0,33.93392912,41,10191.6,Yes,0,0,99.87178658,,
8686.863665,1666.666667,OPTIMAL,1654.928335,3,0,29.52140337,42,10341.792,Yes,0,0,99.29570009,,
9265.065411,1666.666667,OPTIMAL,1645.310589,3,0,12.05677293,43,10910.376,Yes,0,0,98.71863535,,
8959.600338,1666.666667,OPTIMAL,1650.391662,3,0,15.17160763,44,10609.992,Yes,0,0,99.02349974,,
9405.236667,1666.666667,OPTIMAL,1644.603333,3,0,22.57324282,45,11049.84,Yes,0,0,98.67619999,,
9265.065411,1666.666667,OPTIMAL,1645.310589,3,0,20.17420421,46,10910.376,Yes,0,0,98.71863535,,
9510.349285,1666.666667,OPTIMAL,1646.770715,3,0,27.97870273,47,11157.12,Yes,0,0,98.8062429,,
9615.461903,1666.666667,OPTIMAL,1648.938097,3,0,0.886774357,48,11264.4,Yes,0,0,98.93628581,,
8905.053003,1666.666667,OPTIMAL,1651.298997,4,0,9.276290708,1,10556.352,Yes,0,0,99.07793981,,
9954.888066,1666.666667,OPTIMAL,1655.936934,4,0,30.19799498,2,11610.825,Yes,0,0,99.35621604,,
9834.446524,1666.666667,OPTIMAL,1653.453476,4,0,14.20642027,3,11487.9,Yes,0,0,99.20720854,,
10064.38038,1666.666667,OPTIMAL,1658.194623,4,0,29.51483394,4,11722.575,Yes,0,0,99.49167741,,
9954.888066,1666.666667,OPTIMAL,1655.936934,4,0,21.8767697,5,11610.825,Yes,0,0,99.35621604,,
9022.784333,1666.666667,OPTIMAL,1649.340667,4,0,25.91299797,6,10672.125,Yes,0,0,98.96043999,,
9505.969593,1666.666667,OPTIMAL,1646.680407,4,0,39.76083595,7,11152.65,Yes,0,0,98.80082445,,
9812.548062,1666.666667,OPTIMAL,1653.001938,4,0,34.72958579,8,11465.55,Yes,0,0,99.18011627,,
9418.375744,1666.666667,OPTIMAL,1644.874256,4,0,8.806252419,9,11063.25,Yes,0,0,98.69245536,,
9998.68499,1666.666667,OPTIMAL,1656.84001,4,0,4.461107855,10,11655.525,Yes,0,0,99.41040059,,
10009.63422,1666.666667,OPTIMAL,1657.065779,4,0,41.98268942,11,11666.7,Yes,0,0,99.42394673,,
9022.784333,1666.666667,OPTIMAL,1649.340667,4,0,8.292159351,12,10672.125,Yes,0,0,98.96043999,,
9582.61421,1666.666667,OPTIMAL,1648.26079,4,0,7.809099605,13,11230.875,Yes,0,0,98.8956474,,
10042.48191,1666.666667,OPTIMAL,1657.743086,4,0,42.75325467,14,11700.225,Yes,0,0,99.46458514,,
9582.61421,1666.666667,OPTIMAL,1648.26079,4,0,24.30897135,15,11230.875,Yes,0,0,98.8956474,,
9768.751138,1666.666667,OPTIMAL,1652.098862,4,0,10.66682775,16,11420.85,Yes,0,0,99.12593172,,
9801.598831,1666.666667,OPTIMAL,1652.776169,4,0,25.63917098,17,11454.375,Yes,0,0,99.16657013,,
9922.040373,1666.666667,OPTIMAL,1655.259627,4,0,27.8982562,18,11577.3,Yes,0,0,99.31557764,,
9181.880726,1666.666667,OPTIMAL,1646.694274,4,0,31.95908659,19,10828.575,Yes,0,0,98.80165646,,
9845.395755,1666.666667,OPTIMAL,1653.679245,4,0,28.46531642,20,11499.075,Yes,0,0,99.22075468,,
9527.868055,1666.666667,OPTIMAL,1647.131945,4,0,15.84178951,21,11175,Yes,0,0,98.82791672,,
9418.375744,1666.666667,OPTIMAL,1644.874256,4,0,33.51268282,22,11063.25,Yes,0,0,98.69245536,,
9637.360365,1666.666667,OPTIMAL,1649.389635,4,0,18.693687,23,11286.75,Yes,0,0,98.96337809,,
9571.664979,1666.666667,OPTIMAL,1648.035021,4,0,38.21592377,24,11219.7,Yes,0,0,98.88210127,,
9812.548062,1666.666667,OPTIMAL,1653.001938,4,0,41.93761303,25,11465.55,Yes,0,0,99.18011627,,
9374.57882,1666.666667,OPTIMAL,1643.97118,4,0,36.52252306,26,11018.55,Yes,0,0,98.63827081,,
9284.156978,1666.666667,OPTIMAL,1644.993022,4,0,5.027624653,27,10929.15,Yes,0,0,98.69958132,,
10042.48191,1666.666667,OPTIMAL,1657.743086,4,0,43.97866643,28,11700.225,Yes,0,0,99.46458514,,
9834.446524,1666.666667,OPTIMAL,1653.453476,4,0,35.25296883,29,11487.9,Yes,0,0,99.20720854,,
9604.512672,1666.666667,OPTIMAL,1648.712328,4,0,40.83983162,30,11253.225,Yes,0,0,98.92273968,,
9045.512389,1666.666667,OPTIMAL,1648.962611,4,0,14.32985607,31,10694.475,Yes,0,0,98.93775663,,
9604.512672,1666.666667,OPTIMAL,1648.712328,4,0,1.643708393,32,11253.225,Yes,0,0,98.92273968,,
10009.63422,1666.666667,OPTIMAL,1657.065779,4,0,18.95992425,33,11666.7,Yes,0,0,99.42394673,,
9284.156978,1666.666667,OPTIMAL,1644.993022,4,0,16.04051675,34,10929.15,Yes,0,0,98.69958132,,
9473.121899,1666.666667,OPTIMAL,1646.003101,4,0,32.73380189,35,11119.125,Yes,0,0,98.76018604,,
9473.121899,1666.666667,OPTIMAL,1646.003101,4,0,0.864666465,36,11119.125,Yes,0,0,98.76018604,,
9440.274206,1666.666667,OPTIMAL,1645.325794,4,0,12.40228986,37,11085.6,Yes,0,0,98.71954763,,
9000.056277,1666.666667,OPTIMAL,1649.718723,4,0,22.84010646,38,10649.775,Yes,0,0,98.98312336,,
9681.157289,1666.666667,OPTIMAL,1650.292711,4,0,34.34144343,39,11331.45,Yes,0,0,99.01756263,,
8977.328221,1666.666667,OPTIMAL,1650.096779,4,0,14.98377066,40,10627.425,Yes,0,0,99.00580672,,
9000.056277,1666.666667,OPTIMAL,1649.718723,4,0,8.608080323,41,10649.775,Yes,0,0,98.98312336,,
9272.79295,1666.666667,OPTIMAL,1645.18205,4,0,10.51671378,42,10917.975,Yes,0,0,98.710923,,
9911.091142,1666.666667,OPTIMAL,1655.033858,4,0,21.31864569,43,11566.125,Yes,0,0,99.3020315,,
9318.249062,1666.666667,OPTIMAL,1644.425938,4,0,28.75099787,44,10962.675,Yes,0,0,98.66555628,,
9659.258827,1666.666667,OPTIMAL,1649.841173,4,0,20.42461225,45,11309.1,Yes,0,0,98.99047036,,
9034.148361,1666.666667,OPTIMAL,1649.151639,4,0,33.22544188,46,10683.3,Yes,0,0,98.94909831,,
9801.598831,1666.666667,OPTIMAL,1652.776169,4,0,2.09299355,47,11454.375,Yes,0,0,99.16657013,,
10031.53268,1666.666667,OPTIMAL,1657.517317,4,0,39.27912234,48,11689.05,Yes,0,0,99.451039,,
9812.548062,1666.666667,OPTIMAL,1653.001938,5,0,2.358990733,1,11465.55,Yes,0,0,99.18011627,,
9196.426682,1666.666667,OPTIMAL,1646.452318,5,0,34.27297522,2,10842.879,Yes,0,0,98.7871391,,
9447.19412,1666.666667,OPTIMAL,1645.46848,5,0,18.07342798,3,11092.6626,Yes,0,0,98.72810879,,
9703.055752,1666.666667,OPTIMAL,1650.744248,5,0,8.489289733,4,11353.8,Yes,0,0,99.04465491,,
9254.155944,1666.666667,OPTIMAL,1645.492056,5,0,41.23788583,5,10899.648,Yes,0,0,98.72952336,,
9636.309239,1666.666667,OPTIMAL,1649.367961,5,0,28.09896018,6,11285.6772,Yes,0,0,98.96207766,,
9458.318539,1666.666667,OPTIMAL,1645.697861,5,0,5.91337539,7,11104.0164,Yes,0,0,98.74187166,,
9402.696445,1666.666667,OPTIMAL,1644.550955,5,0,17.4404467,8,11047.2474,Yes,0,0,98.67305729,,
9803.17552,1666.666667,OPTIMAL,1652.80868,5,0,26.95449864,9,11455.9842,Yes,0,0,99.16852078,,
9436.069701,1666.666667,OPTIMAL,1645.239099,5,0,20.24577368,10,11081.3088,Yes,0,0,98.71434591,,
9803.17552,1666.666667,OPTIMAL,1652.80868,5,0,26.43111031,11,11455.9842,Yes,0,0,99.16852078,,
9525.065051,1666.666667,OPTIMAL,1647.074149,5,0,42.63929681,12,11172.1392,Yes,0,0,98.82444891,,
9847.673195,1666.666667,OPTIMAL,1653.726205,5,0,6.328051423,13,11501.3994,Yes,0,0,99.22357228,,
9703.055752,1666.666667,OPTIMAL,1650.744248,5,0,29.84113967,14,11353.8,Yes,0,0,99.04465491,,
10047.91273,1666.666667,OPTIMAL,1657.855067,5,0,42.10970491,15,11705.7678,Yes,0,0,99.47130402,,
9602.935983,1666.666667,OPTIMAL,1648.679817,5,0,24.14318754,16,11251.6158,Yes,0,0,98.92078903,,
9458.318539,1666.666667,OPTIMAL,1645.697861,5,0,9.116453726,17,11104.0164,Yes,0,0,98.74187166,,
9323.431059,1666.666667,OPTIMAL,1644.339741,5,0,8.427090185,18,10967.7708,Yes,0,0,98.66038447,,
9196.426682,1666.666667,OPTIMAL,1646.452318,5,0,2.127288117,19,10842.879,Yes,0,0,98.7871391,,
9814.299939,1666.666667,OPTIMAL,1653.038061,5,0,16.91111461,20,11467.338,Yes,0,0,99.18228365,,
9161.789124,1666.666667,OPTIMAL,1647.028476,5,0,22.45806505,21,10808.8176,Yes,0,0,98.82170855,,
9277.247649,1666.666667,OPTIMAL,1645.107951,5,0,18.41615596,22,10922.3556,Yes,0,0,98.70647707,,
9992.290639,1666.666667,OPTIMAL,1656.708161,5,0,21.33682675,23,11648.9988,Yes,0,0,99.40248965,,
9525.065051,1666.666667,OPTIMAL,1647.074149,5,0,40.76915221,24,11172.1392,Yes,0,0,98.82444891,,
10259.27669,1666.666667,OPTIMAL,1662.213311,5,0,21.7089412,25,11921.49,Yes,0,0,99.73279864,,
9254.155944,1666.666667,OPTIMAL,1645.492056,5,0,1.787769617,26,10899.648,Yes,0,0,98.72952336,,
9903.295289,1666.666667,OPTIMAL,1654.873111,5,0,39.65443074,27,11558.1684,Yes,0,0,99.29238665,,
10103.53483,1666.666667,OPTIMAL,1659.001973,5,0,14.16368625,28,11762.5368,Yes,0,0,99.54011839,,
9323.431059,1666.666667,OPTIMAL,1644.339741,5,0,15.52992334,29,10967.7708,Yes,0,0,98.66038447,,
9436.069701,1666.666667,OPTIMAL,1645.239099,5,0,16.68742558,30,11081.3088,Yes,0,0,98.71434591,,
9569.562727,1666.666667,OPTIMAL,1647.991673,5,0,41.59466164,31,11217.5544,Yes,0,0,98.87950041,,
9725.304589,1666.666667,OPTIMAL,1651.203011,5,0,46.09557723,32,11376.5076,Yes,0,0,99.07218066,,
10181.40576,1666.666667,OPTIMAL,1660.607642,5,0,6.126530688,33,11842.0134,Yes,0,0,99.63645852,,
9602.935983,1666.666667,OPTIMAL,1648.679817,5,0,21.36229683,34,11251.6158,Yes,0,0,98.92078903,,
10025.6639,1666.666667,OPTIMAL,1657.396305,5,0,0.543134801,35,11683.0602,Yes,0,0,99.44377827,,
9469.442958,1666.666667,OPTIMAL,1645.927242,5,0,26.29317829,36,11115.3702,Yes,0,0,98.75563454,,
9847.673195,1666.666667,OPTIMAL,1653.726205,5,0,30.58558188,37,11501.3994,Yes,0,0,99.22357228,,
9958.917383,1666.666667,OPTIMAL,1656.020017,5,0,19.20528816,38,11614.9374,Yes,0,0,99.36120102,,
9138.697419,1666.666667,OPTIMAL,1647.412581,5,0,28.00618856,39,10786.11,Yes,0,0,98.84475484,,
9803.17552,1666.666667,OPTIMAL,1652.80868,5,0,37.55311218,40,11455.9842,Yes,0,0,99.16852078,,
9736.429008,1666.666667,OPTIMAL,1651.432392,5,0,22.76843271,41,11387.8614,Yes,0,0,99.08594353,,
9636.309239,1666.666667,OPTIMAL,1649.367961,5,0,35.98192638,42,11285.6772,Yes,0,0,98.96207766,,
10047.91273,1666.666667,OPTIMAL,1657.855067,5,0,35.02328207,43,11705.7678,Yes,0,0,99.47130402,,
9558.438308,1666.666667,OPTIMAL,1647.762292,5,0,25.83586067,44,11206.2006,Yes,0,0,98.86573754,,
9658.558077,1666.666667,OPTIMAL,1649.826723,5,0,42.75882317,45,11308.3848,Yes,0,0,98.98960341,,
10059.03715,1666.666667,OPTIMAL,1658.084448,5,0,25.12045154,46,11717.1216,Yes,0,0,99.48506689,,
9569.562727,1666.666667,OPTIMAL,1647.991673,5,0,27.77166231,47,11217.5544,Yes,0,0,98.87950041,,
9469.442958,1666.666667,OPTIMAL,1645.927242,5,0,18.39288059,48,11115.3702,Yes,0,0,98.75563454,,
9536.18947,1666.666667,OPTIMAL,1647.30353,6,0,31.10586122,1,11183.493,Yes,0,0,98.83821179,,
9647.433658,1666.666667,OPTIMAL,1649.597342,6,0,3.184786179,2,11297.031,Yes,0,0,98.97584053,,
9277.247649,1666.666667,OPTIMAL,1645.107951,6,0,34.32101792,3,10922.3556,Yes,0,0,98.70647707,,
9242.610091,1666.666667,OPTIMAL,1645.684109,6,0,4.521401406,4,10888.2942,Yes,0,0,98.74104651,,
9558.438308,1666.666667,OPTIMAL,1647.762292,6,0,3.511670382,5,11206.2006,Yes,0,0,98.86573754,,
9647.433658,1666.666667,OPTIMAL,1649.597342,6,0,11.21044735,6,11297.031,Yes,0,0,98.97584053,,
9725.304589,1666.666667,OPTIMAL,1651.203011,6,0,19.10965107,7,11376.5076,Yes,0,0,99.07218066,,
9970.041802,1666.666667,OPTIMAL,1656.249398,6,0,7.265675449,8,11626.2912,Yes,0,0,99.3749639,,
10114.65925,1666.666667,OPTIMAL,1659.231354,6,0,22.17909403,9,11773.8906,Yes,0,0,99.55388127,,
9480.567376,1666.666667,OPTIMAL,1646.156624,6,0,30.79855666,10,11126.724,Yes,0,0,98.76939741,,
9970.041802,1666.666667,OPTIMAL,1656.249398,6,0,3.76738727,11,11626.2912,Yes,0,0,99.3749639,,
9803.17552,1666.666667,OPTIMAL,1652.80868,6,0,40.43174796,12,11455.9842,Yes,0,0,99.16852078,,
9992.290639,1666.666667,OPTIMAL,1656.708161,6,0,19.17613544,13,11648.9988,Yes,0,0,99.40248965,,
9358.068616,1666.666667,OPTIMAL,1643.763584,6,0,37.74831322,14,11001.8322,Yes,0,0,98.62581503,,
9558.438308,1666.666667,OPTIMAL,1647.762292,6,0,26.46294467,15,11206.2006,Yes,0,0,98.86573754,,
9300.339354,1666.666667,OPTIMAL,1644.723846,6,0,23.87725688,16,10945.0632,Yes,0,0,98.68343077,,
10259.27669,1666.666667,OPTIMAL,1662.213311,6,0,22.2728098,17,11921.49,Yes,0,0,99.73279864,,
9334.976911,1666.666667,OPTIMAL,1644.147689,6,0,28.09686332,18,10979.1246,Yes,0,0,98.64886132,,
9869.922033,1666.666667,OPTIMAL,1654.184967,6,0,13.36513473,19,11524.107,Yes,0,0,99.25109803,,
9669.682495,1666.666667,OPTIMAL,1650.056105,6,0,12.14908536,20,11319.7386,Yes,0,0,99.00336628,,
9881.046452,1666.666667,OPTIMAL,1654.414348,6,0,38.4467203,21,11535.4608,Yes,0,0,99.2648609,,
9150.243272,1666.666667,OPTIMAL,1647.220528,6,0,34.39266196,22,10797.4638,Yes,0,0,98.8332317,,
9970.041802,1666.666667,OPTIMAL,1656.249398,6,0,17.35689135,23,11626.2912,Yes,0,0,99.3749639,,
9602.935983,1666.666667,OPTIMAL,1648.679817,6,0,30.33698958,24,11251.6158,Yes,0,0,98.92078903,,
10047.91273,1666.666667,OPTIMAL,1657.855067,6,0,5.996203935,25,11705.7678,Yes,0,0,99.47130402,,
9277.247649,1666.666667,OPTIMAL,1645.107951,6,0,19.25325396,26,10922.3556,Yes,0,0,98.70647707,,
9277.247649,1666.666667,OPTIMAL,1645.107951,6,0,32.76640735,27,10922.3556,Yes,0,0,98.70647707,,
9138.697419,1666.666667,OPTIMAL,1647.412581,6,0,16.63966015,28,10786.11,Yes,0,0,98.84475484,,
10003.41506,1666.666667,OPTIMAL,1656.937542,6,0,41.80462182,29,11660.3526,Yes,0,0,99.41625252,,
9714.18017,1666.666667,OPTIMAL,1650.97363,6,0,4.123917856,30,11365.1538,Yes,0,0,99.05841778,,
10148.0325,1666.666667,OPTIMAL,1659.919498,6,0,33.23972182,31,11807.952,Yes,0,0,99.59516989,,
9138.697419,1666.666667,OPTIMAL,1647.412581,6,0,21.09252695,32,10786.11,Yes,0,0,98.84475484,,
9680.806914,1666.666667,OPTIMAL,1650.285486,6,0,14.99143699,33,11331.0924,Yes,0,0,99.01712916,,
9311.885206,1666.666667,OPTIMAL,1644.531794,6,0,36.77710237,34,10956.417,Yes,0,0,98.67190762,,
9491.691795,1666.666667,OPTIMAL,1646.386005,6,0,7.064341372,35,11138.0778,Yes,0,0,98.78316029,,
10237.02785,1666.666667,OPTIMAL,1661.754548,6,0,42.56346707,36,11898.7824,Yes,0,0,99.70527289,,
10125.78366,1666.666667,OPTIMAL,1659.460736,6,0,34.7773051,37,11785.2444,Yes,0,0,99.56764414,,
9447.19412,1666.666667,OPTIMAL,1645.46848,6,0,23.23726454,38,11092.6626,Yes,0,0,98.72810879,,
9569.562727,1666.666667,OPTIMAL,1647.991673,6,0,18.2212264,39,11217.5544,Yes,0,0,98.87950041,,
9614.060402,1666.666667,OPTIMAL,1648.909198,6,0,36.34882387,40,11262.9696,Yes,0,0,98.93455191,,
9242.610091,1666.666667,OPTIMAL,1645.684109,6,0,19.87036934,41,10888.2942,Yes,0,0,98.74104651,,
9300.339354,1666.666667,OPTIMAL,1644.723846,6,0,10.19882832,42,10945.0632,Yes,0,0,98.68343077,,
9311.885206,1666.666667,OPTIMAL,1644.531794,6,0,36.41654255,43,10956.417,Yes,0,0,98.67190762,,
10003.41506,1666.666667,OPTIMAL,1656.937542,6,0,1.217610344,44,11660.3526,Yes,0,0,99.41625252,,
10136.90808,1666.666667,OPTIMAL,1659.690117,6,0,42.30511504,45,11796.5982,Yes,0,0,99.58140702,,
9725.304589,1666.666667,OPTIMAL,1651.203011,6,0,30.0847885,46,11376.5076,Yes,0,0,99.07218066,,
9480.567376,1666.666667,OPTIMAL,1646.156624,6,0,35.498738,47,11126.724,Yes,0,0,98.76939741,,
9380.447608,1666.666667,OPTIMAL,1644.092192,6,0,32.18888851,48,11024.5398,Yes,0,0,98.64553154,,
9138.697419,1666.666667,OPTIMAL,1647.412581,7,0,21.56124977,1,10786.11,Yes,0,0,98.84475484,,
9869.834439,1666.666667,OPTIMAL,1654.183161,7,0,28.31779033,2,11524.0176,Yes,0,0,99.25098966,,
10623.08413,1666.666667,OPTIMAL,1650.463068,7,0,43.70647188,3,12273.5472,Yes,0,0,99.02778407,,
10110.80512,1666.666667,OPTIMAL,1659.151884,7,0,35.1065721,4,11769.957,Yes,0,0,99.54911303,,
10110.80512,1666.666667,OPTIMAL,1659.151884,7,0,51.62731191,5,11769.957,Yes,0,0,99.54911303,,
9778.036086,1666.666667,OPTIMAL,1652.290314,7,0,5.863017674,6,11430.3264,Yes,0,0,99.13741885,,
10225.55306,1666.666667,OPTIMAL,1661.517942,7,0,33.65253204,7,11887.071,Yes,0,0,99.69107654,,
10064.90594,1666.666667,OPTIMAL,1658.20546,7,0,13.39213228,8,11723.1114,Yes,0,0,99.49232762,,
9651.81335,1666.666667,OPTIMAL,1649.68765,7,0,30.08731543,9,11301.501,Yes,0,0,98.98125899,,
10156.70429,1666.666667,OPTIMAL,1660.098307,7,0,12.48221272,10,11816.8026,Yes,0,0,99.60589843,,
10168.17909,1666.666667,OPTIMAL,1660.334913,7,0,3.195754725,11,11828.514,Yes,0,0,99.62009478,,
9525.590615,1666.666667,OPTIMAL,1647.084985,7,0,44.88766839,12,11172.6756,Yes,0,0,98.82509913,,
9950.157998,1666.666667,OPTIMAL,1655.839402,7,0,42.78056661,13,11605.9974,Yes,0,0,99.35036411,,
10444.19172,1666.666667,OPTIMAL,1665.395878,7,0,4.93252699,14,12109.5876,Yes,0,0,99.92375271,,
10294.40182,1666.666667,OPTIMAL,1662.937577,7,0,0.566986058,15,11957.3394,Yes,0,0,99.77625464,,
10122.27991,1666.666667,OPTIMAL,1659.38849,7,0,9.792848022,16,11781.6684,Yes,0,0,99.56330938,,
9812.460468,1666.666667,OPTIMAL,1653.000132,7,0,34.86012385,17,11465.4606,Yes,0,0,99.1800079,,
9582.964585,1666.666667,OPTIMAL,1648.268015,7,0,32.12005338,18,11231.2326,Yes,0,0,98.89608088,,
10202.60347,1666.666667,OPTIMAL,1661.044731,7,0,45.12622443,19,11863.6482,Yes,0,0,99.66268384,,
10053.43115,1666.666667,OPTIMAL,1657.968855,7,0,42.42033962,20,11711.4,Yes,0,0,99.47813127,,
9984.582381,1666.666667,OPTIMAL,1656.549219,7,0,29.40213411,21,11641.1316,Yes,0,0,99.39295317,,
9651.81335,1666.666667,OPTIMAL,1649.68765,7,0,23.45790694,22,11301.501,Yes,0,0,98.98125899,,
9525.590615,1666.666667,OPTIMAL,1647.084985,7,0,18.20444329,23,11172.6756,Yes,0,0,98.82509913,,
10645.0906,1666.666667,OPTIMAL,1650.531071,7,0.014696832,16.30872556,24,12296.97,Yes,1.34833325,0.01096476,99.03186424,,
10635.86216,1666.666667,OPTIMAL,1649.396439,7,0,30.34064632,25,12285.2586,Yes,0,0,98.96378631,,
10259.97744,1666.666667,OPTIMAL,1662.22776,7,0,12.12451212,26,11922.2052,Yes,0,0,99.73366559,,
9950.157998,1666.666667,OPTIMAL,1655.839402,7,0,4.559684216,27,11605.9974,Yes,0,0,99.35036411,,
10087.85553,1666.666667,OPTIMAL,1658.678672,7,0,16.45963457,28,11746.5342,Yes,0,0,99.52072033,,
10610.3061,1666.666667,OPTIMAL,1651.529697,7,0,43.02527385,29,12261.8358,Yes,0,0,99.09178183,,
10610.3061,1666.666667,OPTIMAL,1651.529697,7,0,2.233145701,30,12261.8358,Yes,0,0,99.09178183,,
9778.036086,1666.666667,OPTIMAL,1652.290314,7,0,41.56228084,31,11430.3264,Yes,0,0,99.13741885,,
9869.834439,1666.666667,OPTIMAL,1654.183161,7,0,48.16670879,32,11524.0176,Yes,0,0,99.25098966,,
10214.07826,1666.666667,OPTIMAL,1661.281336,7,0,9.937463762,33,11875.3596,Yes,0,0,99.67688019,,
10317.35141,1666.666667,OPTIMAL,1663.410789,7,0,23.47219461,34,11980.7622,Yes,0,0,99.80464735,,
9571.489791,1666.666667,OPTIMAL,1648.031409,7,0,15.58759217,35,11219.5212,Yes,0,0,98.88188453,,
9617.388968,1666.666667,OPTIMAL,1648.977832,7,0,46.63472977,36,11266.3668,Yes,0,0,98.93866993,,
10571.97201,1666.666667,OPTIMAL,1654.729585,7,0,51.65164484,37,12226.7016,Yes,0,0,99.28377511,,
9537.065409,1666.666667,OPTIMAL,1647.321591,7,0,28.6118492,38,11184.387,Yes,0,0,98.83929548,,
9525.590615,1666.666667,OPTIMAL,1647.084985,7,0,29.05229649,39,11172.6756,Yes,0,0,98.82509913,,
9491.166232,1666.666667,OPTIMAL,1646.375168,7,0,24.16520969,40,11137.5414,Yes,0,0,98.78251007,,
10053.43115,1666.666667,OPTIMAL,1657.968855,7,0,15.82237748,41,11711.4,Yes,0,0,99.47813127,,
10007.53197,1666.666667,OPTIMAL,1657.022431,7,0,6.633687873,42,11664.5544,Yes,0,0,99.42134587,,
10041.95635,1666.666667,OPTIMAL,1657.732249,7,0,3.539775218,43,11699.6886,Yes,0,0,99.46393492,,
10546.41596,1666.666667,OPTIMAL,1656.862844,7,0,13.26726455,44,12203.2788,Yes,0,0,99.41177063,,
9800.985674,1666.666667,OPTIMAL,1652.763526,7,0,22.10494515,45,11453.7492,Yes,0,0,99.16581155,,
9605.914174,1666.666667,OPTIMAL,1648.741226,7,0,35.15871671,46,11254.6554,Yes,0,0,98.92447358,,
9938.683204,1666.666667,OPTIMAL,1655.602796,7,0,3.480197607,47,11594.286,Yes,0,0,99.33616776,,
10122.27991,1666.666667,OPTIMAL,1659.38849,7,0,26.06828558,48,11781.6684,Yes,0,0,99.56330938,,
10351.77579,1666.666667,OPTIMAL,1664.120607,8,0,24.88540004,1,12015.8964,Yes,0,0,99.8472364,,
9967.589174,1666.666667,OPTIMAL,1656.198826,8,0,41.42449878,2,11623.788,Yes,0,0,99.37192956,,
9574.467982,1666.666667,OPTIMAL,1648.092818,8,0,33.58124928,3,11222.5608,Yes,0,0,98.88556908,,
10198.83693,1666.666667,OPTIMAL,1660.967066,8,0,30.9969943,4,11859.804,Yes,0,0,99.65802396,,
10570.80151,1666.666667,OPTIMAL,1654.827292,8,0,12.57763629,5,12225.6288,Yes,0,0,99.2896375,,
9678.529474,1666.666667,OPTIMAL,1650.238526,8,0,40.34564344,6,11328.768,Yes,0,0,99.01431156,,
10442.04579,1666.666667,OPTIMAL,1665.575007,8,0,12.32714258,7,12107.6208,Yes,0,0,99.93450043,,
10245.08649,1666.666667,OPTIMAL,1661.920714,8,0,0.984566068,8,11907.0072,Yes,0,0,99.71524285,,
9701.65425,1666.666667,OPTIMAL,1650.71535,8,0,20.06074281,9,11352.3696,Yes,0,0,99.042921,,
10233.5241,1666.666667,OPTIMAL,1661.682302,8,0,26.53479612,10,11895.2064,Yes,0,0,99.70093813,,
9574.467982,1666.666667,OPTIMAL,1648.092818,8,0,21.00400236,11,11222.5608,Yes,0,0,98.88556908,,
10609.42822,1666.666667,OPTIMAL,1651.602977,8,0,8.335952073,12,12261.0312,Yes,0,0,99.09617862,,
10221.96171,1666.666667,OPTIMAL,1661.44389,8,0,21.30115808,13,11883.4056,Yes,0,0,99.68663341,,
10291.33604,1666.666667,OPTIMAL,1662.874362,8,0,17.28477581,14,11954.2104,Yes,0,0,99.77246173,,
10430.08469,1666.666667,OPTIMAL,1665.735306,8,0,1.592327825,15,12095.82,Yes,0,0,99.94411837,,
10467.79694,1666.666667,OPTIMAL,1663.425464,8,0,49.65457989,16,12131.2224,Yes,0,0,99.80552784,,
9574.467982,1666.666667,OPTIMAL,1648.092818,8,0,14.46383396,17,11222.5608,Yes,0,0,98.88556908,,
10210.39932,1666.666667,OPTIMAL,1661.205478,8,0,29.51523898,18,11871.6048,Yes,0,0,99.67232869,,
10622.30379,1666.666667,OPTIMAL,1650.528206,8,0,33.70812272,19,12272.832,Yes,0,0,99.03169233,,
9643.84231,1666.666667,OPTIMAL,1649.52329,8,0,31.19138158,20,11293.3656,Yes,0,0,98.9713974,,
10693.4991,1666.666667,OPTIMAL,1661.656377,8,0.112371231,13.97991868,21,12367.2384,Yes,12.08292811,0.097701101,99.6993826,,
10360.71037,1666.666667,OPTIMAL,1664.304834,8,0,41.96281032,22,12025.0152,Yes,0,0,99.85829005,,
10418.52231,1666.666667,OPTIMAL,1665.496894,8,0,28.90010526,23,12084.0192,Yes,0,0,99.92981365,,
10545.05037,1666.666667,OPTIMAL,1656.976835,8,0,33.30851159,24,12202.0272,Yes,0,0,99.41861009,,
9979.151562,1666.666667,OPTIMAL,1656.437238,8,0,20.48225455,25,11635.5888,Yes,0,0,99.38623428,,
9794.153354,1666.666667,OPTIMAL,1652.622646,8,0,45.46511947,26,11446.776,Yes,0,0,99.15735876,,
10583.67708,1666.666667,OPTIMAL,1653.75252,8,0,29.65337801,27,12237.4296,Yes,0,0,99.22515121,,
10360.71037,1666.666667,OPTIMAL,1664.304834,8,0,40.38741471,28,12025.0152,Yes,0,0,99.85829005,,
10644.72107,1666.666667,OPTIMAL,1650.446145,8,0.026340907,31.12012573,29,12296.4336,Yes,1.266389777,0.010298838,99.02676868,,
9840.402906,1666.666667,OPTIMAL,1653.576294,8,0,21.46271366,30,11493.9792,Yes,0,0,99.21457764,,
10406.95992,1666.666667,OPTIMAL,1665.258482,8,0,26.25240392,31,12072.2184,Yes,0,0,99.91550893,,
10372.27275,1666.666667,OPTIMAL,1664.543246,8,0,44.19009406,32,12036.816,Yes,0,0,99.87259477,,
9886.652458,1666.666667,OPTIMAL,1654.529942,8,0,0.530797139,33,11541.1824,Yes,0,0,99.27179652,,
10677.23975,1666.666667,OPTIMAL,1657.919633,8,0.263647617,46.6768913,34,12343.6368,Yes,8.477415333,0.068678425,99.47517796,,
9759.46619,1666.666667,OPTIMAL,1651.90741,8,0,27.4040995,35,11411.3736,Yes,0,0,99.1144446,,
10314.46081,1666.666667,OPTIMAL,1663.351186,8,0,43.22624267,36,11977.812,Yes,0,0,99.80107117,,
10349.14798,1666.666667,OPTIMAL,1664.066422,8,0,11.15097625,37,12013.2144,Yes,0,0,99.84398533,,
9875.09007,1666.666667,OPTIMAL,1654.29153,8,0,35.89198148,38,11529.3816,Yes,0,0,99.2574918,,
9805.715742,1666.666667,OPTIMAL,1652.861058,8,0,48.56517763,39,11458.5768,Yes,0,0,99.17166348,,
10622.30379,1666.666667,OPTIMAL,1650.528206,8,0,31.47085794,40,12272.832,Yes,0,0,99.03169233,,
10326.0232,1666.666667,OPTIMAL,1663.589598,8,0,4.273444094,41,11989.6128,Yes,0,0,99.81537589,,
9597.592758,1666.666667,OPTIMAL,1648.569642,8,0,4.672565966,42,11246.1624,Yes,0,0,98.91417852,,
10701.62877,1666.666667,OPTIMAL,1663.524749,8,0.118028318,12.78734269,43,12379.0392,Yes,13.8856845,0.112170939,99.81148492,,
10013.83873,1666.666667,OPTIMAL,1657.152474,8,0,34.69345813,44,11670.9912,Yes,0,0,99.42914844,,
10644.72107,1666.666667,OPTIMAL,1650.446145,8,0.03469908,40.994781,45,12296.4336,Yes,1.266389777,0.010298838,99.02676868,,
10557.92594,1666.666667,OPTIMAL,1655.902063,8,0,14.17703934,46,12213.828,Yes,0,0,99.35412379,,
10268.21126,1666.666667,OPTIMAL,1662.397538,8,0,7.905261999,47,11930.6088,Yes,0,0,99.74385229,,
10660.98041,1666.666667,OPTIMAL,1654.182889,8,0.027282654,8.391668776,48,12320.0352,Yes,4.871902555,0.039544551,99.25097332,,
10669.11008,1666.666667,OPTIMAL,1656.051261,9,0.025363704,5.698816212,1,12331.836,Yes,6.674658944,0.054125427,99.36307564,,
10625.23006,1666.666667,OPTIMAL,1650.283939,9,0,33.72325951,2,12275.514,Yes,0,0,99.01703636,,
11112.49675,1666.666667,OPTIMAL,1666.666667,9,0.982751683,17.24763172,3,12867.6996,Yes,88.53618769,0.688049849,100,,
10504.08264,1666.666667,OPTIMAL,1660.396562,9,0,48.47333395,4,12164.4792,Yes,0,0,99.62379374,,
10736.20674,1666.666667,OPTIMAL,1666.666667,9,0.035167888,2.565078646,5,12423.5604,Yes,20.68699269,0.166514204,100,,
10955.70924,1666.666667,OPTIMAL,1666.666667,9,1.597040779,40.6802247,6,12682.6416,Yes,60.26568978,0.475182471,100,,
10170.98209,1666.666667,OPTIMAL,1660.39271,9,0,12.51072461,7,11831.3748,Yes,0,0,99.62356259,,
10400.65316,1666.666667,OPTIMAL,1665.128439,9,0,36.17011451,8,12065.7816,Yes,0,0,99.90770635,,
10490.62181,1666.666667,OPTIMAL,1661.520187,9,0,21.33600548,9,12152.142,Yes,0,0,99.69121123,,
10655.80698,1666.666667,OPTIMAL,1652.993925,9,0.118072798,47.47911225,10,12312.5256,Yes,3.724693944,0.030251258,99.17963548,,
10913.89924,1666.666667,OPTIMAL,1666.666667,9,1.376171838,39.93576796,11,12633.2928,Yes,52.72689033,0.417364587,100,,
10638.69089,1666.666667,OPTIMAL,1649.160314,9,0,10.91540211,12,12287.8512,Yes,0,0,98.94961887,,
10872.08924,1666.666667,OPTIMAL,1666.666667,9,1.464094145,49.41354083,13,12583.944,Yes,45.18809089,0.359093229,100,,
11189.58049,1666.666667,OPTIMAL,1666.666667,9,2.210570301,35.47451279,14,12954.06,Yes,97.81284516,0.755074819,100,,
10830.27924,1666.666667,OPTIMAL,1666.666667,9,1.178422822,47.57952181,15,12534.5952,Yes,37.64929144,0.300363042,100,,
10303.94955,1666.666667,OPTIMAL,1663.134448,9,0,13.76996108,16,11967.084,Yes,0,0,99.78806688,,
10376.47726,1666.666667,OPTIMAL,1664.629941,9,0,48.95655904,17,12041.1072,Yes,0,0,99.87779648,,
10924.35174,1666.666667,OPTIMAL,1666.666667,9,1.408979027,39.50896529,18,12645.63,Yes,54.61159019,0.431861364,100,,
10767.56424,1666.666667,OPTIMAL,1666.666667,9,0.27394736,15.73122062,19,12460.572,Yes,26.34109228,0.21139553,100,,
10736.20674,1666.666667,OPTIMAL,1666.666667,9,0.655777668,47.8311724,20,12423.5604,Yes,20.68699269,0.166514204,100,,
11133.40175,1666.666667,OPTIMAL,1666.666667,9,2.86147321,48.24651145,21,12892.374,Yes,92.30558742,0.715970444,100,,
11091.59175,1666.666667,OPTIMAL,1666.666667,9,1.949636123,35.68087317,22,12843.0252,Yes,84.76678797,0.66002197,100,,
10074.27848,1666.666667,OPTIMAL,1658.398719,9,0,39.96381233,23,11732.6772,Yes,0,0,99.50392312,,
10987.06674,1666.666667,OPTIMAL,1666.666667,9,0.527358315,12.31080315,24,12719.6532,Yes,65.91978936,0.518251467,100,,
10412.74111,1666.666667,OPTIMAL,1665.377688,9,0,3.464934046,25,12078.1188,Yes,0,0,99.92266129,,
11049.78174,1666.666667,OPTIMAL,1666.666667,9,1.127528632,22.57664496,26,12793.6764,Yes,77.22798853,0.603641878,100,,
10231.42185,1666.666667,OPTIMAL,1661.638954,9,0,19.08747779,27,11893.0608,Yes,0,0,99.69833727,,
10303.94955,1666.666667,OPTIMAL,1663.134448,9,0,38.470716,28,11967.084,Yes,0,0,99.78806688,,
10207.24594,1666.666667,OPTIMAL,1661.140457,9,0,39.42717614,29,11868.3864,Yes,0,0,99.6684274,,
10490.62181,1666.666667,OPTIMAL,1661.520187,9,0,45.74088845,30,12152.142,Yes,0,0,99.69121123,,
10303.94955,1666.666667,OPTIMAL,1663.134448,9,0,3.407000679,31,11967.084,Yes,0,0,99.78806688,,
11177.9625,1666.666667,OPTIMAL,1666.666667,9,1.456404494,23.49467085,32,12941.7228,Yes,97.09363291,0.750237309,100,,
10945.25674,1666.666667,OPTIMAL,1666.666667,9,0.303581148,7.976038862,33,12670.3044,Yes,58.38098992,0.460770224,100,,
10170.98209,1666.666667,OPTIMAL,1660.39271,9,0,39.61729461,34,11831.3748,Yes,0,0,99.62356259,,
10681.30459,1666.666667,OPTIMAL,1658.853819,9,0.264481977,42.34096811,35,12349.5372,Yes,9.378793527,0.075944494,99.53122912,,
10207.24594,1666.666667,OPTIMAL,1661.140457,9,0,1.957377539,36,11868.3864,Yes,0,0,99.6684274,,
10819.82674,1666.666667,OPTIMAL,1666.666667,9,0.697409536,29.61783486,37,12522.258,Yes,35.76459158,0.285608167,100,,
10757.11174,1666.666667,OPTIMAL,1666.666667,9,0.630974924,38.99329893,38,12448.2348,Yes,24.45639242,0.196464742,100,,
10798.92174,1666.666667,OPTIMAL,1666.666667,9,0.223966343,10.6145546,39,12497.5836,Yes,31.99519186,0.256011025,100,,
10544.46511,1666.666667,OPTIMAL,1657.025688,9,0,27.70544706,40,12201.4908,Yes,0,0,99.42154128,,
11039.32924,1666.666667,OPTIMAL,1666.666667,9,0.444525403,9.116068483,41,12781.3392,Yes,75.34328867,0.589478829,100,,
10504.08264,1666.666667,OPTIMAL,1660.396562,9,0,8.640261943,42,12164.4792,Yes,0,0,99.62379374,,
10490.62181,1666.666667,OPTIMAL,1661.520187,9,0,37.70335214,43,12152.142,Yes,0,0,99.69121123,,
11143.85425,1666.666667,OPTIMAL,1666.666667,9,1.149121505,19.0025769,44,12904.7112,Yes,94.19028728,0.729890703,100,,
10490.62181,1666.666667,OPTIMAL,1661.520187,9,0,8.622084405,45,12152.142,Yes,0,0,99.69121123,,
10490.62181,1666.666667,OPTIMAL,1661.520187,9,0,7.160714167,46,12152.142,Yes,0,0,99.69121123,,
10255.59775,1666.666667,OPTIMAL,1662.137452,9,0,17.61069019,47,11917.7352,Yes,0,0,99.72824714,,
10146.80619,1666.666667,OPTIMAL,1659.894212,9,0,44.44939361,48,11806.7004,Yes,0,0,99.59365272,,
11018.42424,1666.666667,OPTIMAL,1666.666667,10,2.147216668,46.27793909,1,12756.6648,Yes,71.57388894,0.561070547,100,,
10844.82185,1666.666667,OPTIMAL,1666.666667,10,0.604072238,22.82775786,2,12551.76,Yes,40.27148255,0.320843312,100,,
11030.24011,1666.666667,OPTIMAL,1666.666667,10,0.294817677,6.176040398,3,12770.6112,Yes,73.70441922,0.577140891,100,,
11128.40272,1666.666667,OPTIMAL,1666.666667,10,1.617854503,27.53662702,4,12886.4736,Yes,91.40420922,0.709303507,100,,
10921.17055,1666.666667,OPTIMAL,1666.666667,10,1.350949647,38.27437637,5,12641.8752,Yes,54.03798589,0.427452297,100,,
11222.91906,1666.666667,OPTIMAL,1666.666667,10,2.766583804,43.74668614,6,12989.4624,Yes,99.87667163,0.768905352,100,,
10833.91489,1666.666667,OPTIMAL,1666.666667,10,0.957620981,38.01367548,7,12538.8864,Yes,38.30483922,0.305488366,100,,
10603.57569,1666.666667,OPTIMAL,1652.09151,10,0,30.19063363,8,12255.6672,Yes,0,0,99.12549058,,
11429.01206,1666.666667,OPTIMAL,1666.666667,10,0.07884441,1.147201048,9,13208.3136,Yes,112.6348717,0.8527574,100,,
11635.10506,1666.666667,OPTIMAL,1666.666667,10,0.413797136,5.604767955,10,13427.1648,Yes,125.3930717,0.933876016,100,,
11150.21664,1666.666667,OPTIMAL,1666.666667,10,2.068823661,33.81616567,11,12912.2208,Yes,95.33749589,0.73835088,100,,
10921.17055,1666.666667,OPTIMAL,1666.666667,10,0.470130477,13.31948298,12,12641.8752,Yes,54.03798589,0.427452297,100,,
11392.64271,1666.666667,OPTIMAL,1666.666667,10,0.805799,11.88694607,13,13169.6928,Yes,110.3834246,0.838162486,100,,
11416.88894,1666.666667,OPTIMAL,1666.666667,10,3.322966362,48.57005397,14,13195.44,Yes,111.8843893,0.847901921,100,,
10986.61229,1666.666667,OPTIMAL,1666.666667,10,1.823708331,42.62465146,15,12719.1168,Yes,65.83784589,0.517629069,100,,
10714.1928,1666.666667,OPTIMAL,1666.412233,10,0.200061151,18.07453218,16,12397.2768,Yes,16.67176255,0.134479231,99.98473396,,
11150.21664,1666.666667,OPTIMAL,1666.666667,10,0.381349984,6.233394593,17,12912.2208,Yes,95.33749589,0.73835088,100,,
11429.01206,1666.666667,OPTIMAL,1666.666667,10,2.444176715,35.5632325,18,13208.3136,Yes,112.6348717,0.8527574,100,,
11073.86794,1666.666667,OPTIMAL,1666.666667,10,1.166465194,22.15390488,19,12822.1056,Yes,81.57099255,0.636174706,100,,
11062.96098,1666.666667,OPTIMAL,1666.666667,10,1.886623077,36.68571852,20,12809.232,Yes,79.60434922,0.62146075,100,,
11489.62765,1666.666667,OPTIMAL,1666.666667,10,2.641991334,37.59971429,21,13272.6816,Yes,116.3872834,0.876893509,100,,
11538.12012,1666.666667,OPTIMAL,1666.666667,10,3.820454811,53.45242336,22,13324.176,Yes,119.3892128,0.896034493,100,,
10866.63576,1666.666667,OPTIMAL,1666.666667,10,1.0918578,37.65410106,23,12577.5072,Yes,44.20476922,0.351458906,100,,
11477.50453,1666.666667,OPTIMAL,1666.666667,10,0.115636801,1.652871791,24,13259.808,Yes,115.6368011,0.872085034,100,,
11562.36636,1666.666667,OPTIMAL,1666.666667,10,3.505815149,48.64444936,25,13349.9232,Yes,120.8901775,0.905549611,100,,
11084.7749,1666.666667,OPTIMAL,1666.666667,10,2.698265639,50.08204218,26,12834.9792,Yes,83.53763589,0.650859145,100,,
10735.75228,1666.666667,OPTIMAL,1666.666667,10,0.459492598,33.64658519,27,12423.024,Yes,20.60504922,0.165861784,100,,
11647.22818,1666.666667,OPTIMAL,1666.666667,10,3.115745784,42.03737015,28,13440.0384,Yes,126.143554,0.938565429,100,,
11671.47441,1666.666667,OPTIMAL,1666.666667,10,2.131663463,28.5390374,29,13465.7856,Yes,127.6445187,0.947917355,100,,
11453.2583,1666.666667,OPTIMAL,1666.666667,10,0.684815018,9.875191295,30,13234.0608,Yes,114.1358364,0.862440018,100,,
11562.36636,1666.666667,OPTIMAL,1666.666667,10,2.538693728,35.22529092,31,13349.9232,Yes,120.8901775,0.905549611,100,,
11084.7749,1666.666667,OPTIMAL,1666.666667,10,1.478616155,27.4443389,32,12834.9792,Yes,83.53763589,0.650859145,100,,
10687.58661,1666.666667,OPTIMAL,1660.297561,10,0.164809038,22.98613321,33,12358.656,Yes,10.77183256,0.087160226,99.61785364,,
11210.79594,1666.666667,OPTIMAL,1666.666667,10,1.75453355,27.89165046,34,12976.5888,Yes,99.12618928,0.763884799,100,,
11283.53465,1666.666667,OPTIMAL,1666.666667,10,1.316089359,20.27960368,35,13053.8304,Yes,103.6290834,0.793859582,100,,
10833.91489,1666.666667,OPTIMAL,1666.666667,10,1.137653725,45.16024647,36,12538.8864,Yes,38.30483922,0.305488366,100,,
10589.52961,1666.666667,OPTIMAL,1653.263988,10,0,39.02942195,37,12242.7936,Yes,0,0,99.19583926,,
11106.58881,1666.666667,OPTIMAL,1666.666667,10,1.399534761,24.85015409,38,12860.7264,Yes,87.47092255,0.680139829,100,,
10660.98041,1666.666667,OPTIMAL,1654.182889,10,0.103771524,31.91831159,39,12320.0352,Yes,4.871902555,0.039544551,99.25097332,,
11344.15024,1666.666667,OPTIMAL,1666.666667,10,1.395959437,20.98636314,40,13118.1984,Yes,107.3814952,0.818568922,100,,
11106.58881,1666.666667,OPTIMAL,1666.666667,10,1.950601573,34.63490226,41,12860.7264,Yes,87.47092255,0.680139829,100,,
11259.28841,1666.666667,OPTIMAL,1666.666667,10,2.318308294,36.08874629,42,13028.0832,Yes,102.1281187,0.78390748,100,,
10855.72881,1666.666667,OPTIMAL,1666.666667,10,1.212234213,43.71452061,43,12564.6336,Yes,42.23812589,0.336166793,100,,
10746.65924,1666.666667,OPTIMAL,1666.666667,10,0.255060126,17.06434452,44,12435.8976,Yes,22.57169255,0.181504329,100,,
10855.72881,1666.666667,OPTIMAL,1666.666667,10,0.054909564,1.980100237,45,12564.6336,Yes,42.23812589,0.336166793,100,,
10942.98446,1666.666667,OPTIMAL,1666.666667,10,0.272464981,7.2078357,46,12667.6224,Yes,57.97127255,0.457633412,100,,
10790.28707,1666.666667,OPTIMAL,1666.666667,10,0.678773329,33.79192593,47,12487.392,Yes,30.43826589,0.243751985,100,,
10735.75228,1666.666667,OPTIMAL,1666.666667,10,0.434766539,31.83600661,48,12423.024,Yes,20.60504922,0.165861784,100,,
