Existing Gen (MW),Installed New Gen (MW),Status,Candidate Gen (MW),Time,Load Shed Cost (M$),Op Cost (M$),Op Condition,Demand (MW),Congestion,Load Shed (MW),L %,UU %,0,68.0491199
7364.974299,4055.555556,OPTIMAL,1575.025701,1,0,5.204299248,1,8940,Yes,0,0,38.83625016,,
8018.120215,4055.555556,OPTIMAL,1878.459785,1,0,8.638354607,2,9896.58,Yes,0,0,46.31818649,,
7774.197684,4055.555556,OPTIMAL,1765.139916,1,0,10.56191739,3,9539.3376,Yes,0,0,43.52399793,,
7662.12517,4055.555556,OPTIMAL,1713.07403,1,0,14.73360989,4,9375.1992,Yes,0,0,42.24018156,,
7642.347667,4055.555556,OPTIMAL,1703.885933,1,0,0.371660396,5,9346.2336,Yes,0,0,42.01362574,,
7635.755167,4055.555556,OPTIMAL,1700.823233,1,0,30.06824765,6,9336.5784,Yes,0,0,41.93810713,,
7820.34519,4055.555556,OPTIMAL,1786.57881,1,0,31.4668333,7,9606.924,Yes,0,0,44.0526282,,
7965.380208,4055.555556,OPTIMAL,1853.958192,1,0,32.66764075,8,9819.3384,Yes,0,0,45.71403761,,
8044.490218,4055.555556,OPTIMAL,1890.710582,1,0,37.00312976,9,9935.2008,Yes,0,0,46.62026093,,
7629.162666,4055.555556,OPTIMAL,1697.760534,1,0,9.176445432,10,9326.9232,Yes,0,0,41.86258852,,
7523.682652,4055.555556,OPTIMAL,1648.757348,1,0,30.54291074,11,9172.44,Yes,0,0,40.65429076,,
7780.790185,4055.555556,OPTIMAL,1768.202615,1,0,7.525877678,12,9548.9928,Yes,0,0,43.59951654,,
8004.935213,4055.555556,OPTIMAL,1872.334387,1,0,5.052452765,13,9877.2696,Yes,0,0,46.16714927,,
7648.940168,4055.555556,OPTIMAL,1706.948632,1,0,8.093345911,14,9355.8888,Yes,0,0,42.08914435,,
7906.047701,4055.555556,OPTIMAL,1826.393899,1,0,27.36651099,15,9732.4416,Yes,0,0,45.03437012,,
7965.380208,4055.555556,OPTIMAL,1853.958192,1,0,15.54664831,16,9819.3384,Yes,0,0,45.71403761,,
7675.310172,4055.555556,OPTIMAL,1719.199428,1,0,11.77777774,17,9394.5096,Yes,0,0,42.39121878,,
7615.977664,4055.555556,OPTIMAL,1691.635136,1,0,30.69925549,18,9307.6128,Yes,0,0,41.7115513,,
8117.007727,4055.555556,OPTIMAL,1924.400273,1,0,35.13735631,19,10041.408,Yes,0,0,47.45096563,,
7734.642679,4055.555556,OPTIMAL,1746.763721,1,0,1.133774591,20,9481.4064,Yes,0,0,43.07088627,,
7741.23518,4055.555556,OPTIMAL,1749.82642,1,0,6.337736456,21,9491.0616,Yes,0,0,43.14640488,,
7747.827681,4055.555556,OPTIMAL,1752.889119,1,0,4.829952293,22,9500.7168,Yes,0,0,43.22192349,,
7609.385163,4055.555556,OPTIMAL,1688.572437,1,0,11.63682721,23,9297.9576,Yes,0,0,41.63603269,,
7662.12517,4055.555556,OPTIMAL,1713.07403,1,0,36.46102193,24,9375.1992,Yes,0,0,42.24018156,,
7793.975186,4055.555556,OPTIMAL,1774.328014,1,0,16.99686496,25,9568.3032,Yes,0,0,43.75055376,,
7629.162666,4055.555556,OPTIMAL,1697.760534,1,0,28.91970682,26,9326.9232,Yes,0,0,41.86258852,,
7602.792662,4055.555556,OPTIMAL,1685.509738,1,0,3.689756241,27,9288.3024,Yes,0,0,41.56051408,,
7807.160188,4055.555556,OPTIMAL,1780.453412,1,0,6.412686338,28,9587.6136,Yes,0,0,43.90159098,,
8057.67522,4055.555556,OPTIMAL,1896.83598,1,0,33.98729258,29,9954.5112,Yes,0,0,46.77129815,,
7800.567687,4055.555556,OPTIMAL,1777.390713,1,0,9.846786702,30,9577.9584,Yes,0,0,43.82607237,,
7543.460155,4055.555556,OPTIMAL,1657.945445,1,0,34.57886718,31,9201.4056,Yes,0,0,40.88084659,,
7721.457677,4055.555556,OPTIMAL,1740.638323,1,0,7.446341311,32,9462.096,Yes,0,0,42.91984905,,
7615.977664,4055.555556,OPTIMAL,1691.635136,1,0,26.63067946,33,9307.6128,Yes,0,0,41.7115513,,
7919.232702,4055.555556,OPTIMAL,1832.519298,1,0,0.390453799,34,9751.752,Yes,0,0,45.18540734,,
7642.347667,4055.555556,OPTIMAL,1703.885933,1,0,16.91054802,35,9346.2336,Yes,0,0,42.01362574,,
7846.715193,4055.555556,OPTIMAL,1798.829607,1,0,21.68615911,36,9645.5448,Yes,0,0,44.35470264,,
7701.680175,4055.555556,OPTIMAL,1731.450225,1,0,17.46947125,37,9433.1304,Yes,0,0,42.69329322,,
7543.460155,4055.555556,OPTIMAL,1657.945445,1,0,4.288144478,38,9201.4056,Yes,0,0,40.88084659,,
7741.23518,4055.555556,OPTIMAL,1749.82642,1,0,15.70245152,39,9491.0616,Yes,0,0,43.14640488,,
8123.600228,4055.555556,OPTIMAL,1927.462972,1,0,18.80111812,40,10051.0632,Yes,0,0,47.52648424,,
7747.827681,4055.555556,OPTIMAL,1752.889119,1,0,29.92676323,41,9500.7168,Yes,0,0,43.22192349,,
7681.902672,4055.555556,OPTIMAL,1722.262128,1,0,30.69630377,42,9404.1648,Yes,0,0,42.46673739,,
8051.082719,4055.555556,OPTIMAL,1893.773281,1,0,0.399403039,43,9944.856,Yes,0,0,46.69577954,,
7523.682652,4055.555556,OPTIMAL,1648.757348,1,0,18.36210705,44,9172.44,Yes,0,0,40.65429076,,
7971.972709,4055.555556,OPTIMAL,1857.020891,1,0,2.364200971,45,9828.9936,Yes,0,0,45.78955622,,
7826.937691,4055.555556,OPTIMAL,1789.641509,1,0,33.04028251,46,9616.5792,Yes,0,0,44.12814681,,
7741.23518,4055.555556,OPTIMAL,1749.82642,1,0,20.905071,47,9491.0616,Yes,0,0,43.14640488,,
8117.007727,4055.555556,OPTIMAL,1924.400273,1,0,22.31424065,48,10041.408,Yes,0,0,47.45096563,,
7589.607661,4055.555556,OPTIMAL,1679.384339,2,0,23.09706393,1,9268.992,Yes,0,0,41.40947686,,
8457.571445,4055.555556,OPTIMAL,2439.752155,2,0,36.81149574,2,10897.3236,Yes,0,0,60.15827232,,
8190.01357,4055.555556,OPTIMAL,1958.31683,2,0,8.176657719,3,10148.3304,Yes,0,0,48.28726431,,
8290.316957,4055.555556,OPTIMAL,2005.702243,2,0,10.49612569,4,10296.0192,Yes,0,0,49.45567174,,
8336.488211,4055.555556,OPTIMAL,2096.670589,2,0,8.871001377,5,10433.1588,Yes,0,0,51.69872686,,
8437.595464,4055.555556,OPTIMAL,2375.334536,2,0,10.10087968,6,10812.93,Yes,0,0,58.56989266,,
8303.11685,4055.555556,OPTIMAL,2024.54995,2,0,16.06283962,7,10327.6668,Yes,0,0,49.92040972,,
8308.110845,4055.555556,OPTIMAL,2040.654355,2,0,14.22055786,8,10348.7652,Yes,0,0,50.31750463,,
8247.63691,4055.555556,OPTIMAL,1985.08709,2,0,25.8996882,9,10232.724,Yes,0,0,48.9473529,,
8465.062438,4055.555556,OPTIMAL,2463.908762,2,0,1.126919795,10,10928.9712,Yes,0,0,60.75391469,,
8432.601469,4055.555556,OPTIMAL,2359.230131,2,0,9.63010002,11,10791.8316,Yes,0,0,58.17279774,,
8190.01357,4055.555556,OPTIMAL,1958.31683,2,0,26.06309648,12,10148.3304,Yes,0,0,48.28726431,,
8168.404817,4055.555556,OPTIMAL,1948.277983,2,0,24.8493385,13,10116.6828,Yes,0,0,48.03973109,,
8283.58207,4055.555556,OPTIMAL,2001.88793,2,0,28.23291265,14,10285.47,Yes,0,0,49.36162019,,
8400.294856,4055.555556,OPTIMAL,2254.397144,2,0,28.04212371,15,10654.692,Yes,0,0,55.58787479,,
8440.092462,4055.555556,OPTIMAL,2383.386738,2,0,25.23164346,16,10823.4792,Yes,0,0,58.76844012,,
8447.583455,4055.555556,OPTIMAL,2407.543345,2,0,17.85830782,17,10855.1268,Yes,0,0,59.36408249,,
8490.032413,4055.555556,OPTIMAL,2544.430787,2,0,29.4716869,18,11034.4632,Yes,0,0,62.73938927,,
8269.245663,4055.555556,OPTIMAL,1995.125937,2,0,23.50645814,19,10264.3716,Yes,0,0,49.19488612,,
8360.300619,4055.555556,OPTIMAL,2136.153381,2,0,35.64334421,20,10496.454,Yes,0,0,52.67227514,,
8290.316957,4055.555556,OPTIMAL,2005.702243,2,0,28.68248209,21,10296.0192,Yes,0,0,49.45567174,,
8427.607474,4055.555556,OPTIMAL,2343.125726,2,0,29.25147693,22,10770.7332,Yes,0,0,57.77570283,,
8381.369244,4055.555556,OPTIMAL,2188.929156,2,0,13.54048438,23,10570.2984,Yes,0,0,53.97359563,,
8336.488211,4055.555556,OPTIMAL,2096.670589,2,0,17.31957412,24,10433.1588,Yes,0,0,51.69872686,,
8153.998982,4055.555556,OPTIMAL,1941.585418,2,0,20.21782378,25,10095.5844,Yes,0,0,47.87470894,,
8319.723724,4055.555556,OPTIMAL,2071.238276,2,0,27.53154567,26,10390.962,Yes,0,0,51.07162871,,
8332.300186,4055.555556,OPTIMAL,2090.309414,2,0,15.08305658,27,10422.6096,Yes,0,0,51.54187595,,
8381.369244,4055.555556,OPTIMAL,2188.929156,2,0,17.62412252,28,10570.2984,Yes,0,0,53.97359563,,
8328.108032,4055.555556,OPTIMAL,2083.952368,2,0,18.01394231,29,10412.0604,Yes,0,0,51.38512687,,
8132.390229,4055.555556,OPTIMAL,1931.546571,2,0,0.708613039,30,10063.9368,Yes,0,0,47.62717572,,
8139.593147,4055.555556,OPTIMAL,1934.892853,2,0,28.6828021,31,10074.486,Yes,0,0,47.7096868,,
8103.578559,4055.555556,OPTIMAL,1918.161441,2,0,7.757098622,32,10021.74,Yes,0,0,47.29713143,,
8336.488211,4055.555556,OPTIMAL,2096.670589,2,0,33.89989812,33,10433.1588,Yes,0,0,51.69872686,,
8457.571445,4055.555556,OPTIMAL,2439.752155,2,0,18.40574787,34,10897.3236,Yes,0,0,60.15827232,,
8233.231075,4055.555556,OPTIMAL,1978.394525,2,0,15.44123429,35,10211.6256,Yes,0,0,48.78233075,,
8344.42568,4055.555556,OPTIMAL,2109.83152,2,0,15.88061805,36,10454.2572,Yes,0,0,52.02324295,,
8161.201899,4055.555556,OPTIMAL,1944.931701,2,0,0.712035295,37,10106.1336,Yes,0,0,47.95722002,,
8211.622322,4055.555556,OPTIMAL,1968.355678,2,0,20.00210389,38,10179.978,Yes,0,0,48.53479753,,
8402.660557,4055.555556,OPTIMAL,2262.580643,2,0,0.761905774,39,10665.2412,Yes,0,0,55.78965968,,
8308.110845,4055.555556,OPTIMAL,2040.654355,2,0,29.5913079,40,10348.7652,Yes,0,0,50.31750463,,
8405.134496,4055.555556,OPTIMAL,2270.655904,2,0,23.97945071,41,10675.7904,Yes,0,0,55.98877571,,
8485.038418,4055.555556,OPTIMAL,2528.326382,2,0,9.113877725,42,11013.3648,Yes,0,0,62.34229435,,
8455.074447,4055.555556,OPTIMAL,2431.699953,2,0,8.18156504,43,10886.7744,Yes,0,0,59.95972486,,
8397.929154,4055.555556,OPTIMAL,2246.213646,2,0,15.19519707,44,10644.1428,Yes,0,0,55.38608989,,
8500.020403,4055.555556,OPTIMAL,2576.639597,2,0,34.91351555,45,11076.66,Yes,0,0,63.5335791,,
8352.36315,4055.555556,OPTIMAL,2122.99245,2,0,26.32133484,46,10475.3556,Yes,0,0,52.34775905,,
8300.619853,4055.555556,OPTIMAL,2016.497747,2,0,13.85524406,47,10317.1176,Yes,0,0,49.72186226,,
8240.433993,4055.555556,OPTIMAL,1981.740807,2,0,34.93862324,48,10222.1748,Yes,0,0,48.86484182,,
8139.593147,4055.555556,OPTIMAL,1934.892853,3,0,37.09507268,1,10074.486,Yes,0,0,47.7096868,,
8346.510948,4055.555556,OPTIMAL,2113.289052,3,0,30.72261308,2,10459.8,Yes,0,0,52.10849718,,
8513.986661,4055.555556,OPTIMAL,2621.677339,3,0,41.8863291,3,11135.664,Yes,0,0,64.64409878,,
8402.299688,4055.555556,OPTIMAL,2261.332312,3,0,14.90838114,4,10663.632,Yes,0,0,55.75887893,,
8385.459101,4055.555556,OPTIMAL,2203.076899,3,0,13.46614429,5,10588.536,Yes,0,0,54.32244409,,
8458.121631,4055.555556,OPTIMAL,2441.526369,3,0,5.388676231,6,10899.648,Yes,0,0,60.20202006,,
8453.042992,4055.555556,OPTIMAL,2425.149008,3,0,28.88335721,7,10878.192,Yes,0,0,59.79819473,,
8442.885713,4055.555556,OPTIMAL,2392.394287,3,0,8.460685904,8,10835.28,Yes,0,0,58.99054405,,
8442.885713,4055.555556,OPTIMAL,2392.394287,3,0,2.671795549,9,10835.28,Yes,0,0,58.99054405,,
8334.289683,4055.555556,OPTIMAL,2093.326317,3,0,23.32394175,10,10427.616,Yes,0,0,51.61626534,,
8493.672104,4055.555556,OPTIMAL,2556.167896,3,0,10.64438257,11,11049.84,Yes,0,0,63.02879743,,
8493.672104,4055.555556,OPTIMAL,2556.167896,3,0,20.71648652,12,11049.84,Yes,0,0,63.02879743,,
8463.20027,4055.555556,OPTIMAL,2457.90373,3,0,24.42924792,13,10921.104,Yes,0,0,60.6058454,,
8285.294329,4055.555556,OPTIMAL,2002.857671,3,0,21.28497405,14,10288.152,Yes,0,0,49.3855316,,
8432.728435,4055.555556,OPTIMAL,2359.639565,3,0,25.34998675,15,10792.368,Yes,0,0,58.18289338,,
8516.52598,4055.555556,OPTIMAL,2629.86602,3,0,6.024961127,16,11146.392,Yes,0,0,64.84601144,,
8493.672104,4055.555556,OPTIMAL,2556.167896,3,0,17.05390327,17,11049.84,Yes,0,0,63.02879743,,
8373.43011,4055.555556,OPTIMAL,2161.46589,3,0,39.99921186,18,10534.896,Yes,0,0,53.29641921,,
8330.026476,4055.555556,OPTIMAL,2086.861524,3,0,0.843237964,19,10416.888,Yes,0,0,51.4568595,,
8558.985034,4055.555556,OPTIMAL,2694.686966,3,0,28.30426178,20,11253.672,Yes,0,0,66.44433615,,
8383.053303,4055.555556,OPTIMAL,2194.754697,3,0,39.37181913,21,10577.808,Yes,0,0,54.11723912,,
8498.750743,4055.555556,OPTIMAL,2572.545257,3,0,23.06853238,22,11071.296,Yes,0,0,63.43262276,,
8437.807074,4055.555556,OPTIMAL,2376.016926,3,0,38.41005627,23,10813.824,Yes,0,0,58.58671871,,
8301.381649,4055.555556,OPTIMAL,2018.954351,3,0,2.91799875,24,10320.336,Yes,0,0,49.78243606,,
8465.739589,4055.555556,OPTIMAL,2466.092411,3,0,6.764023498,25,10931.832,Yes,0,0,60.80775807,,
8314.078246,4055.555556,OPTIMAL,2059.897754,3,0,19.40134517,26,10373.976,Yes,0,0,50.79199941,,
8503.829383,4055.555556,OPTIMAL,2588.922617,3,0,36.59604707,27,11092.752,Yes,0,0,63.8364481,,
8342.474946,4055.555556,OPTIMAL,2106.597054,3,0,27.29794725,28,10449.072,Yes,0,0,51.943489,,
8219.55774,4055.555556,OPTIMAL,1972.04226,3,0,35.12666426,29,10191.6,Yes,0,0,48.62569956,,
8473.357548,4055.555556,OPTIMAL,2490.658452,3,0,1.358440341,30,10964.016,Yes,0,0,61.41349608,,
8285.294329,4055.555556,OPTIMAL,2002.857671,3,0,4.153165667,31,10288.152,Yes,0,0,49.3855316,,
8314.078246,4055.555556,OPTIMAL,2059.897754,3,0,38.3832018,32,10373.976,Yes,0,0,50.79199941,,
8558.985034,4055.555556,OPTIMAL,2694.686966,3,0,17.49931537,33,11253.672,Yes,0,0,66.44433615,,
8368.618514,4055.555556,OPTIMAL,2144.821486,3,0,6.824832534,34,10513.44,Yes,0,0,52.88600925,,
8375.835908,4055.555556,OPTIMAL,2169.788092,3,0,16.81558585,35,10545.624,Yes,0,0,53.50162419,,
8371.024312,4055.555556,OPTIMAL,2153.143688,3,0,5.126106544,36,10524.168,Yes,0,0,53.09121423,,
8263.507746,4055.555556,OPTIMAL,1992.460254,3,0,3.310570067,37,10255.968,Yes,0,0,49.12915696,,
8473.357548,4055.555556,OPTIMAL,2490.658452,3,0,14.15042022,38,10964.016,Yes,0,0,61.41349608,,
8334.289683,4055.555556,OPTIMAL,2093.326317,3,0,22.05748338,39,10427.616,Yes,0,0,51.61626534,,
8445.425033,4055.555556,OPTIMAL,2400.582967,3,0,43.47773045,40,10846.008,Yes,0,0,59.19245672,,
8219.55774,4055.555556,OPTIMAL,1972.04226,3,0,32.66163519,41,10191.6,Yes,0,0,48.62569956,,
8306.460288,4055.555556,OPTIMAL,2035.331712,3,0,28.20889775,42,10341.792,Yes,0,0,50.1862614,,
8460.66095,4055.555556,OPTIMAL,2449.71505,3,0,11.35448401,43,10910.376,Yes,0,0,60.40393273,,
8390.270697,4055.555556,OPTIMAL,2219.721303,3,0,14.36944107,44,10609.992,Yes,0,0,54.73285405,,
8493.672104,4055.555556,OPTIMAL,2556.167896,3,0,21.17430942,45,11049.84,Yes,0,0,63.02879743,,
8460.66095,4055.555556,OPTIMAL,2449.71505,3,0,18.99908711,46,10910.376,Yes,0,0,60.40393273,,
8520.616167,4055.555556,OPTIMAL,2636.503833,3,0,26.10507232,47,11157.12,Yes,0,0,65.00968355,,
8563.248242,4055.555556,OPTIMAL,2701.151758,3,0,0.823221896,48,11264.4,Yes,0,0,66.60374199,,
8378.241706,4055.555556,OPTIMAL,2178.110294,4,0,8.795444667,1,10556.352,Yes,0,0,53.70682916,,
8671.773788,4055.555556,OPTIMAL,2939.051212,4,0,27.61425795,2,11610.825,Yes,0,0,72.46975591,,
8636.77476,4055.555556,OPTIMAL,2851.12524,4,0,13.05806912,3,11487.9,Yes,0,0,70.30171825,,
8703.591087,4055.555556,OPTIMAL,3018.983913,4,0,26.86745981,4,11722.575,Yes,0,0,74.44069923,,
8671.773788,4055.555556,OPTIMAL,2939.051212,4,0,20.00499576,5,11610.825,Yes,0,0,72.46975591,,
8404.266895,4055.555556,OPTIMAL,2267.858105,4,0,24.51240378,6,10672.125,Yes,0,0,55.91978888,,
8518.839831,4055.555556,OPTIMAL,2633.810169,4,0,37.10613951,7,11152.65,Yes,0,0,64.94326445,,
8630.4113,4055.555556,OPTIMAL,2835.1387,4,0,31.95284587,8,11465.55,Yes,0,0,69.90752958,,
8496.846254,4055.555556,OPTIMAL,2566.403746,4,0,8.25490142,9,11063.25,Yes,0,0,63.28118826,,
8684.500708,4055.555556,OPTIMAL,2971.024292,4,0,4.071955021,10,11655.525,Yes,0,0,73.25813324,,
8687.682438,4055.555556,OPTIMAL,2979.017562,4,0,38.30304562,11,11666.7,Yes,0,0,73.45522757,,
8404.266895,4055.555556,OPTIMAL,2267.858105,4,0,7.84396921,12,10672.125,Yes,0,0,55.91978888,,
8549.925718,4055.555556,OPTIMAL,2680.949282,4,0,7.260770117,13,11230.875,Yes,0,0,66.10559873,,
8697.227627,4055.555556,OPTIMAL,3002.997373,4,0,38.95330689,14,11700.225,Yes,0,0,74.04651057,,
8549.925718,4055.555556,OPTIMAL,2680.949282,4,0,22.60207472,15,11230.875,Yes,0,0,66.10559873,,
8617.684381,4055.555556,OPTIMAL,2803.165619,4,0,9.832967335,16,11420.85,Yes,0,0,69.11915225,,
8627.22957,4055.555556,OPTIMAL,2827.14543,4,0,23.60058375,17,11454.375,Yes,0,0,69.71043525,,
8662.228599,4055.555556,OPTIMAL,2915.071401,4,0,25.54672407,18,11577.3,Yes,0,0,71.87847291,,
8441.298639,4055.555556,OPTIMAL,2387.276361,4,0,30.14250983,19,10828.575,Yes,0,0,58.86434863,,
8639.95649,4055.555556,OPTIMAL,2859.11851,4,0,26.15191545,20,11499.075,Yes,0,0,70.49881258,,
8527.721513,4055.555556,OPTIMAL,2647.278487,4,0,14.76831875,21,11175,Yes,0,0,65.27535996,,
8496.846254,4055.555556,OPTIMAL,2566.403746,4,0,31.41448596,22,11063.25,Yes,0,0,63.28118826,,
8572.129924,4055.555556,OPTIMAL,2714.620076,4,0,17.33606522,23,11286.75,Yes,0,0,66.9358375,,
8545.484877,4055.555556,OPTIMAL,2674.215123,4,0,35.55114357,24,11219.7,Yes,0,0,65.93955097,,
8630.4113,4055.555556,OPTIMAL,2835.1387,4,0,38.58456859,25,11465.55,Yes,0,0,69.90752958,,
8486.265756,4055.555556,OPTIMAL,2532.284244,4,0,34.31373972,26,11018.55,Yes,0,0,62.43988548,,
8465.10476,4055.555556,OPTIMAL,2464.04524,4,0,4.73317272,27,10929.15,Yes,0,0,60.7572799,,
8697.227627,4055.555556,OPTIMAL,3002.997373,4,0,40.06980294,28,11700.225,Yes,0,0,74.04651057,,
8636.77476,4055.555556,OPTIMAL,2851.12524,4,0,32.4033567,29,11487.9,Yes,0,0,70.30171825,,
8558.8074,4055.555556,OPTIMAL,2694.4176,4,0,37.93263029,30,11253.225,Yes,0,0,66.43769424,,
8409.557144,4055.555556,OPTIMAL,2284.917856,4,0,13.54949903,31,10694.475,Yes,0,0,56.34044027,,
8558.8074,4055.555556,OPTIMAL,2694.4176,4,0,1.52670029,32,11253.225,Yes,0,0,66.43769424,,
8687.682438,4055.555556,OPTIMAL,2979.017562,4,0,17.29814963,33,11666.7,Yes,0,0,73.45522757,,
8465.10476,4055.555556,OPTIMAL,2464.04524,4,0,15.10107487,34,10929.15,Yes,0,0,60.7572799,,
8510.071876,4055.555556,OPTIMAL,2609.053124,4,0,30.59868883,35,11119.125,Yes,0,0,64.33281674,,
8510.071876,4055.555556,OPTIMAL,2609.053124,4,0,0.808267252,36,11119.125,Yes,0,0,64.33281674,,
8502.136503,4055.555556,OPTIMAL,2583.463497,4,0,11.61273207,37,11085.6,Yes,0,0,63.70183965,,
8399.192198,4055.555556,OPTIMAL,2250.582802,4,0,21.61517262,38,10649.775,Yes,0,0,55.4938225,,
8589.893288,4055.555556,OPTIMAL,2741.556712,4,0,31.78238621,39,11331.45,Yes,0,0,67.60002851,,
8394.180119,4055.555556,OPTIMAL,2233.244881,4,0,14.18654178,40,10627.425,Yes,0,0,55.06631214,,
8399.192198,4055.555556,OPTIMAL,2250.582802,4,0,8.146421841,41,10649.775,Yes,0,0,55.4938225,,
8462.459635,4055.555556,OPTIMAL,2455.515365,4,0,9.90277378,42,10917.975,Yes,0,0,60.54695421,,
8659.046869,4055.555556,OPTIMAL,2907.078131,4,0,19.53079908,43,11566.125,Yes,0,0,71.68137858,,
8473.040133,4055.555556,OPTIMAL,2489.634867,4,0,27.05092667,44,10962.675,Yes,0,0,61.38825699,,
8581.011606,4055.555556,OPTIMAL,2728.088394,4,0,18.92187278,45,11309.1,Yes,0,0,67.267933,,
8406.91202,4055.555556,OPTIMAL,2276.38798,4,0,31.42284052,46,10683.3,Yes,0,0,56.13011458,,
8627.22957,4055.555556,OPTIMAL,2827.14543,4,0,1.926578265,47,11454.375,Yes,0,0,69.71043525,,
8694.045897,4055.555556,OPTIMAL,2995.004103,4,0,35.80406036,48,11689.05,Yes,0,0,73.84941623,,
8630.4113,4055.555556,OPTIMAL,2835.1387,5,0,2.170381983,1,11465.55,Yes,0,0,69.90752958,,
8444.684398,4055.555556,OPTIMAL,2398.194602,5,0,32.31635329,2,10842.879,Yes,0,0,59.13356552,,
8503.808222,4055.555556,OPTIMAL,2588.854378,5,0,16.91684886,3,11092.6626,Yes,0,0,63.83476549,,
8598.594002,4055.555556,OPTIMAL,2755.205998,5,0,7.848747996,4,11353.8,Yes,0,0,67.93658626,,
8458.121631,4055.555556,OPTIMAL,2441.526369,5,0,38.8433745,5,10899.648,Yes,0,0,60.20202006,,
8571.703603,4055.555556,OPTIMAL,2713.973597,5,0,26.05957095,6,11285.6772,Yes,0,0,66.91989691,,
8506.495668,4055.555556,OPTIMAL,2597.520732,5,0,5.531821532,7,11104.0164,Yes,0,0,64.0484564,,
8493.058436,4055.555556,OPTIMAL,2554.188964,5,0,16.36175895,8,11047.2474,Yes,0,0,62.98000186,,
8627.687739,4055.555556,OPTIMAL,2828.296461,5,0,24.80960857,9,11455.9842,Yes,0,0,69.73881684,,
8501.120775,4055.555556,OPTIMAL,2580.188025,5,0,18.96096296,10,11081.3088,Yes,0,0,63.62107459,,
8627.687739,4055.555556,OPTIMAL,2828.296461,5,0,24.3278686,11,11455.9842,Yes,0,0,69.73881684,,
8526.584657,4055.555556,OPTIMAL,2645.554543,5,0,39.75538831,12,11172.1392,Yes,0,0,65.23285173,,
8640.61829,4055.555556,OPTIMAL,2860.78111,5,0,5.81319047,13,11501.3994,Yes,0,0,70.5398082,,
8598.594002,4055.555556,OPTIMAL,2755.205998,5,0,27.58953841,14,11353.8,Yes,0,0,67.93658626,,
8698.805765,4055.555556,OPTIMAL,3006.962035,5,0,38.35841722,15,11705.7678,Yes,0,0,74.14426935,,
8558.167919,4055.555556,OPTIMAL,2693.447881,5,0,22.42622204,16,11251.6158,Yes,0,0,66.41378336,,
8506.495668,4055.555556,OPTIMAL,2597.520732,5,0,8.528224862,17,11104.0164,Yes,0,0,64.0484564,,
8474.24631,4055.555556,OPTIMAL,2493.52449,5,0,7.928070692,18,10967.7708,Yes,0,0,61.48416551,,
8444.684398,4055.555556,OPTIMAL,2398.194602,5,0,2.005842618,19,10842.879,Yes,0,0,59.13356552,,
8630.920377,4055.555556,OPTIMAL,2836.417623,5,0,15.55782293,20,11467.338,Yes,0,0,69.93906468,,
8436.622059,4055.555556,OPTIMAL,2372.195541,5,0,21.18928572,21,10808.8176,Yes,0,0,58.4924928,,
8463.496524,4055.555556,OPTIMAL,2458.859076,5,0,17.33969822,22,10922.3556,Yes,0,0,60.62940188,,
8682.642577,4055.555556,OPTIMAL,2966.356223,5,0,19.48074357,23,11648.9988,Yes,0,0,73.14303015,,
8526.584657,4055.555556,OPTIMAL,2645.554543,5,0,38.01173093,24,11172.1392,Yes,0,0,65.23285173,,
8760.225878,4055.555556,OPTIMAL,3161.264122,5,0,19.60954315,25,11921.49,Yes,0,0,77.94897835,,
8458.121631,4055.555556,OPTIMAL,2441.526369,5,0,1.683961322,26,10899.648,Yes,0,0,60.20202006,,
8656.781477,4055.555556,OPTIMAL,2901.386923,5,0,36.34096946,27,11558.1684,Yes,0,0,71.54104741,,
8714.968953,4055.555556,OPTIMAL,3047.567847,5,0,12.87280607,28,11762.5368,Yes,0,0,75.14550856,,
8474.24631,4055.555556,OPTIMAL,2493.52449,5,0,14.6103017,29,10967.7708,Yes,0,0,61.48416551,,
8501.120775,4055.555556,OPTIMAL,2580.188025,5,0,15.62843008,30,11081.3088,Yes,0,0,63.62107459,,
8544.632236,4055.555556,OPTIMAL,2672.922164,5,0,38.69818299,31,11217.5544,Yes,0,0,65.90766981,,
8605.059277,4055.555556,OPTIMAL,2771.448323,5,0,42.57474723,32,11376.5076,Yes,0,0,68.33708194,,
8737.597415,4055.555556,OPTIMAL,3104.415985,5,0,5.550894701,33,11842.0134,Yes,0,0,76.54724346,,
8558.167919,4055.555556,OPTIMAL,2693.447881,5,0,19.84309699,34,11251.6158,Yes,0,0,66.41378336,,
8692.34049,4055.555556,OPTIMAL,2990.71971,5,0,0.495202807,35,11683.0602,Yes,0,0,73.74377367,,
8509.183115,4055.555556,OPTIMAL,2606.187085,5,0,24.58274734,36,11115.3702,Yes,0,0,64.26214731,,
8640.61829,4055.555556,OPTIMAL,2860.78111,5,0,28.09708727,37,11501.3994,Yes,0,0,70.5398082,,
8672.944665,4055.555556,OPTIMAL,2941.992735,5,0,17.55911144,38,11614.9374,Yes,0,0,72.54228662,,
8431.247166,4055.555556,OPTIMAL,2354.862834,5,0,26.43514801,39,10786.11,Yes,0,0,58.06511099,,
8627.687739,4055.555556,OPTIMAL,2828.296461,5,0,34.56484301,40,11455.9842,Yes,0,0,69.73881684,,
8608.291914,4055.555556,OPTIMAL,2779.569486,5,0,21.01884936,41,11387.8614,Yes,0,0,68.53732978,,
8571.703603,4055.555556,OPTIMAL,2713.973597,5,0,33.37040081,42,11285.6772,Yes,0,0,66.91989691,,
8698.805765,4055.555556,OPTIMAL,3006.962035,5,0,31.90327905,43,11705.7678,Yes,0,0,74.14426935,,
8540.120341,4055.555556,OPTIMAL,2666.080259,5,0,24.04960617,44,11206.2006,Yes,0,0,65.73896529,,
8580.727392,4055.555556,OPTIMAL,2727.657408,5,0,39.61414117,45,11308.3848,Yes,0,0,67.25730595,,
8702.038403,4055.555556,OPTIMAL,3015.083197,5,0,22.87222267,46,11717.1216,Yes,0,0,74.3445172,,
8544.632236,4055.555556,OPTIMAL,2672.922164,5,0,25.83775964,47,11217.5544,Yes,0,0,65.90766981,,
8509.183115,4055.555556,OPTIMAL,2606.187085,5,0,17.19638194,48,11115.3702,Yes,0,0,64.26214731,,
8531.096552,4055.555556,OPTIMAL,2652.396448,6,0,28.98636489,1,11183.493,Yes,0,0,65.40155625,,
8576.215498,4055.555556,OPTIMAL,2720.815502,6,0,2.952097229,2,11297.031,Yes,0,0,67.08860143,,
8463.496524,4055.555556,OPTIMAL,2458.859076,6,0,32.31489215,3,10922.3556,Yes,0,0,60.62940188,,
8455.434184,4055.555556,OPTIMAL,2432.860016,6,0,4.259739607,4,10888.2942,Yes,0,0,59.98832916,,
8540.120341,4055.555556,OPTIMAL,2666.080259,6,0,3.268878509,5,11206.2006,Yes,0,0,65.73896529,,
8576.215498,4055.555556,OPTIMAL,2720.815502,6,0,10.39138225,6,11297.031,Yes,0,0,67.08860143,,
8605.059277,4055.555556,OPTIMAL,2771.448323,6,0,17.65003527,7,11376.5076,Yes,0,0,68.33708194,,
8676.177302,4055.555556,OPTIMAL,2950.113898,6,0,6.639800825,8,11626.2912,Yes,0,0,72.74253446,,
8718.20159,4055.555556,OPTIMAL,3055.68901,6,0,20.14866461,9,11773.8906,Yes,0,0,75.3457564,,
8511.870561,4055.555556,OPTIMAL,2614.853439,6,0,28.77883156,10,11126.724,Yes,0,0,64.47583822,,
8676.177302,4055.555556,OPTIMAL,2950.113898,6,0,3.442859687,11,11626.2912,Yes,0,0,72.74253446,,
8627.687739,4055.555556,OPTIMAL,2828.296461,6,0,37.21441286,12,11455.9842,Yes,0,0,69.73881684,,
8682.642577,4055.555556,OPTIMAL,2966.356223,6,0,17.50801005,13,11648.9988,Yes,0,0,73.14303015,,
8482.308649,4055.555556,OPTIMAL,2519.523551,6,0,35.49161773,14,11001.8322,Yes,0,0,62.12523823,,
8540.120341,4055.555556,OPTIMAL,2666.080259,6,0,24.63333448,15,11206.2006,Yes,0,0,65.73896529,,
8468.871417,4055.555556,OPTIMAL,2476.191783,6,0,22.47243278,16,10945.0632,Yes,0,0,61.05678369,,
8760.225878,4055.555556,OPTIMAL,3161.264122,6,0,20.11888193,17,11921.49,Yes,0,0,77.94897835,,
8476.933756,4055.555556,OPTIMAL,2502.190844,6,0,26.42775243,18,10979.1246,Yes,0,0,61.69785642,,
8647.083565,4055.555556,OPTIMAL,2877.023435,6,0,12.26591527,19,11524.107,Yes,0,0,70.94030389,,
8585.239287,4055.555556,OPTIMAL,2734.499313,6,0,11.24975239,20,11319.7386,Yes,0,0,67.42601047,,
8650.316202,4055.555556,OPTIMAL,2885.144598,6,0,35.26776742,21,11535.4608,Yes,0,0,71.14055173,,
8433.934612,4055.555556,OPTIMAL,2363.529188,6,0,32.45648644,22,10797.4638,Yes,0,0,58.27880189,,
8676.177302,4055.555556,OPTIMAL,2950.113898,6,0,15.86174642,23,11626.2912,Yes,0,0,72.74253446,,
8558.167919,4055.555556,OPTIMAL,2693.447881,6,0,28.17954602,24,11251.6158,Yes,0,0,66.41378336,,
8698.805765,4055.555556,OPTIMAL,3006.962035,6,0,5.462039993,25,11705.7678,Yes,0,0,74.14426935,,
8463.496524,4055.555556,OPTIMAL,2458.859076,6,0,18.12786633,26,10922.3556,Yes,0,0,60.62940188,,
8463.496524,4055.555556,OPTIMAL,2458.859076,6,0,30.85115139,27,10922.3556,Yes,0,0,60.62940188,,
8431.247166,4055.555556,OPTIMAL,2354.862834,6,0,15.70623857,28,10786.11,Yes,0,0,58.06511099,,
8685.875215,4055.555556,OPTIMAL,2974.477385,6,0,38.15041643,29,11660.3526,Yes,0,0,73.34327799,,
8601.826639,4055.555556,OPTIMAL,2763.327161,6,0,3.810838708,30,11365.1538,Yes,0,0,68.1368341,,
8727.899503,4055.555556,OPTIMAL,3080.052497,6,0,30.15644195,31,11807.952,Yes,0,0,75.94649993,,
8431.247166,4055.555556,OPTIMAL,2354.862834,6,0,19.90931649,32,10786.11,Yes,0,0,58.06511099,,
8589.751181,4055.555556,OPTIMAL,2741.341219,6,0,13.87452979,33,11331.0924,Yes,0,0,67.59471498,,
8471.558863,4055.555556,OPTIMAL,2484.858137,6,0,34.60629744,34,10956.417,Yes,0,0,61.2704746,,
8514.558008,4055.555556,OPTIMAL,2623.519792,6,0,6.59736891,35,11138.0778,Yes,0,0,64.68952913,,
8753.760603,4055.555556,OPTIMAL,3145.021797,6,0,38.48043185,36,11898.7824,Yes,0,0,77.54848266,,
8721.434228,4055.555556,OPTIMAL,3063.810172,6,0,31.57944819,37,11785.2444,Yes,0,0,75.54600425,,
8503.808222,4055.555556,OPTIMAL,2588.854378,6,0,21.75023425,38,11092.6626,Yes,0,0,63.83476549,,
8544.632236,4055.555556,OPTIMAL,2672.922164,6,0,16.95237623,39,11217.5544,Yes,0,0,65.90766981,,
8562.679814,4055.555556,OPTIMAL,2700.289786,6,0,33.74604938,40,11262.9696,Yes,0,0,66.58248788,,
8455.434184,4055.555556,OPTIMAL,2432.860016,6,0,18.72043459,41,10888.2942,Yes,0,0,59.98832916,,
8468.871417,4055.555556,OPTIMAL,2476.191783,6,0,9.59877782,42,10945.0632,Yes,0,0,61.05678369,,
8471.558863,4055.555556,OPTIMAL,2484.858137,6,0,34.26702002,43,10956.417,Yes,0,0,61.2704746,,
8685.875215,4055.555556,OPTIMAL,2974.477385,6,0,1.111177178,44,11660.3526,Yes,0,0,73.34327799,,
8724.666865,4055.555556,OPTIMAL,3071.931335,6,0,38.39796814,45,11796.5982,Yes,0,0,75.74625209,,
8605.059277,4055.555556,OPTIMAL,2771.448323,6,0,27.78687985,46,11376.5076,Yes,0,0,68.33708194,,
8511.870561,4055.555556,OPTIMAL,2614.853439,6,0,33.17078175,47,11126.724,Yes,0,0,64.47583822,,
8487.683542,4055.555556,OPTIMAL,2536.856258,6,0,30.23293307,48,11024.5398,Yes,0,0,62.55262005,,
8431.247166,4055.555556,OPTIMAL,2354.862834,7,0,20.35174575,1,10786.11,Yes,0,0,58.06511099,,
8647.058111,4055.555556,OPTIMAL,2876.959489,7,0,25.98888344,2,11524.0176,Yes,0,0,70.93872713,,
8860.463095,4055.555556,OPTIMAL,3413.084105,7,0,38.83799068,3,12273.5472,Yes,0,0,84.1582382,,
8717.081621,4055.555556,OPTIMAL,3052.875379,7,0,31.89761379,4,11769.957,Yes,0,0,75.2763792,,
8717.081621,4055.555556,OPTIMAL,3052.875379,7,0,46.90825558,5,11769.957,Yes,0,0,75.2763792,,
8620.382488,4055.555556,OPTIMAL,2809.943912,7,0,5.402461252,6,11430.3264,Yes,0,0,69.28628825,,
8750.42615,4055.555556,OPTIMAL,3136.64485,7,0,30.43788939,7,11887.071,Yes,0,0,77.3419278,,
8703.74381,4055.555556,OPTIMAL,3019.36759,7,0,12.19064517,8,11723.1114,Yes,0,0,74.45015976,,
8577.991834,4055.555556,OPTIMAL,2723.509166,7,0,27.88334025,9,11301.501,Yes,0,0,67.15502053,,
8730.419433,4055.555556,OPTIMAL,3086.383167,7,0,11.32047221,10,11816.8026,Yes,0,0,76.10259864,,
8733.753886,4055.555556,OPTIMAL,3094.760114,7,0,2.897002038,11,11828.514,Yes,0,0,76.3091535,,
8526.797818,4055.555556,OPTIMAL,2645.877782,7,0,41.85062222,12,11172.6756,Yes,0,0,65.24082203,,
8670.399281,4055.555556,OPTIMAL,2935.598119,7,0,39.12805541,13,11605.9974,Yes,0,0,72.38461115,,
8813.780755,4055.555556,OPTIMAL,3295.806845,7,0,4.424170732,14,12109.5876,Yes,0,0,81.26647015,,
8770.432867,4055.555556,OPTIMAL,3186.906533,7,0,0.511464215,15,11957.3394,Yes,0,0,78.58125697,,
8720.416074,4055.555556,OPTIMAL,3061.252326,7,0,8.893620978,16,11781.6684,Yes,0,0,75.48293406,,
8630.385846,4055.555556,OPTIMAL,2835.074754,7,0,32.07307017,17,11465.4606,Yes,0,0,69.90595283,,
8550.067825,4055.555556,OPTIMAL,2681.164775,7,0,29.86418833,18,11231.2326,Yes,0,0,66.11091226,,
8743.757244,4055.555556,OPTIMAL,3119.890956,7,0,40.85218974,19,11863.6482,Yes,0,0,76.92881808,,
8700.409357,4055.555556,OPTIMAL,3010.990643,7,0,38.6326541,20,11711.4,Yes,0,0,74.2436049,,
8680.40264,4055.555556,OPTIMAL,2960.72896,7,0,26.85307392,21,11641.1316,Yes,0,0,73.00427574,,
8577.991834,4055.555556,OPTIMAL,2723.509166,7,0,21.73955342,22,11301.501,Yes,0,0,67.15502053,,
8526.797818,4055.555556,OPTIMAL,2645.877782,7,0,16.97275235,23,11172.6756,Yes,0,0,65.24082203,,
8869.850711,4055.555556,OPTIMAL,3427.119289,7,0,14.4862242,24,12296.97,Yes,0,0,84.50431124,,
8864.85469,4055.555556,OPTIMAL,3420.40391,7,0,26.94355709,25,12285.2586,Yes,0,0,84.33872654,,
8760.429509,4055.555556,OPTIMAL,3161.775691,7,0,10.95169549,26,11922.2052,Yes,0,0,77.96159238,,
8670.399281,4055.555556,OPTIMAL,2935.598119,7,0,4.170388351,27,11605.9974,Yes,0,0,72.38461115,,
8710.412716,4055.555556,OPTIMAL,3036.121484,7,0,14.9689812,28,11746.5342,Yes,0,0,74.86326948,,
8857.128642,4055.555556,OPTIMAL,3404.707158,7,0,38.25761292,29,12261.8358,Yes,0,0,83.95168334,,
8857.128642,4055.555556,OPTIMAL,3404.707158,7,0,1.985689252,30,12261.8358,Yes,0,0,83.95168334,,
8620.382488,4055.555556,OPTIMAL,2809.943912,7,0,38.29744754,31,11430.3264,Yes,0,0,69.28628825,,
8647.058111,4055.555556,OPTIMAL,2876.959489,7,0,44.20539053,32,11524.0176,Yes,0,0,70.93872713,,
8747.091697,4055.555556,OPTIMAL,3128.267903,7,0,8.99221769,33,11875.3596,Yes,0,0,77.13537294,,
8777.101773,4055.555556,OPTIMAL,3203.660427,7,0,21.15518216,34,11980.7622,Yes,0,0,78.99436669,,
8545.413824,4055.555556,OPTIMAL,2674.107376,7,0,14.5007977,35,11219.5212,Yes,0,0,65.93689421,,
8564.02983,4055.555556,OPTIMAL,2702.33697,7,0,43.2886148,36,11266.3668,Yes,0,0,66.63296639,,
8847.125284,4055.555556,OPTIMAL,3379.576316,7,0,46.01862564,37,12226.7016,Yes,0,0,83.33201876,,
8531.451819,4055.555556,OPTIMAL,2652.935181,7,0,26.66115909,38,11184.387,Yes,0,0,65.41484007,,
8526.797818,4055.555556,OPTIMAL,2645.877782,7,0,27.08665272,39,11172.6756,Yes,0,0,65.24082203,,
8514.431042,4055.555556,OPTIMAL,2623.110358,7,0,22.56841995,40,11137.5414,Yes,0,0,64.67943349,,
8700.409357,4055.555556,OPTIMAL,3010.990643,7,0,14.40960732,41,11711.4,Yes,0,0,74.2436049,,
8687.071545,4055.555556,OPTIMAL,2977.482855,7,0,6.052794075,42,11664.5544,Yes,0,0,73.41738546,,
8697.074904,4055.555556,OPTIMAL,3002.613696,7,0,3.225226341,43,11699.6886,Yes,0,0,74.03705004,,
8840.456378,4055.555556,OPTIMAL,3362.822422,7,0,11.83602192,44,12203.2788,Yes,0,0,82.91890903,,
8627.051393,4055.555556,OPTIMAL,2826.697807,7,0,20.34791536,45,11453.7492,Yes,0,0,69.69939797,,
8559.375828,4055.555556,OPTIMAL,2695.279572,7,0,32.65375721,46,11254.6554,Yes,0,0,66.45894835,,
8667.064828,4055.555556,OPTIMAL,2927.221172,7,0,3.184607274,47,11594.286,Yes,0,0,72.17805629,,
8720.416074,4055.555556,OPTIMAL,3061.252326,7,0,23.67456852,48,11781.6684,Yes,0,0,75.48293406,,
8787.105132,4055.555556,OPTIMAL,3228.791268,8,0,22.39971296,1,12015.8964,Yes,0,0,79.61403127,,
8675.464595,4055.555556,OPTIMAL,2948.323405,8,0,37.86002905,2,11623.788,Yes,0,0,72.69838533,,
8546.621732,4055.555556,OPTIMAL,2675.939068,8,0,31.23544894,3,11222.5608,Yes,0,0,65.9820592,,
8742.662729,4055.555556,OPTIMAL,3117.141271,8,0,28.06532638,4,11859.804,Yes,0,0,76.86101763,,
8846.819838,4055.555556,OPTIMAL,3378.808962,8,0,11.20662314,5,12225.6288,Yes,0,0,83.3130977,,
8588.827486,4055.555556,OPTIMAL,2739.940514,8,0,37.34371579,6,11328.768,Yes,0,0,67.56017705,,
8813.220771,4055.555556,OPTIMAL,3294.400029,8,0,11.05794893,7,12107.6208,Yes,0,0,81.23178155,,
8756.102356,4055.555556,OPTIMAL,3150.904844,8,0,0.889840227,8,11907.0072,Yes,0,0,77.69354409,,
8598.18674,4055.555556,OPTIMAL,2754.18286,8,0,18.54827877,9,11352.3696,Yes,0,0,67.91135818,,
8752.74245,4055.555556,OPTIMAL,3142.46395,8,0,23.99262799,10,11895.2064,Yes,0,0,77.48541248,,
8546.621732,4055.555556,OPTIMAL,2675.939068,8,0,19.53677892,11,11222.5608,Yes,0,0,65.9820592,,
8856.899558,4055.555556,OPTIMAL,3404.131642,8,0,7.412572033,12,12261.0312,Yes,0,0,83.93749254,,
8749.382543,4055.555556,OPTIMAL,3134.023057,8,0,19.26907204,13,11883.4056,Yes,0,0,77.27728086,,
8769.541983,4055.555556,OPTIMAL,3184.668417,8,0,15.59400045,14,11954.2104,Yes,0,0,78.52607055,,
8809.860864,4055.555556,OPTIMAL,3285.959136,8,0,1.429104665,15,12095.82,Yes,0,0,81.02364993,,
8819.940584,4055.555556,OPTIMAL,3311.281816,8,0,44.48117842,16,12131.2224,Yes,0,0,81.64804478,,
8546.621732,4055.555556,OPTIMAL,2675.939068,8,0,13.45347052,17,11222.5608,Yes,0,0,65.9820592,,
8746.022636,4055.555556,OPTIMAL,3125.582164,8,0,26.71160829,18,11871.6048,Yes,0,0,77.06914925,,
8860.259465,4055.555556,OPTIMAL,3412.572535,8,0,29.9545527,19,12272.832,Yes,0,0,84.14562416,,
8574.758902,4055.555556,OPTIMAL,2718.606698,8,0,28.91732203,20,11293.3656,Yes,0,0,67.03413777,,
8899.826833,4055.555556,OPTIMAL,3467.411567,8,0,12.4570415,21,12367.2384,Yes,0,0,85.49781947,,
8789.701423,4055.555556,OPTIMAL,3235.313777,8,0,37.75865828,22,12025.0152,Yes,0,0,79.77486024,,
8806.500957,4055.555556,OPTIMAL,3277.518243,8,0,25.94873902,23,12084.0192,Yes,0,0,80.81551832,,
8840.100024,4055.555556,OPTIMAL,3361.927176,8,0,29.7173736,24,12202.0272,Yes,0,0,82.89683447,,
8678.824502,4055.555556,OPTIMAL,2956.764298,8,0,18.71075663,25,11635.5888,Yes,0,0,72.90651695,,
8625.065994,4055.555556,OPTIMAL,2821.710006,8,0,41.86388134,26,11446.776,Yes,0,0,69.57641111,,
8850.179744,4055.555556,OPTIMAL,3387.249856,8,0,26.40350721,27,12237.4296,Yes,0,0,83.52122931,,
8789.701423,4055.555556,OPTIMAL,3235.313777,8,0,36.34109773,28,12025.0152,Yes,0,0,79.77486024,,
8869.621885,4055.555556,OPTIMAL,3426.811715,8,0,27.6417769,29,12296.4336,Yes,0,0,84.49672721,,
8638.505621,4055.555556,OPTIMAL,2855.473579,8,0,19.72269894,30,11493.9792,Yes,0,0,70.40893757,,
8803.14105,4055.555556,OPTIMAL,3269.07735,8,0,23.58151873,31,12072.2184,Yes,0,0,80.6073867,,
8793.06133,4055.555556,OPTIMAL,3243.75467,8,0,39.74556793,32,12036.816,Yes,0,0,79.98299186,,
8651.945248,4055.555556,OPTIMAL,2889.237152,8,0,0.486791185,33,11541.1824,Yes,0,0,71.24146403,,
8889.758517,4055.555556,OPTIMAL,3453.878283,8,0,41.54820296,34,12343.6368,Yes,0,0,85.16412205,,
8614.986274,4055.555556,OPTIMAL,2796.387326,8,0,25.27226696,35,11411.3736,Yes,0,0,68.95201626,,
8776.261797,4055.555556,OPTIMAL,3201.550203,8,0,38.96352724,36,11977.812,Yes,0,0,78.94233378,,
8786.341517,4055.555556,OPTIMAL,3226.872883,8,0,10.03814994,37,12013.2144,Yes,0,0,79.56672863,,
8648.585341,4055.555556,OPTIMAL,2880.796259,8,0,32.93270197,38,11529.3816,Yes,0,0,71.03333241,,
8628.425901,4055.555556,OPTIMAL,2830.150899,8,0,44.69563899,39,11458.5768,Yes,0,0,69.78454272,,
8860.259465,4055.555556,OPTIMAL,3412.572535,8,0,27.96641867,40,12272.832,Yes,0,0,84.14562416,,
8779.621703,4055.555556,OPTIMAL,3209.991097,8,0,3.850332251,41,11989.6128,Yes,0,0,79.1504654,,
8556.000789,4055.555556,OPTIMAL,2690.161611,8,0,4.341373862,42,11246.1624,Yes,0,0,66.33275206,,
8904.86099,4055.555556,OPTIMAL,3474.17821,8,0,11.40039297,43,12379.0392,Yes,0,0,85.66466818,,
8688.904222,4055.555556,OPTIMAL,2982.086978,8,0,31.6471848,44,11670.9912,Yes,0,0,73.53091179,,
8869.621885,4055.555556,OPTIMAL,3426.811715,8,0,36.41272534,45,12296.4336,Yes,0,0,84.49672721,,
8843.459931,4055.555556,OPTIMAL,3370.368069,8,0,12.64010058,46,12213.828,Yes,0,0,83.10496608,,
8762.82217,4055.555556,OPTIMAL,3167.78663,8,0,7.138311832,47,11930.6088,Yes,0,0,78.10980732,,
8879.690201,4055.555556,OPTIMAL,3440.344999,8,0,7.461682651,48,12320.0352,Yes,0,0,84.83042463,,
8884.724359,4055.555556,OPTIMAL,3447.111641,9,0,5.069956978,1,12331.836,Yes,0,0,84.99727334,,
8861.02308,4055.555556,OPTIMAL,3414.49092,9,0,29.96353675,2,12275.514,Yes,0,0,84.1929268,,
9113.320892,4055.555556,OPTIMAL,3754.378708,9,0,15.69464367,3,12867.6996,Yes,0,0,92.57372158,,
8829.409412,4055.555556,OPTIMAL,3335.069788,9,0,43.33990505,4,12164.4792,Yes,0,0,82.23459751,,
8923.853495,4055.555556,OPTIMAL,3499.706905,9,0,2.291340133,5,12423.5604,Yes,0,0,86.29414286,,
9034.376143,4055.555556,OPTIMAL,3648.265457,9,0,36.73950884,6,12682.6416,Yes,0,0,89.95723044,,
8734.568409,4055.555556,OPTIMAL,3096.806391,9,0,11.33991117,7,11831.3748,Yes,0,0,76.35960965,,
8801.308374,4055.555556,OPTIMAL,3264.473226,9,0,32.49781796,8,12065.7816,Yes,0,0,80.49386037,,
8825.896782,4055.555556,OPTIMAL,3326.245218,9,0,19.08999752,9,12152.142,Yes,0,0,82.01700537,,
8876.486646,4055.555556,OPTIMAL,3436.038954,9,0,42.2030328,10,12312.5256,Yes,0,0,84.72424818,,
9013.32421,4055.555556,OPTIMAL,3619.96859,9,0,35.99330452,11,12633.2928,Yes,0,0,89.25949948,,
8865.96068,4055.555556,OPTIMAL,3421.89052,9,0,9.691878451,12,12287.8512,Yes,0,0,84.3753827,,
8992.272277,4055.555556,OPTIMAL,3591.671723,9,0,44.44343853,13,12583.944,Yes,0,0,88.56176851,,
9149.387114,4055.555556,OPTIMAL,3804.672886,9,0,32.24632743,14,12954.06,Yes,0,0,93.81385199,,
8971.220344,4055.555556,OPTIMAL,3563.374856,9,0,42.70472837,15,12534.5952,Yes,0,0,87.86403754,,
8773.207336,4055.555556,OPTIMAL,3193.876664,9,0,12.4170173,16,11967.084,Yes,0,0,78.75312322,,
8794.283114,4055.555556,OPTIMAL,3246.824086,9,0,44.02571058,17,12041.1072,Yes,0,0,80.05867608,,
9018.587193,4055.555556,OPTIMAL,3627.042807,9,0,35.62694909,18,12645.63,Yes,0,0,89.43393222,,
8939.642445,4055.555556,OPTIMAL,3520.929555,9,0,14.07488365,19,12460.572,Yes,0,0,86.81744109,,
8923.853495,4055.555556,OPTIMAL,3499.706905,9,0,42.72675425,20,12423.5604,Yes,0,0,86.29414286,,
9123.846858,4055.555556,OPTIMAL,3768.527142,9,0,43.94570031,21,12892.374,Yes,0,0,92.92258706,,
9102.794925,4055.555556,OPTIMAL,3740.230275,9,0,32.43599124,22,12843.0252,Yes,0,0,92.22485609,,
8706.467371,4055.555556,OPTIMAL,3026.209829,9,0,36.36454771,23,11732.6772,Yes,0,0,74.61887251,,
9050.165093,4055.555556,OPTIMAL,3669.488107,9,0,11.13522896,24,12719.6532,Yes,0,0,90.48052867,,
8804.821004,4055.555556,OPTIMAL,3273.297796,9,0,3.111749752,25,12078.1188,Yes,0,0,80.71145251,,
9081.742992,4055.555556,OPTIMAL,3711.933408,9,0,20.48259902,26,12793.6764,Yes,0,0,91.52712512,,
8752.131557,4055.555556,OPTIMAL,3140.929243,9,0,17.26021147,27,11893.0608,Yes,0,0,77.44757037,,
8773.207336,4055.555556,OPTIMAL,3193.876664,9,0,34.69084216,28,11967.084,Yes,0,0,78.75312322,,
8745.106298,4055.555556,OPTIMAL,3123.280102,9,0,35.68642235,29,11868.3864,Yes,0,0,77.01238608,,
8825.896782,4055.555556,OPTIMAL,3326.245218,9,0,40.92581661,30,12152.142,Yes,0,0,82.01700537,,
8773.207336,4055.555556,OPTIMAL,3193.876664,9,0,3.072251704,31,11967.084,Yes,0,0,78.75312322,,
9144.542178,4055.555556,OPTIMAL,3797.180622,9,0,21.37451414,32,12941.7228,Yes,0,0,93.62911123,,
9029.11316,4055.555556,OPTIMAL,3641.19124,9,0,7.199716541,33,12670.3044,Yes,0,0,89.7827977,,
8734.568409,4055.555556,OPTIMAL,3096.806391,9,0,35.9097187,34,11831.3748,Yes,0,0,76.35960965,,
8892.275596,4055.555556,OPTIMAL,3457.261604,9,0,37.69869106,35,12349.5372,Yes,0,0,85.24754641,,
8745.106298,4055.555556,OPTIMAL,3123.280102,9,0,1.771666358,36,11868.3864,Yes,0,0,77.01238608,,
8965.957361,4055.555556,OPTIMAL,3556.300639,9,0,26.56938632,37,12522.258,Yes,0,0,87.6896048,,
8934.379462,4055.555556,OPTIMAL,3513.855338,9,0,34.86917758,38,12448.2348,Yes,0,0,86.64300834,,
8955.431395,4055.555556,OPTIMAL,3542.152205,9,0,9.512028806,39,12497.5836,Yes,0,0,87.34073931,,
8839.947301,4055.555556,OPTIMAL,3361.543499,9,0,24.71915237,40,12201.4908,Yes,0,0,82.88737394,,
9076.480009,4055.555556,OPTIMAL,3704.859191,9,0,8.266384122,41,12781.3392,Yes,0,0,91.35269238,,
8829.409412,4055.555556,OPTIMAL,3335.069788,9,0,7.725239872,42,12164.4792,Yes,0,0,82.23459751,,
8825.896782,4055.555556,OPTIMAL,3326.245218,9,0,33.73437918,43,12152.142,Yes,0,0,82.01700537,,
9129.109841,4055.555556,OPTIMAL,3775.601359,9,0,17.31715486,44,12904.7112,Yes,0,0,93.0970198,,
8825.896782,4055.555556,OPTIMAL,3326.245218,9,0,7.714451053,45,12152.142,Yes,0,0,82.01700537,,
8825.896782,4055.555556,OPTIMAL,3326.245218,9,0,6.406916977,46,12152.142,Yes,0,0,82.01700537,,
8759.156817,4055.555556,OPTIMAL,3158.578383,9,0,15.90988029,47,11917.7352,Yes,0,0,77.88275465,,
8727.543149,4055.555556,OPTIMAL,3079.157251,9,0,40.32828619,48,11806.7004,Yes,0,0,75.92442536,,
9065.954043,4055.555556,OPTIMAL,3690.710757,10,0,41.92232043,1,12756.6648,Yes,0,0,91.0038269,,
8978.542756,4055.555556,OPTIMAL,3573.217244,10,0,20.50383476,2,12551.76,Yes,0,0,88.10672657,,
9071.903502,4055.555556,OPTIMAL,3698.707698,10,0,5.597943221,3,12770.6112,Yes,0,0,91.20101174,,
9121.329779,4055.555556,OPTIMAL,3765.143821,10,0,25.07603779,4,12886.4736,Yes,0,0,92.83916271,,
9016.985416,4055.555556,OPTIMAL,3624.889784,10,0,34.50827031,5,12641.8752,Yes,0,0,89.38084399,,
9163.289974,4055.555556,OPTIMAL,3826.172426,10,0,39.67108182,6,12989.4624,Yes,0,0,94.34397764,,
8973.050947,4055.555556,OPTIMAL,3565.835453,10,0,34.12517045,7,12538.8864,Yes,0,0,87.9247098,,
8855.372328,4055.555556,OPTIMAL,3400.294872,10,0,26.85443412,8,12255.6672,Yes,0,0,83.84288727,,
9239.398598,4055.555556,OPTIMAL,3968.915002,10,0,1.026414199,9,13208.3136,Yes,0,0,97.86365758,,
9457.1648,4055.555556,OPTIMAL,3970,10,0,4.977574172,10,13427.1648,Yes,0,0,97.89041096,,
9132.313396,4055.555556,OPTIMAL,3779.907404,10,0,30.82607165,11,12912.2208,Yes,0,0,93.20319625,,
9016.985416,4055.555556,OPTIMAL,3624.889784,10,0,12.00887807,12,12641.8752,Yes,0,0,89.38084399,,
9229.400557,4055.555556,OPTIMAL,3940.292243,10,0,10.65719427,13,13169.6928,Yes,0,0,97.15789092,,
9236.065918,4055.555556,OPTIMAL,3959.374082,10,0,43.48576605,14,13195.44,Yes,0,0,97.62840203,,
9049.936267,4055.555556,OPTIMAL,3669.180533,10,0,38.55351948,15,12719.1168,Yes,0,0,90.47294464,,
8912.641053,4055.555556,OPTIMAL,3484.635747,10,0,16.12723591,16,12397.2768,Yes,0,0,85.92252528,,
9132.313396,4055.555556,OPTIMAL,3779.907404,10,0,5.682225189,17,12912.2208,Yes,0,0,93.20319625,,
9239.398598,4055.555556,OPTIMAL,3968.915002,10,0,31.81884015,18,13208.3136,Yes,0,0,97.86365758,,
9093.870736,4055.555556,OPTIMAL,3728.234864,10,0,20.12221357,19,12822.1056,Yes,0,0,91.92907883,,
9088.378928,4055.555556,OPTIMAL,3720.853072,10,0,33.30400558,20,12809.232,Yes,0,0,91.74706206,,
9302.6816,4055.555556,OPTIMAL,3970,10,0,33.53848155,21,13272.6816,Yes,0,0,97.89041096,,
9354.176,4055.555556,OPTIMAL,3970,10,0,47.56489431,22,13324.176,Yes,0,0,97.89041096,,
8989.526373,4055.555556,OPTIMAL,3587.980827,10,0,33.85760691,23,12577.5072,Yes,0,0,88.47076012,,
9289.808,4055.555556,OPTIMAL,3970,10,0,1.475231948,24,13259.808,Yes,0,0,97.89041096,,
9379.9232,4055.555556,OPTIMAL,3970,10,0,43.24255528,25,13349.9232,Yes,0,0,97.89041096,,
9099.362545,4055.555556,OPTIMAL,3735.616655,10,0,45.51274464,26,12834.9792,Yes,0,0,92.11109561,,
8923.62467,4055.555556,OPTIMAL,3499.39933,10,0,30.05521134,27,12423.024,Yes,0,0,86.28655883,,
9470.0384,4055.555556,OPTIMAL,3970,10,0,37.32738302,28,13440.0384,Yes,0,0,97.89041096,,
9495.7856,4055.555556,OPTIMAL,3970,10,0,25.33354304,29,13465.7856,Yes,0,0,97.89041096,,
9264.0608,4055.555556,OPTIMAL,3970,10,0,8.824581286,30,13234.0608,Yes,0,0,97.89041096,,
9379.9232,4055.555556,OPTIMAL,3970,10,0,31.31357451,31,13349.9232,Yes,0,0,97.89041096,,
9099.362545,4055.555556,OPTIMAL,3735.616655,10,0,24.94042044,32,12834.9792,Yes,0,0,92.11109561,,
8896.165627,4055.555556,OPTIMAL,3462.490373,10,0,20.47430437,33,12358.656,Yes,0,0,85.37647495,,
9158.234388,4055.555556,OPTIMAL,3818.354412,10,0,25.31501906,34,12976.5888,Yes,0,0,94.15120467,,
9188.5679,4055.555556,OPTIMAL,3865.2625,10,0,18.31186056,35,13053.8304,Yes,0,0,95.30784246,,
8973.050947,4055.555556,OPTIMAL,3565.835453,10,0,40.5407025,36,12538.8864,Yes,0,0,87.9247098,,
8851.706975,4055.555556,OPTIMAL,3391.086625,10,0,34.74152178,37,12242.7936,Yes,0,0,83.61583459,,
9110.346162,4055.555556,OPTIMAL,3750.380238,10,0,22.6063088,38,12860.7264,Yes,0,0,92.47512916,,
8879.690201,4055.555556,OPTIMAL,3440.344999,10,0,28.38104294,39,12320.0352,Yes,0,0,84.83042463,,
9213.845827,4055.555556,OPTIMAL,3904.352573,10,0,18.87065115,40,13118.1984,Yes,0,0,96.27170728,,
9110.346162,4055.555556,OPTIMAL,3750.380238,10,0,31.50754289,41,12860.7264,Yes,0,0,92.47512916,,
9178.45673,4055.555556,OPTIMAL,3849.62647,10,0,32.64248373,42,13028.0832,Yes,0,0,94.92229653,,
8984.034564,4055.555556,OPTIMAL,3580.599036,10,0,39.28564534,43,12564.6336,Yes,0,0,88.28874335,,
8929.116478,4055.555556,OPTIMAL,3506.781122,10,0,15.25141591,44,12435.8976,Yes,0,0,86.4685756,,
8984.034564,4055.555556,OPTIMAL,3580.599036,10,0,1.779489162,45,12564.6336,Yes,0,0,88.28874335,,
9027.969033,4055.555556,OPTIMAL,3639.653367,10,0,6.505560511,46,12667.6224,Yes,0,0,89.74487754,,
8951.083713,4055.555556,OPTIMAL,3536.308287,10,0,30.26878951,47,12487.392,Yes,0,0,87.1966427,,
8923.62467,4055.555556,OPTIMAL,3499.39933,10,0,28.43789055,48,12423.024,Yes,0,0,86.28655883,,
