x1,x2,x3,x4,x5,x6
<<<<<<< HEAD
0.0,0.0,0.0,0.0,2000.0,0.0
0.0,0.0,0.0,0.0,2000.0,0.0
=======
0.0,0.0,0.0,2000.0,0.0,0.0
0.0,0.0,0.0,2000.0,0.0,0.0
>>>>>>> c7afadf9ce33dcb786d84a9532897716bc942c4c
0.0,0.0,2000.0,0.0,0.0,0.0
0.0,0.0,0.0,2000.0,0.0,0.0
0.0,0.0,0.0,2000.0,0.0,0.0
0.0,0.0,0.0,2000.0,0.0,0.0
0.0,0.0,0.0,2000.0,0.0,0.0
<<<<<<< HEAD
0.0,0.0,0.0,0.0,2000.0,0.0
0.0,0.0,0.0,0.0,2000.0,0.0
0.0,0.0,0.0,0.0,2000.0,0.0
=======
0.0,0.0,0.0,2000.0,0.0,0.0
0.0,0.0,0.0,2000.0,0.0,0.0
0.0,0.0,0.0,2000.0,0.0,0.0
0.0,0.0,0.0,0.0,2000.0,0.0
0.0,0.0,0.0,0.0,2000.0,0.0
0.0,0.0,0.0,0.0,2000.0,0.0
0.0,0.0,0.0,0.0,0.0,2000.0
0.0,0.0,0.0,0.0,0.0,2000.0
0.0,0.0,0.0,0.0,0.0,2000.0
0.0,0.0,0.0,0.0,0.0,2000.0
0.0,0.0,0.0,0.0,0.0,2000.0
0.0,0.0,0.0,0.0,0.0,2000.0
0.0,0.0,0.0,0.0,0.0,2000.0
0.0,2000.0,0.0,0.0,0.0,0.0
0.0,2000.0,0.0,0.0,0.0,0.0
0.0,2000.0,0.0,0.0,0.0,0.0
0.0,2000.0,0.0,0.0,0.0,0.0
0.0,0.0,2000.0,0.0,0.0,0.0
0.0,0.0,0.0,2000.0,0.0,0.0
0.0,0.0,0.0,0.0,2000.0,0.0
0.0,0.0,0.0,0.0,0.0,2000.0
2000.0,0.0,0.0,0.0,0.0,0.0
2000.0,0.0,0.0,0.0,0.0,0.0
2000.0,0.0,0.0,0.0,0.0,0.0
2000.0,0.0,0.0,0.0,0.0,0.0
0.0,0.0,2000.0,0.0,0.0,0.0
0.0,0.0,2000.0,0.0,0.0,0.0
0.0,0.0,0.0,2000.0,0.0,0.0
0.0,0.0,0.0,0.0,2000.0,0.0
0.0,0.0,0.0,2000.0,0.0,0.0
0.0,0.0,2000.0,0.0,0.0,0.0
0.0,2000.0,0.0,0.0,0.0,0.0
0.0,2000.0,0.0,0.0,0.0,0.0
0.0,2000.0,0.0,0.0,0.0,0.0
0.0,2000.0,0.0,0.0,0.0,0.0
2000.0,0.0,0.0,0.0,0.0,0.0
2000.0,0.0,0.0,0.0,0.0,0.0
2000.0,0.0,0.0,0.0,0.0,0.0
0.0,2000.0,0.0,0.0,0.0,0.0
0.0,2000.0,0.0,0.0,0.0,0.0
0.0,2000.0,0.0,0.0,0.0,0.0
0.0,586.2040079912339,1413.795992008766,0.0,0.0,0.0
0.0,0.0,2000.0,0.0,0.0,0.0
0.0,2000.0,0.0,0.0,0.0,0.0
0.0,0.0,2000.0,0.0,0.0,0.0
0.0,0.0,2000.0,0.0,0.0,0.0
0.0,0.0,2000.0,0.0,0.0,0.0
0.0,0.0,2000.0,0.0,0.0,0.0
0.0,0.0,2000.0,0.0,0.0,0.0
0.0,0.0,2000.0,0.0,0.0,0.0
0.0,0.0,0.0,677.6203269932342,1322.3796730067659,0.0
0.0,0.0,0.0,0.0,2000.0,0.0
0.0,0.0,0.0,0.0,2000.0,0.0
0.0,0.0,0.0,0.0,2000.0,0.0
0.0,0.0,0.0,0.0,2000.0,0.0
0.0,0.0,0.0,0.0,2000.0,0.0
0.0,0.0,0.0,0.0,2000.0,0.0
0.0,0.0,0.0,0.0,2000.0,0.0
0.0,0.0,0.0,0.0,2000.0,0.0
0.0,0.0,0.0,0.0,2000.0,0.0
0.0,0.0,0.0,0.0,2000.0,0.0
0.0,0.0,0.0,0.0,1665.9642712382358,334.0357287617643
0.0,0.0,0.0,0.0,0.0,2000.0
0.0,0.0,0.0,0.0,0.0,2000.0
0.0,0.0,0.0,0.0,0.0,2000.0
0.0,0.0,0.0,0.0,0.0,2000.0
0.0,0.0,0.0,0.0,0.0,2000.0
0.0,0.0,0.0,0.0,0.0,2000.0
0.0,0.0,0.0,0.0,0.0,2000.0
0.0,0.0,0.0,0.0,0.0,2000.0
0.0,0.0,0.0,0.0,0.0,2000.0
0.0,0.0,0.0,0.0,0.0,2000.0
0.0,0.0,0.0,0.0,0.0,2000.0
0.0,0.0,0.0,0.0,0.0,2000.0
0.0,0.0,0.0,0.0,0.0,2000.0
0.0,0.0,2000.0,0.0,0.0,0.0
1784.141395650054,215.85860434994578,0.0,0.0,0.0,0.0
0.0,2000.0,0.0,0.0,0.0,0.0
0.0,2000.0,0.0,0.0,0.0,0.0
0.0,2000.0,0.0,0.0,0.0,0.0
0.0,2000.0,0.0,0.0,0.0,0.0
0.0,0.0,1018.4055806839837,981.5944193160163,0.0,0.0
2000.0,0.0,0.0,0.0,0.0,0.0
2000.0,0.0,0.0,0.0,0.0,0.0
>>>>>>> c7afadf9ce33dcb786d84a9532897716bc942c4c
0.0,0.0,0.0,0.0,0.0,0.0
0.0,0.0,0.0,0.0,0.0,0.0
0.0,0.0,0.0,0.0,0.0,0.0
0.0,0.0,0.0,0.0,0.0,0.0
0.0,0.0,0.0,0.0,0.0,0.0
0.0,0.0,0.0,0.0,0.0,0.0
0.0,0.0,0.0,0.0,0.0,0.0
0.0,0.0,0.0,0.0,0.0,0.0
<<<<<<< HEAD
=======
0.0,0.0,0.0,0.0,0.0,3000.0
>>>>>>> c7afadf9ce33dcb786d84a9532897716bc942c4c
0.0,0.0,0.0,0.0,0.0,0.0
0.0,0.0,0.0,0.0,0.0,0.0
0.0,0.0,0.0,968.8258811240663,702.7183868503674,328.45573202556625
0.0,0.0,0.0,395.7766307205342,0.0,0.0
0.0,0.0,184.18459558786077,0.0,1815.8154044121393,0.0
0.0,0.0,72.86748811493331,0.0,1100.3183748830747,0.0
0.0,0.0,0.0,365.3385460720266,0.0,0.0
0.0,0.0,0.0,628.7169235802918,0.0,0.0
0.0,0.0,622.1766755451168,371.96111832119095,0.0,0.0
0.0,0.0,302.55619354028283,0.0,0.0,0.0
0.0,0.0,130.3824790661479,0.0,0.0,0.0
0.0,0.0,455.54305788105734,0.0,0.0,0.0
296.5629018142892,0.0,0.0,0.0,0.0,0.0
0.0,0.0,0.0,0.0,0.0,0.0
0.0,0.0,0.0,0.0,0.0,0.0
0.0,0.0,0.0,0.0,0.0,0.0
0.0,0.0,0.0,0.0,0.0,0.0
70.65222805113774,0.0,0.0,0.0,0.0,0.0
0.0,0.0,0.0,0.0,0.0,0.0
0.0,0.0,0.0,0.0,0.0,0.0
0.0,0.0,0.0,0.0,0.0,0.0
0.0,0.0,0.0,0.0,0.0,0.0
0.0,0.0,0.0,0.0,0.0,0.0
0.0,0.0,0.0,0.0,0.0,0.0
0.0,0.0,0.0,0.0,0.0,0.0
0.0,0.0,0.0,0.0,0.0,0.0
0.0,0.0,0.0,0.0,0.0,0.0
0.0,0.0,0.0,0.0,0.0,0.0
0.0,0.0,0.0,0.0,0.0,0.0
0.0,0.0,0.0,0.0,0.0,0.0
0.0,0.0,0.0,0.0,0.0,0.0
0.0,0.0,0.0,0.0,0.0,0.0
0.0,0.0,0.0,0.0,0.0,0.0
0.0,0.0,0.0,0.0,0.0,0.0
0.0,0.0,0.0,0.0,0.0,0.0
0.0,0.0,0.0,0.0,0.0,0.0
0.0,0.0,0.0,0.0,0.0,0.0
0.0,0.0,0.0,0.0,0.0,0.0
0.0,0.0,0.0,0.0,0.0,0.0
0.0,0.0,0.0,0.0,0.0,0.0
0.0,0.0,0.0,0.0,0.0,0.0
0.0,0.0,0.0,0.0,0.0,0.0
0.0,0.0,0.0,0.0,2000.0,0.0
0.0,0.0,0.0,0.0,0.0,2000.0
0.0,0.0,0.0,0.0,0.0,2000.0
0.0,0.0,0.0,0.0,0.0,2000.0
0.0,0.0,0.0,0.0,0.0,2000.0
0.0,0.0,0.0,0.0,0.0,2000.0
0.0,0.0,0.0,0.0,0.0,2000.0
0.0,0.0,0.0,0.0,0.0,0.0
0.0,0.0,0.0,0.0,0.0,0.0
<<<<<<< HEAD
0.0,0.0,0.0,0.0,0.0,0.0
0.0,0.0,0.0,0.0,0.0,0.0
=======
0.0,0.0,0.0,0.0,0.0,3000.0
0.0,0.0,0.0,0.0,0.0,0.0
0.0,0.0,0.0,0.0,0.0,0.0
0.0,0.0,0.0,0.0,0.0,3000.0
0.0,0.0,0.0,0.0,0.0,3000.0
0.0,0.0,0.0,0.0,0.0,3000.0
0.0,0.0,0.0,0.0,0.0,3000.0
>>>>>>> c7afadf9ce33dcb786d84a9532897716bc942c4c
0.0,0.0,0.0,0.0,0.0,0.0
0.0,0.0,0.0,0.0,0.0,0.0
0.0,0.0,0.0,0.0,0.0,0.0
0.0,0.0,0.0,0.0,0.0,0.0
0.0,0.0,0.0,0.0,0.0,1929.9435120474616
0.0,0.0,0.0,0.0,0.0,0.0
0.0,0.0,0.0,0.0,0.0,0.0
0.0,0.0,0.0,0.0,0.0,3000.0
0.0,0.0,0.0,0.0,0.0,3000.0
0.0,0.0,0.0,0.0,0.0,0.0
0.0,0.0,0.0,0.0,0.0,0.0
0.0,0.0,0.0,0.0,0.0,0.0
0.0,0.0,391.68027002050974,0.0,0.0,0.0
0.0,0.0,0.0,909.0265752408776,0.0,0.0
0.0,0.0,316.89017787632645,0.0,0.0,0.0
0.0,0.0,121.72421144408894,0.0,0.0,0.0
0.0,0.0,457.2734642174983,0.0,0.0,0.0
0.0,0.0,450.97311509379733,0.0,0.0,0.0
0.0,0.0,0.0,0.0,0.0,0.0
0.0,0.0,287.2213261123621,0.0,0.0,0.0
0.0,0.0,389.21623813856183,377.7668591730169,0.0,0.0
0.0,0.0,0.0,0.0,0.0,0.0
0.0,0.0,0.0,0.0,0.0,0.0
0.0,0.0,0.0,0.0,0.0,0.0
0.0,0.0,0.0,0.0,0.0,0.0
179.61513315990942,0.0,0.0,0.0,0.0,0.0
0.0,0.0,0.0,0.0,0.0,0.0
0.0,0.0,0.0,0.0,0.0,0.0
0.0,0.0,0.0,0.0,0.0,0.0
0.0,0.0,0.0,0.0,0.0,0.0
112.20739727604305,0.0,0.0,0.0,0.0,0.0
0.0,0.0,0.0,0.0,0.0,0.0
0.0,0.0,0.0,0.0,0.0,0.0
0.0,0.0,0.0,0.0,0.0,0.0
0.0,0.0,0.0,0.0,0.0,0.0
0.0,0.0,0.0,0.0,0.0,0.0
0.0,0.0,0.0,0.0,0.0,0.0
0.0,0.0,0.0,0.0,0.0,0.0
0.0,0.0,0.0,0.0,0.0,0.0
0.0,0.0,0.0,0.0,0.0,0.0
0.0,0.0,0.0,0.0,0.0,0.0
0.0,0.0,0.0,0.0,0.0,0.0
0.0,0.0,0.0,0.0,0.0,0.0
0.0,0.0,0.0,0.0,0.0,0.0
0.0,0.0,0.0,0.0,0.0,0.0
0.0,0.0,0.0,3000.0,0.0,0.0
0.0,1496.6981810819832,0.0,1503.3018189180168,0.0,0.0
0.0,0.0,0.0,133.53407486697847,0.0,2866.4659251330213
0.0,0.0,0.0,0.0,0.0,3000.0
0.0,0.0,0.0,0.0,0.0,3000.0
0.0,0.0,0.0,0.0,0.0,0.0
0.0,0.0,0.0,0.0,0.0,0.0
0.0,0.0,0.0,0.0,0.0,0.0
0.0,0.0,0.0,0.0,0.0,2000.0
0.0,0.0,0.0,0.0,0.0,1861.9741684872395
0.0,0.0,0.0,0.0,0.0,2000.0
0.0,0.0,0.0,0.0,0.0,2000.0
0.0,0.0,0.0,0.0,0.0,0.0
0.0,0.0,0.0,0.0,0.0,0.0
0.0,0.0,0.0,0.0,0.0,0.0
0.0,0.0,0.0,0.0,0.0,0.0
<<<<<<< HEAD
0.0,2000.0,0.0,0.0,0.0,0.0
0.0,2000.0,0.0,0.0,0.0,0.0
0.0,2000.0,0.0,0.0,0.0,0.0
0.0,2000.0,0.0,0.0,0.0,0.0
0.0,0.0,2000.0,0.0,0.0,0.0
=======
0.0,0.0,0.0,0.0,0.0,779.5075246017634
>>>>>>> c7afadf9ce33dcb786d84a9532897716bc942c4c
0.0,0.0,0.0,0.0,0.0,0.0
0.0,0.0,0.0,0.0,0.0,0.0
0.0,0.0,0.0,0.0,0.0,0.0
0.0,0.0,0.0,0.0,0.0,0.0
0.0,0.0,0.0,0.0,0.0,0.0
<<<<<<< HEAD
0.0,0.0,519.2146722230849,0.0,0.0,0.0
0.0,0.0,0.0,929.8981395115754,0.0,0.0
0.0,0.0,0.0,0.0,0.0,0.0
0.0,0.0,0.0,305.59885497462346,0.0,0.0
0.0,0.0,218.8862899120047,0.0,0.0,0.0
=======
0.0,0.0,0.0,0.0,0.0,0.0
>>>>>>> c7afadf9ce33dcb786d84a9532897716bc942c4c
0.0,0.0,0.0,0.0,0.0,0.0
0.0,0.0,0.0,0.0,0.0,0.0
0.0,0.0,0.0,0.0,0.0,0.0
0.0,0.0,0.0,0.0,0.0,0.0
0.0,0.0,0.0,0.0,0.0,0.0
0.0,0.0,0.0,0.0,0.0,0.0
0.0,0.0,0.0,0.0,0.0,0.0
0.0,0.0,0.0,0.0,0.0,0.0
0.0,0.0,0.0,0.0,0.0,0.0
0.0,0.0,0.0,0.0,0.0,0.0
0.0,0.0,0.0,0.0,0.0,0.0
0.0,0.0,0.0,0.0,0.0,0.0
0.0,0.0,0.0,0.0,0.0,207.44003950905397
0.0,0.0,0.0,0.0,0.0,0.0
0.0,0.0,0.0,0.0,0.0,0.0
0.0,0.0,0.0,0.0,0.0,0.0
0.0,0.0,0.0,0.0,2000.0,0.0
0.0,0.0,0.0,0.0,2000.0,0.0
0.0,0.0,0.0,0.0,0.0,0.0
0.0,0.0,0.0,0.0,0.0,1199.0681687053238
0.0,0.0,0.0,0.0,0.0,0.0
0.0,0.0,0.0,0.0,0.0,0.0
0.0,0.0,0.0,0.0,0.0,0.0
0.0,0.0,691.6260534014717,0.0,195.2695524269136,0.0
0.0,0.0,0.0,0.0,0.0,0.0
0.0,0.0,0.0,0.0,0.0,0.0
0.0,0.0,0.0,0.0,0.0,0.0
0.0,0.0,0.0,0.0,0.0,0.0
0.0,0.0,0.0,0.0,0.0,0.0
0.0,0.0,0.0,0.0,0.0,0.0
0.0,0.0,0.0,0.0,0.0,0.0
0.0,0.0,0.0,0.0,0.0,0.0
0.0,0.0,0.0,0.0,0.0,2000.0
0.0,0.0,0.0,0.0,0.0,0.0
0.0,0.0,0.0,0.0,0.0,0.0
0.0,0.0,0.0,0.0,0.0,0.0
2000.0,0.0,0.0,0.0,0.0,0.0
2000.0,0.0,0.0,0.0,0.0,0.0
2000.0,0.0,0.0,0.0,0.0,0.0
2000.0,0.0,0.0,0.0,0.0,0.0
0.0,0.0,2000.0,0.0,0.0,0.0
0.0,0.0,2000.0,0.0,0.0,0.0
0.0,0.0,0.0,0.0,0.0,0.0
0.0,0.0,0.0,0.0,0.0,0.0
0.0,0.0,0.0,0.0,0.0,0.0
0.0,0.0,0.0,0.0,0.0,0.0
0.0,0.0,0.0,0.0,0.0,0.0
0.0,0.0,0.0,0.0,0.0,0.0
0.0,0.0,0.0,0.0,0.0,0.0
0.0,0.0,0.0,1422.607307900405,0.0,0.0
0.0,0.0,0.0,1333.0911187964955,0.0,0.0
0.0,0.0,606.4250370596834,0.0,0.0,0.0
0.0,0.0,0.0,429.8231671025794,0.0,0.0
0.0,0.0,0.0,0.0,0.0,0.0
0.0,0.0,0.0,0.0,0.0,0.0
0.0,0.0,0.0,0.0,0.0,0.0
0.0,0.0,0.0,0.0,0.0,0.0
0.0,0.0,0.0,0.0,0.0,0.0
0.0,0.0,0.0,0.0,0.0,0.0
0.0,0.0,0.0,0.0,0.0,0.0
0.0,0.0,0.0,0.0,0.0,0.0
0.0,0.0,0.0,0.0,0.0,0.0
0.0,0.0,0.0,0.0,0.0,0.0
<<<<<<< HEAD
=======
0.0,0.0,0.0,0.0,0.0,973.1772875424294
>>>>>>> c7afadf9ce33dcb786d84a9532897716bc942c4c
0.0,0.0,0.0,0.0,0.0,0.0
0.0,0.0,0.0,0.0,0.0,0.0
0.0,0.0,0.0,0.0,0.0,0.0
0.0,0.0,0.0,0.0,0.0,0.0
0.0,0.0,0.0,0.0,0.0,0.0
0.0,0.0,0.0,0.0,0.0,0.0
0.0,0.0,0.0,0.0,0.0,0.0
0.0,0.0,0.0,0.0,0.0,0.0
0.0,0.0,0.0,0.0,0.0,0.0
0.0,0.0,2000.0,0.0,0.0,0.0
0.0,0.0,0.0,0.0,2000.0,0.0
0.0,0.0,0.0,2000.0,0.0,0.0
0.0,0.0,0.0,0.0,0.0,0.0
0.0,0.0,0.0,0.0,0.0,0.0
0.0,0.0,0.0,0.0,0.0,0.0
0.0,0.0,0.0,0.0,0.0,0.0
0.0,0.0,0.0,0.0,0.0,0.0
0.0,0.0,0.0,0.0,0.0,411.53219490789087
0.0,0.0,0.0,0.0,0.0,0.0
0.0,0.0,0.0,0.0,0.0,0.0
0.0,0.0,0.0,0.0,0.0,0.0
0.0,0.0,0.0,0.0,0.0,0.0
0.0,0.0,0.0,0.0,0.0,0.0
0.0,0.0,0.0,0.0,0.0,0.0
<<<<<<< HEAD
0.0,0.0,0.0,0.0,0.0,0.0
0.0,0.0,0.0,0.0,0.0,0.0
0.0,0.0,0.0,0.0,0.0,0.0
0.0,0.0,0.0,0.0,0.0,0.0
0.0,0.0,2000.0,0.0,0.0,0.0
0.0,2000.0,0.0,0.0,0.0,0.0
0.0,2000.0,0.0,0.0,0.0,0.0
0.0,2000.0,0.0,0.0,0.0,0.0
0.0,2000.0,0.0,0.0,0.0,0.0
2000.0,0.0,0.0,0.0,0.0,0.0
2000.0,0.0,0.0,0.0,0.0,0.0
2000.0,0.0,0.0,0.0,0.0,0.0
0.0,2000.0,0.0,0.0,0.0,0.0
0.0,2000.0,0.0,0.0,0.0,0.0
0.0,2000.0,0.0,0.0,0.0,0.0
0.0,2000.0,0.0,0.0,0.0,0.0
0.0,2000.0,0.0,0.0,0.0,0.0
0.0,2000.0,0.0,0.0,0.0,0.0
0.0,2000.0,0.0,0.0,0.0,0.0
0.0,2000.0,0.0,0.0,0.0,0.0
0.0,2000.0,0.0,0.0,0.0,0.0
0.0,2000.0,0.0,0.0,0.0,0.0
0.0,2000.0,0.0,0.0,0.0,0.0
0.0,742.7373740481412,1257.262625951859,0.0,0.0,0.0
0.0,0.0,0.0,0.0,0.0,0.0
0.0,0.0,0.0,0.0,0.0,0.0
0.0,0.0,0.0,0.0,0.0,0.0
0.0,0.0,0.0,0.0,0.0,0.0
0.0,0.0,0.0,0.0,0.0,0.0
0.0,0.0,0.0,0.0,0.0,0.0
0.0,0.0,0.0,0.0,0.0,0.0
0.0,0.0,0.0,0.0,490.96585588516444,0.0
0.0,0.0,0.0,0.0,0.0,0.0
0.0,0.0,0.0,0.0,0.0,0.0
0.0,0.0,0.0,0.0,0.0,0.0
0.0,0.0,0.0,0.0,0.0,0.0
0.0,0.0,0.0,0.0,0.0,0.0
0.0,0.0,0.0,0.0,0.0,0.0
0.0,0.0,0.0,0.0,0.0,0.0
0.0,0.0,0.0,0.0,0.0,0.0
0.0,0.0,0.0,0.0,0.0,0.0
0.0,0.0,0.0,0.0,0.0,0.0
0.0,0.0,0.0,0.0,0.0,0.0
0.0,0.0,0.0,0.0,0.0,0.0
0.0,0.0,274.59320889030937,0.0,0.0,0.0
0.0,0.0,804.6992232807121,489.6693673920505,0.0,0.0
0.0,0.0,0.0,0.0,0.0,0.0
0.0,0.0,0.0,0.0,0.0,0.0
0.0,0.0,0.0,0.0,0.0,0.0
=======
0.0,0.0,0.0,0.0,0.0,164.50748678334782
>>>>>>> c7afadf9ce33dcb786d84a9532897716bc942c4c
0.0,0.0,0.0,0.0,0.0,0.0
0.0,0.0,60.69827787107689,0.0,0.0,0.0
0.0,0.0,0.0,0.0,0.0,0.0
0.0,0.0,571.2925991200128,0.0,0.0,0.0
0.0,0.0,0.0,0.0,0.0,0.0
0.0,0.0,0.0,0.0,0.0,0.0
0.0,0.0,0.0,0.0,0.0,0.0
0.0,0.0,0.0,0.0,0.0,0.0
0.0,0.0,519.9758133551251,0.0,0.0,0.0
0.0,0.0,0.0,0.0,0.0,0.0
0.0,0.0,0.0,278.26220220199883,0.0,0.0
0.0,0.0,0.0,0.0,813.5732592630836,0.0
0.0,0.0,635.1278572514938,0.0,0.0,0.0
0.0,0.0,0.0,2000.0,0.0,0.0
0.0,0.0,373.40838323448475,0.0,0.0,0.0
0.0,0.0,0.0,0.0,0.0,0.0
21.68503152175076,0.0,0.0,0.0,0.0,0.0
0.0,0.0,0.0,0.0,0.0,0.0
0.0,0.0,0.0,0.0,0.0,0.0
0.0,0.0,0.0,0.0,0.0,0.0
0.0,0.0,0.0,0.0,0.0,0.0
14.98914402639904,0.0,0.0,0.0,0.0,0.0
0.0,0.0,0.0,0.0,0.0,0.0
0.0,0.0,0.0,0.0,0.0,0.0
589.1199200427542,0.0,0.0,0.0,0.0,0.0
250.50330340750415,0.0,0.0,0.0,0.0,0.0
0.0,0.0,0.0,0.0,0.0,0.0
0.0,0.0,0.0,859.8126127467493,0.0,0.0
0.0,0.0,0.0,0.0,0.0,0.0
0.0,0.0,0.0,0.0,0.0,0.0
54.653119048965905,0.0,0.0,0.0,0.0,0.0
0.0,0.0,0.0,0.0,0.0,0.0
0.0,0.0,0.0,0.0,0.0,0.0
0.0,0.0,0.0,0.0,0.0,0.0
0.0,0.0,0.0,0.0,0.0,0.0
0.0,0.0,292.6451609533611,0.0,0.0,0.0
0.0,0.0,474.6247122982401,0.0,0.0,0.0
0.0,0.0,0.0,0.0,0.0,0.0
0.0,0.0,0.0,0.0,0.0,0.0
0.0,0.0,0.0,0.0,0.0,0.0
0.0,0.0,0.0,0.0,0.0,0.0
0.0,0.0,0.0,0.0,0.0,0.0
0.0,0.0,0.0,0.0,0.0,0.0
0.0,0.0,197.2113841410057,0.0,0.0,0.0
0.0,0.0,49.1644930673617,0.0,0.0,0.0
0.0,0.0,0.0,0.0,0.0,0.0
0.0,0.0,0.0,0.0,0.0,0.0
0.0,0.0,0.0,0.0,0.0,0.0
0.0,0.0,0.0,0.0,0.0,0.0
0.0,0.0,941.7306681577047,0.0,0.0,0.0
0.0,0.0,0.0,0.0,0.0,0.0
0.0,0.0,0.0,0.0,0.0,0.0
0.0,0.0,0.0,0.0,0.0,0.0
0.0,0.0,0.0,0.0,0.0,0.0
0.0,0.0,0.0,0.0,0.0,0.0
0.0,0.0,0.0,0.0,0.0,0.0
0.0,0.0,0.0,0.0,0.0,0.0
0.0,0.0,0.0,0.0,0.0,0.0
0.0,0.0,0.0,1770.2233226377023,0.0,0.0
0.0,0.0,0.0,0.0,0.0,0.0
0.0,0.0,0.0,0.0,0.0,0.0
0.0,0.0,0.0,0.0,0.0,0.0
0.0,0.0,0.0,0.0,0.0,0.0
0.0,0.0,0.0,0.0,0.0,0.0
0.0,0.0,0.0,0.0,0.0,0.0
0.0,0.0,0.0,0.0,0.0,0.0
0.0,0.0,290.0040533007494,0.0,0.0,0.0
0.0,0.0,0.0,0.0,0.0,0.0
0.0,0.0,0.0,0.0,0.0,0.0
0.0,0.0,0.0,0.0,0.0,0.0
0.0,0.0,0.0,241.84147819616933,0.0,0.0
0.0,0.0,0.0,0.0,0.0,0.0
0.0,0.0,0.0,0.0,0.0,0.0
0.0,0.0,0.0,0.0,0.0,0.0
0.0,0.0,0.0,0.0,0.0,0.0
0.0,0.0,0.0,0.0,0.0,0.0
0.0,0.0,0.0,665.1767304581226,0.0,0.0
0.0,0.0,0.0,0.0,0.0,0.0
0.0,0.0,0.0,0.0,0.0,0.0
0.0,0.0,0.0,0.0,0.0,0.0
0.0,0.0,0.0,960.0721722217214,0.0,0.0
0.0,0.0,0.0,0.0,0.0,0.0
0.0,0.0,0.0,0.0,0.0,0.0
0.0,0.0,0.0,0.0,0.0,0.0
0.0,0.0,0.0,452.906454972219,0.0,0.0
0.0,0.0,0.0,0.0,0.0,0.0
0.0,0.0,0.0,0.0,0.0,0.0
2000.0,0.0,0.0,0.0,0.0,0.0
2000.0,0.0,0.0,0.0,0.0,0.0
0.0,0.0,0.0,0.0,0.0,0.0
0.0,0.0,0.0,0.0,0.0,0.0
0.0,0.0,176.60804815298283,0.0,0.0,0.0
0.0,0.0,270.5926274204283,0.0,0.0,0.0
0.0,0.0,0.0,0.0,0.0,0.0
0.0,0.0,0.0,0.0,0.0,0.0
0.0,0.0,0.0,0.0,0.0,0.0
0.0,0.0,0.0,0.0,0.0,0.0
0.0,0.0,0.0,0.0,0.0,0.0
0.0,0.0,0.0,0.0,0.0,0.0
0.0,0.0,0.0,0.0,2000.0,0.0
0.0,0.0,0.0,0.0,2000.0,0.0
0.0,0.0,0.0,0.0,2000.0,0.0
0.0,0.0,0.0,0.0,1581.2213070404814,418.7786929595186
0.0,0.0,0.0,0.0,2000.0,0.0
0.0,0.0,0.0,0.0,2000.0,0.0
0.0,0.0,0.0,0.0,2000.0,0.0
0.0,0.0,0.0,0.0,2000.0,0.0
0.0,0.0,0.0,0.0,0.0,2000.0
0.0,0.0,0.0,0.0,0.0,2000.0
0.0,0.0,0.0,0.0,0.0,2000.0
0.0,0.0,0.0,0.0,0.0,2000.0
0.0,0.0,0.0,0.0,0.0,2000.0
0.0,0.0,0.0,0.0,0.0,2000.0
0.0,0.0,0.0,0.0,0.0,2000.0
0.0,0.0,0.0,0.0,0.0,2000.0
0.0,0.0,0.0,0.0,0.0,2000.0
0.0,0.0,0.0,0.0,0.0,2000.0
0.0,0.0,0.0,0.0,0.0,2000.0
0.0,0.0,0.0,0.0,0.0,2000.0
0.0,0.0,0.0,0.0,0.0,2000.0
0.0,0.0,0.0,0.0,0.0,1977.8401783502354
0.0,0.0,0.0,0.0,0.0,0.0
0.0,0.0,0.0,0.0,0.0,0.0
<<<<<<< HEAD
0.0,0.0,0.0,0.0,0.0,2000.0
=======
0.0,0.0,359.0089262301322,0.0,0.0,0.0
>>>>>>> c7afadf9ce33dcb786d84a9532897716bc942c4c
0.0,0.0,0.0,0.0,0.0,0.0
0.0,0.0,0.0,0.0,0.0,0.0
0.0,0.0,0.0,0.0,0.0,0.0
0.0,0.0,0.0,0.0,0.0,0.0
0.0,0.0,0.0,956.8548447909722,0.0,0.0
0.0,0.0,0.0,0.0,0.0,0.0
0.0,0.0,0.0,0.0,0.0,0.0
0.0,0.0,613.8560953245784,0.0,0.0,0.0
0.0,0.0,190.3788550129944,0.0,0.0,0.0
0.0,0.0,0.0,0.0,0.0,150.0
0.0,0.0,0.0,0.0,0.0,150.0
0.0,0.0,0.0,0.0,0.0,150.0
0.0,0.0,0.0,0.0,0.0,150.0
0.0,0.0,0.0,0.0,0.0,150.0
0.0,0.0,0.0,0.0,0.0,150.0
0.0,0.0,0.0,0.0,0.0,150.0
0.0,0.0,0.0,0.0,0.0,150.0
0.0,0.0,0.0,0.0,0.0,150.0
0.0,0.0,0.0,0.0,0.0,150.0
0.0,0.0,0.0,0.0,0.0,150.0
0.0,0.0,0.0,0.0,0.0,150.0
0.0,0.0,0.0,0.0,0.0,150.0
0.0,0.0,0.0,0.0,0.0,150.0
0.0,0.0,0.0,0.0,0.0,150.0
0.0,0.0,0.0,0.0,0.0,150.0
0.0,0.0,0.0,0.0,0.0,150.0
0.0,0.0,0.0,0.0,0.0,150.0
0.0,0.0,0.0,0.0,0.0,150.0
0.0,0.0,0.0,0.0,0.0,150.0
0.0,0.0,0.0,0.0,0.0,150.0
0.0,0.0,0.0,0.0,0.0,150.0
0.0,0.0,0.0,0.0,0.0,150.0
0.0,0.0,0.0,0.0,0.0,150.0
0.0,0.0,0.0,0.0,0.0,150.0
0.0,0.0,0.0,0.0,0.0,150.0
0.0,0.0,0.0,0.0,0.0,150.0
0.0,0.0,0.0,0.0,0.0,150.0
0.0,0.0,0.0,0.0,0.0,150.0
0.0,0.0,0.0,0.0,0.0,150.0
0.0,0.0,0.0,0.0,0.0,150.0
0.0,0.0,0.0,0.0,0.0,150.0
0.0,0.0,0.0,0.0,0.0,150.0
0.0,0.0,0.0,0.0,0.0,150.0
0.0,0.0,0.0,0.0,0.0,150.0
0.0,0.0,0.0,0.0,0.0,150.0
0.0,0.0,0.0,0.0,0.0,150.0
0.0,0.0,0.0,0.0,0.0,150.0
0.0,0.0,0.0,0.0,0.0,150.0
0.0,0.0,0.0,0.0,0.0,150.0
0.0,0.0,0.0,0.0,0.0,150.0
0.0,0.0,0.0,0.0,0.0,150.0
0.0,0.0,0.0,0.0,0.0,150.0
0.0,0.0,0.0,0.0,0.0,150.0
0.0,0.0,0.0,0.0,0.0,150.0
0.0,0.0,0.0,0.0,0.0,150.0
0.0,0.0,0.0,0.0,0.0,150.0
0.0,0.0,0.0,0.0,0.0,150.0
0.0,0.0,0.0,0.0,0.0,150.0
0.0,0.0,0.0,0.0,0.0,150.0
0.0,0.0,0.0,0.0,0.0,150.0
0.0,0.0,0.0,0.0,0.0,150.0
0.0,0.0,0.0,0.0,0.0,150.0
0.0,0.0,0.0,0.0,0.0,150.0
0.0,0.0,0.0,0.0,0.0,150.0
0.0,0.0,0.0,0.0,0.0,150.0
0.0,0.0,0.0,0.0,0.0,150.0
0.0,0.0,0.0,0.0,0.0,150.0
0.0,0.0,0.0,0.0,0.0,150.0
0.0,0.0,0.0,0.0,0.0,150.0
0.0,0.0,0.0,0.0,0.0,150.0
0.0,0.0,0.0,0.0,0.0,150.0
0.0,0.0,0.0,0.0,0.0,150.0
0.0,0.0,0.0,0.0,0.0,150.0
0.0,0.0,0.0,0.0,0.0,150.0
0.0,0.0,0.0,0.0,0.0,150.0
0.0,0.0,0.0,0.0,0.0,150.0
0.0,0.0,0.0,0.0,0.0,150.0
0.0,0.0,0.0,0.0,0.0,150.0
0.0,0.0,0.0,0.0,0.0,150.0
0.0,0.0,0.0,0.0,0.0,150.0
0.0,0.0,0.0,0.0,0.0,150.0
0.0,0.0,0.0,0.0,0.0,150.0
0.0,0.0,0.0,0.0,0.0,150.0
0.0,0.0,0.0,0.0,0.0,150.0
0.0,0.0,0.0,0.0,0.0,150.0
0.0,0.0,0.0,0.0,0.0,150.0
0.0,0.0,0.0,0.0,0.0,150.0
0.0,0.0,0.0,0.0,0.0,150.0
0.0,0.0,0.0,0.0,0.0,150.0
0.0,0.0,0.0,0.0,0.0,150.0
0.0,0.0,0.0,0.0,0.0,150.0
0.0,0.0,0.0,0.0,0.0,150.0
0.0,0.0,0.0,0.0,0.0,150.0
0.0,0.0,0.0,0.0,0.0,150.0
0.0,0.0,0.0,0.0,0.0,150.0
0.0,0.0,0.0,0.0,0.0,150.0
0.0,0.0,0.0,0.0,0.0,150.0
0.0,0.0,0.0,0.0,0.0,150.0
0.0,0.0,0.0,0.0,0.0,150.0
0.0,0.0,0.0,0.0,0.0,150.0
0.0,0.0,0.0,0.0,0.0,0.0
0.0,0.0,0.0,0.0,0.0,0.0
0.0,0.0,0.0,0.0,0.0,0.0
0.0,0.0,0.0,0.0,0.0,0.0
0.0,0.0,0.0,0.0,0.0,0.0
0.0,0.0,0.0,0.0,0.0,0.0
0.0,0.0,0.0,0.0,0.0,0.0
0.0,0.0,0.0,0.0,0.0,0.0
0.0,0.0,0.0,0.0,0.0,0.0
0.0,0.0,0.0,0.0,0.0,0.0
0.0,0.0,0.0,0.0,0.0,0.0
0.0,0.0,0.0,0.0,0.0,0.0
0.0,0.0,0.0,0.0,0.0,0.0
0.0,0.0,0.0,0.0,0.0,0.0
0.0,0.0,0.0,0.0,0.0,0.0
0.0,0.0,0.0,0.0,0.0,0.0
0.0,0.0,0.0,0.0,0.0,0.0
0.0,0.0,0.0,0.0,0.0,0.0
0.0,0.0,0.0,0.0,0.0,0.0
0.0,0.0,0.0,0.0,0.0,0.0
0.0,0.0,0.0,0.0,0.0,0.0
0.0,0.0,0.0,0.0,0.0,0.0
0.0,0.0,0.0,639.369259712255,0.0,0.0
0.0,0.0,0.0,1256.197347908262,0.0,0.0
0.0,0.0,434.37006335697,0.0,0.0,0.0
0.0,0.0,0.0,0.0,0.0,0.0
0.0,0.0,101.12505894183658,0.0,0.0,0.0
0.0,0.0,437.5161598187464,0.0,0.0,0.0
0.0,0.0,541.5983047828341,0.0,0.0,0.0
0.0,0.0,0.0,0.0,0.0,0.0
0.0,0.0,0.0,0.0,0.0,0.0
0.0,0.0,227.73147125313704,0.0,0.0,0.0
0.0,0.0,0.0,0.0,0.0,0.0
0.0,0.0,0.0,0.0,0.0,0.0
0.0,0.0,0.0,0.0,0.0,0.0
0.0,0.0,0.0,0.0,0.0,0.0
0.0,0.0,392.57246230952256,0.0,0.0,0.0
0.0,0.0,0.0,0.0,0.0,0.0
0.0,0.0,0.0,1108.871809393738,0.0,0.0
0.0,0.0,0.0,2000.0,0.0,0.0
0.0,0.0,0.0,2000.0,0.0,0.0
0.0,0.0,949.4892843984069,0.0,0.0,0.0
0.0,0.0,1220.7389734216913,0.0,0.0,0.0
0.0,0.0,1160.795419019342,0.0,0.0,0.0
0.0,0.0,0.0,0.0,0.0,0.0
0.0,0.0,0.0,0.0,0.0,0.0
0.0,0.0,0.0,0.0,0.0,0.0
0.0,0.0,0.0,0.0,0.0,0.0
0.0,0.0,0.0,0.0,0.0,0.0
0.0,0.0,0.0,0.0,0.0,0.0
0.0,0.0,0.0,0.0,0.0,0.0
0.0,0.0,0.0,0.0,0.0,0.0
0.0,0.0,0.0,0.0,0.0,0.0
0.0,0.0,0.0,0.0,0.0,0.0
0.0,0.0,0.0,0.0,0.0,0.0
0.0,0.0,0.0,0.0,0.0,0.0
168.43741947792344,0.0,0.0,0.0,0.0,0.0
0.0,0.0,0.0,0.0,0.0,0.0
0.0,0.0,0.0,0.0,0.0,0.0
192.40503210213143,0.0,0.0,0.0,0.0,0.0
0.0,0.0,0.0,0.0,0.0,0.0
207.08121482465504,0.0,0.0,0.0,0.0,0.0
0.0,0.0,0.0,0.0,0.0,0.0
0.0,0.0,0.0,0.0,0.0,0.0
462.0286383440484,0.0,0.0,0.0,0.0,0.0
0.0,0.0,0.0,0.0,0.0,0.0
0.0,0.0,0.0,0.0,0.0,0.0
0.0,0.0,0.0,0.0,0.0,0.0
0.0,0.0,0.0,0.0,0.0,0.0
0.0,0.0,0.0,0.0,0.0,0.0
0.0,0.0,0.0,0.0,0.0,0.0
0.0,0.0,0.0,0.0,0.0,0.0
0.0,0.0,0.0,0.0,0.0,0.0
0.0,0.0,0.0,0.0,0.0,0.0
0.0,0.0,0.0,0.0,0.0,0.0
0.0,0.0,0.0,0.0,0.0,0.0
0.0,0.0,0.0,0.0,0.0,0.0
0.0,0.0,0.0,0.0,0.0,0.0
0.0,0.0,0.0,0.0,0.0,0.0
0.0,0.0,0.0,0.0,0.0,0.0
0.0,0.0,0.0,0.0,0.0,0.0
0.0,0.0,0.0,0.0,0.0,0.0
0.0,0.0,0.0,0.0,0.0,0.0
0.0,0.0,0.0,0.0,0.0,0.0
0.0,0.0,0.0,0.0,0.0,0.0
0.0,0.0,0.0,0.0,0.0,0.0
0.0,0.0,0.0,0.0,0.0,0.0
0.0,0.0,0.0,0.0,0.0,0.0
0.0,0.0,0.0,0.0,0.0,0.0
0.0,0.0,0.0,0.0,0.0,0.0
0.0,0.0,0.0,0.0,0.0,0.0
0.0,0.0,0.0,0.0,0.0,0.0
0.0,0.0,0.0,0.0,0.0,0.0
0.0,0.0,0.0,0.0,0.0,0.0
0.0,0.0,0.0,0.0,0.0,0.0
0.0,0.0,0.0,0.0,0.0,0.0
0.0,0.0,0.0,0.0,0.0,0.0
0.0,0.0,0.0,0.0,0.0,0.0
0.0,0.0,0.0,0.0,0.0,0.0
0.0,0.0,0.0,0.0,0.0,0.0
0.0,0.0,0.0,0.0,0.0,0.0
0.0,0.0,0.0,0.0,0.0,0.0
0.0,0.0,0.0,0.0,0.0,0.0
0.0,0.0,0.0,0.0,0.0,0.0
0.0,0.0,0.0,0.0,0.0,0.0
0.0,0.0,0.0,0.0,0.0,0.0
0.0,0.0,0.0,0.0,0.0,0.0
0.0,0.0,0.0,0.0,0.0,0.0
0.0,0.0,0.0,0.0,0.0,0.0
0.0,0.0,0.0,0.0,0.0,0.0
0.0,0.0,0.0,0.0,0.0,0.0
0.0,0.0,0.0,0.0,0.0,0.0
0.0,0.0,0.0,0.0,0.0,0.0
0.0,0.0,0.0,0.0,0.0,0.0
0.0,0.0,0.0,0.0,0.0,0.0
0.0,0.0,0.0,0.0,0.0,0.0
0.0,0.0,0.0,0.0,0.0,0.0
0.0,0.0,0.0,0.0,0.0,0.0
0.0,0.0,0.0,0.0,0.0,0.0
0.0,0.0,2000.0,0.0,0.0,0.0
2000.0,0.0,0.0,0.0,0.0,0.0
2000.0,0.0,0.0,0.0,0.0,0.0
1851.0014659954202,148.99853400457985,0.0,0.0,0.0,0.0
0.0,2000.0,0.0,0.0,0.0,0.0
0.0,2000.0,0.0,0.0,0.0,0.0
0.0,0.0,2000.0,0.0,0.0,0.0
0.0,0.0,0.0,0.0,0.0,0.0
0.0,0.0,0.0,297.86545708988336,1702.1345429101168,0.0
0.0,0.0,0.0,2000.0,0.0,0.0
0.0,0.0,0.0,0.0,2000.0,0.0
0.0,0.0,0.0,0.0,2000.0,0.0
0.0,0.0,0.0,0.0,2000.0,0.0
0.0,0.0,0.0,0.0,0.0,0.0
0.0,0.0,0.0,1095.1658325525254,0.0,0.0
0.0,0.0,0.0,0.0,0.0,0.0
0.0,0.0,0.0,0.0,0.0,0.0
0.0,0.0,72.92086417474108,0.0,0.0,0.0
0.0,0.0,815.3996006965112,0.0,1184.6003993034888,0.0
0.0,0.0,267.1208138902022,0.0,0.0,0.0
0.0,0.0,386.38829017222184,0.0,0.0,0.0
0.0,0.0,0.0,0.0,0.0,0.0
145.66397878979848,0.0,0.0,0.0,0.0,0.0
0.0,0.0,0.0,0.0,0.0,0.0
0.0,0.0,0.0,0.0,0.0,0.0
0.0,0.0,0.0,0.0,0.0,0.0
0.0,0.0,0.0,0.0,0.0,0.0
169.75219615958508,0.0,0.0,0.0,0.0,0.0
0.0,0.0,0.0,0.0,0.0,0.0
0.0,0.0,0.0,0.0,0.0,0.0
0.0,0.0,0.0,0.0,0.0,0.0
0.0,0.0,0.0,0.0,0.0,0.0
0.0,0.0,0.0,0.0,0.0,0.0
0.0,0.0,0.0,0.0,0.0,0.0
0.0,0.0,0.0,0.0,0.0,0.0
0.0,0.0,0.0,0.0,0.0,0.0
0.0,0.0,0.0,0.0,0.0,0.0
0.0,0.0,0.0,0.0,0.0,0.0
0.0,0.0,0.0,0.0,0.0,0.0
0.0,0.0,0.0,0.0,0.0,0.0
0.0,0.0,0.0,0.0,0.0,0.0
0.0,0.0,0.0,0.0,0.0,0.0
